source_csv_row,cas,smiles,input_canonical_smiles,pka_value,canonical_smiles,MW,logP,TPSA,HBA,HBD,rotatable_bonds,aromatic_rings,FractionCSP3,formal_charge,acid_type,acid_group_count,acid_center_aromatic_flag,local_heteroatom_count,local_halogen_count,nearest_heteroatom_distance,local_conjugation,local_formal_charge,error,polar,h_nbo_charge,o_nbo_charge,total_nbo_charge,dipole_moment_debye,homo_ev,lumo_ev,gap_ev,cv_fold,predicted_pka_value,residual_pka_value
2,64-19-7,O=C(O)C,CC(=O)O,4.645133333333334,CC(=O)O,60.052,0.0909,37.3,1,1,0,0,0.5,0,0,1,0,1,0,2,1,0,,40.72241066666667,0.52542,-0.71642,-0.0370999999999999,2.6374265790728657,-9.892971148778,0.981786772604,10.874757921382,3,3.0622079372406006,1.5829253960927332
3,76-05-1,O=C(O)C(F)(F)F,O=C(O)C(F)(F)F,0.52,O=C(O)C(F)(F)F,114.022,0.6333,37.3,1,1,0,0,0.5,0,0,1,0,1,0,2,1,0,,40.58092126666667,0.54605,-0.66939,0.0352299999999999,3.342517673850057,-10.766456608883,0.117553183416,10.884009792299,5,2.9189248085021973,-2.3989248085021972
4,56-40-6,O=C(O)CN,NCC(=O)O,9.746006666666666,NCC(=O)O,75.067,-0.9703,63.32,2,2,1,0,0.5,0,0,1,0,1,0,2,1,0,,52.254665,0.52843,-0.70543,-0.03314,3.2406695033588355,-8.673901098538,0.8835536725735,9.5574547711115,3,6.542747497558594,3.2032591691080725
5,72-19-5,O=C(O)C(N)C(O)C,CC(O)C(N)C(=O)O,9.03,CC(O)C(N)C(=O)O,119.12,-1.2209,83.55,3,3,2,0,0.75,0,0,1,0,1,0,2,1,0,,91.3708844,0.52908,-0.7059,-0.0104199999999999,6.214729505778993,-8.704377849794,0.9251870917,9.629564941494,5,9.164299011230469,-0.1342990112304694
6,65-85-0,O=C(O)C=1C=CC=CC1,O=C(O)c1ccccc1,4.093071428571428,O=C(O)c1ccccc1,122.123,1.3848,37.3,1,1,1,1,0.0,0,0,1,0,1,0,2,1,0,,122.8749855,0.52937,-0.70441,-0.0258399999999999,3.1747536093372664,-8.778937044831,-0.507764445033,8.271172599798,4,3.7491345405578613,0.3439368880135669
7,56-41-7,O=C(O)C(N)C,CC(N)C(=O)O,9.906,CC(N)C(=O)O,89.094,-0.5818,63.32,2,2,1,0,0.666667,0,0,1,0,1,0,2,1,0,,69.21648953333334,0.52749,-0.70997,-0.0396799999999999,2.659653428550419,-8.5987976758,0.9445071750855,9.5433048508855,1,9.448539733886719,0.45746026611328183
8,144-62-7,O=C(O)C(=O)O,O=C(O)C(=O)O,1.1902222222222223,O=C(O)C(=O)O,90.034,-0.8444,74.6,2,2,0,0,0.0,0,0,2,0,2,0,4,2,0,,47.6792748,0.53956,-0.6709,0.0,0.0,-9.894603831881,-0.8715806631515001,9.0230231687295,1,4.197203636169434,-3.0069814139472113
9,76-03-9,O=C(O)C(Cl)(Cl)Cl,O=C(O)C(Cl)(Cl)Cl,0.001,O=C(O)C(Cl)(Cl)Cl,163.387,1.4412,37.3,1,1,0,0,0.5,0,0,1,0,1,0,2,1,0,,84.13089346666666,0.54678,-0.67942,0.06037,2.7805786771821435,-10.3199177802125,-0.400007360235,9.9199104199775,1,3.323807716369629,-3.322807716369629
10,110-15-6,O=C(O)CCC(=O)O,O=C(O)CCC(=O)O,4.2738,O=C(O)CCC(=O)O,118.088,-0.0642,74.6,2,2,3,0,0.5,0,0,2,0,2,0,4,2,0,,79.25162693333333,0.52873,-0.70903,-0.0120249999999999,2.546000127651214,-9.6499734802815,0.8378385456895,10.487812025971,4,3.5524301528930664,0.7213698471069332
11,77-92-9,O=C(O)CC(O)(C(=O)O)CC(=O)O,O=C(O)CC(O)(CC(=O)O)C(=O)O,3.035,O=C(O)CC(O)(CC(=O)O)C(=O)O,192.123,-1.2485,132.13,4,4,5,0,0.5,0,0,3,0,3,0,6,3,0,,124.92726166666668,0.53817,-0.71945,0.01231,2.7321538920785557,-9.8524261850535,0.6386512071235001,10.491077392177,1,4.362206935882568,-1.3272069358825682
12,59-67-6,O=C(O)C=1C=NC=CC1,O=C(O)c1cccnc1,4.7725,O=C(O)c1cccnc1,123.111,0.7798,50.19,2,1,1,1,0.0,0,0,1,0,1,0,2,1,0,,112.9361622,0.53156,-0.70017,-0.0095199999999999,5.297242914951135,-9.109283259338,-0.6873595863630001,8.421923672975,2,4.486141204833984,0.2863587951660156
13,60-33-3,O=C(O)CCCCCCCC=CCC=CCCCCC,CCCCCC=CCC=CCCCCCCCC(=O)O,4.77,CCCCCC=CCC=CCCCCCCCC(=O)O,280.452,5.8845,37.3,1,1,14,0,0.722222,0,0,1,0,1,0,2,1,0,,307.59453933333333,0.52392,-0.71424,-0.0345699999999998,2.2814691516652155,-8.1141629080595,0.9488609966935,9.063023904753,4,4.769757270812988,0.00024272918701129242
14,87-69-4,O=C(O)C(O)C(O)C(=O)O,O=C(O)C(O)C(O)C(=O)O,2.6,O=C(O)C(O)C(O)C(=O)O,150.086,-2.1226,115.06,4,4,3,0,0.5,0,0,2,0,2,0,4,2,0,,91.53881196666669,0.53881,-0.71203,0.0064799999999999,3.4437690761722104,-9.881542367057,0.484906881591,10.366449248648,3,3.2169721126556396,-0.6169721126556396
15,6915-15-7,O=C(O)CC(O)C(=O)O,O=C(O)CC(O)C(=O)O,3.22725,O=C(O)CC(O)C(=O)O,134.087,-1.0934,94.83,3,3,3,0,0.5,0,0,2,0,2,0,4,2,0,,85.1149454,0.5305,-0.70474,-0.00461,2.57067549293955,-9.8083437412725,0.6005552680535,10.408899009326,5,3.5129289627075195,-0.28567896270751936
16,56-12-2,O=C(O)CCCN,NCCCC(=O)O,10.515175,NCCCC(=O)O,103.121,-0.1901,63.32,2,2,3,0,0.75,0,0,1,0,1,0,2,1,0,,84.9597165,0.52458,-0.71417,-0.0289099999999998,4.361577296116624,-8.411855460506501,0.986140594212,9.3979960547185,4,10.272639274597168,0.2425357254028313
17,79-14-1,O=C(O)CO,O=C(O)CO,3.995,O=C(O)CO,76.051,-0.9367,57.53,2,2,1,0,0.5,0,0,1,0,1,0,2,1,0,,46.06870263333334,0.5306,-0.70031,-0.0397899999999999,2.5240580460837267,-9.55119615255,0.918112131587,10.469308284137,2,5.623560428619385,-1.6285604286193847
18,60-00-4,O=C(O)CN(CC(=O)O)CCN(CC(=O)O)CC(=O)O,O=C(O)CN(CCN(CC(=O)O)CC(=O)O)CC(=O)O,2.6500000000000004,O=C(O)CN(CCN(CC(=O)O)CC(=O)O)CC(=O)O,292.244,-2.0712,155.68,6,4,11,0,0.6,0,0,4,0,4,0,8,4,0,,213.6056116666667,0.53095,-0.71375,-0.0218874999999999,4.503406872579914,-7.8932064614535,0.785320572543,8.678527033996499,2,4.965014934539795,-2.3150149345397946
19,60-32-2,O=C(O)CCCCCN,NCCCCCC(=O)O,10.808,NCCCCCC(=O)O,131.175,0.5901,63.32,2,2,5,0,0.833333,0,0,1,0,1,0,2,1,0,,117.66956733333336,0.52409,-0.71459,-0.0314299999999999,2.899317542112281,-8.2806965845655,0.9537590460025,9.234455630568,1,7.550446033477783,3.2575539665222166
20,99-96-7,O=C(O)C1=CC=C(O)C=C1,O=C(O)c1ccc(O)cc1,4.566666666666666,O=C(O)c1ccc(O)cc1,138.122,1.0904,57.53,2,2,1,1,0.0,0,0,1,0,1,0,2,1,0,,132.7737728,0.52797,-0.70874,-0.04441,2.589143597794452,-8.126408031332,-0.3066723095135,7.8197357218185,2,3.192075729370117,1.3745909372965492
21,99-50-3,O=C(O)C1=CC=C(O)C(O)=C1,O=C(O)c1ccc(O)c(O)c1,4.3755,O=C(O)c1ccc(O)c(O)c1,154.121,0.796,77.76,3,3,1,1,0.0,0,0,1,0,1,0,2,1,0,,139.90771886666667,0.52818,-0.70685,-0.03952,3.558718041654888,-7.802048321536,-0.3431355654805,7.4589127560555,2,2.982235908508301,1.393264091491699
22,1621-91-6,O=C(O)C1=NNC=C1,O=C(O)c1cc[nH]n1,3.74,O=C(O)c1cc[nH]n1,112.088,0.1079,65.98,2,2,1,1,0.0,0,0,1,0,1,0,2,1,0,,89.15997416666666,0.52943,-0.69653,-0.02972,4.969618903899976,-8.936763078121,-0.089253342964,8.847509735157,5,5.02433443069458,-1.2843344306945799
23,107-95-9,O=C(O)CCN,NCCC(=O)O,10.2552,NCCC(=O)O,89.094,-0.5802,63.32,2,2,2,0,0.666667,0,0,1,0,1,0,2,1,0,,69.65488336666667,0.52544,-0.71324,-0.0290699999999999,2.639467741799471,-8.529136530072,0.950221565946,9.479358096018,5,10.324014663696289,-0.06881466369628875
24,331-39-5,O=C(O)C=CC1=CC=C(O)C(O)=C1,O=C(O)C=Cc1ccc(O)c(O)c1,4.555,O=C(O)C=Cc1ccc(O)c(O)c1,180.159,1.1956,77.76,3,3,2,1,0.0,0,0,1,0,1,0,2,1,0,,193.42439766666664,0.52492,-0.71141,-0.0867399999999999,2.10554772921442,-7.408571693713,-0.880016192517,6.528555501196,2,2.886711597442627,1.6682884025573728
25,97-67-6,O=C(O)CC(O)C(=O)O,O=C(O)CC(O)C(=O)O,3.22725,O=C(O)CC(O)C(=O)O,134.087,-1.0934,94.83,3,3,3,0,0.5,0,0,2,0,2,0,4,2,0,,85.06147453333334,0.53269,-0.70369,-0.005565,4.727286745057888,-9.7582747927805,0.7861369140945,10.544411706875,4,3.2855281829833984,-0.05827818298339826
26,50-78-2,O=C(O)C=1C=CC=CC1OC(=O)C,CC(=O)Oc1ccccc1C(=O)O,3.38,CC(=O)Oc1ccccc1C(=O)O,180.159,1.3101,63.6,3,1,2,1,0.111111,0,0,1,0,1,0,2,1,0,,162.5380683333333,0.53042,-0.70164,-0.0014399999999999,3.818318269866984,-8.8085974545355,-0.5771534769105,8.231443977625,1,3.9957332611083984,-0.6157332611083985
27,556-50-3,O=C(O)CNC(=O)CN,NCC(=O)NCC(=O)O,8.231928571428572,NCC(=O)NCC(=O)O,132.119,-1.8541,92.42,3,3,3,0,0.5,0,0,1,0,1,0,2,1,0,,96.91974506666666,0.53015,-0.70755,-0.01143,6.207325418406868,-8.6888673603155,0.839199114942,9.5280664752575,1,7.486664295196533,0.7452642762320387
28,123-99-9,O=C(O)CCCCCCCC(=O)O,O=C(O)CCCCCCCC(=O)O,4.56,O=C(O)CCCCCCCC(=O)O,188.223,1.8863,74.6,2,2,8,0,0.777778,0,0,2,0,2,0,4,2,0,,161.12741666666668,0.52475,-0.71498,-0.0298449999999999,3.268735287538592,-9.64371486172,0.9657320554245,10.6094469171445,3,4.012185096740723,0.547814903259277
29,490-79-9,O=C(O)C1=CC(O)=CC=C1O,O=C(O)c1cc(O)ccc1O,2.9655,O=C(O)c1cc(O)ccc1O,154.121,0.796,77.76,3,3,1,1,0.0,0,0,1,0,1,0,2,1,0,,138.72973046666667,0.54269,-0.72334,-0.0191099999999999,1.6906803512195911,-7.546261302066,-0.5619151012825001,6.9843462007835,4,3.149531602859497,-0.18403160285949705
30,89-00-9,O=C(O)C1=NC=CC=C1C(=O)O,O=C(O)c1cccnc1C(=O)O,4.75,O=C(O)c1cccnc1C(=O)O,167.12,0.478,87.49,3,2,2,1,0.0,0,0,2,0,2,0,4,2,0,,137.82111076666666,0.5368,-0.69334,0.02222,2.735304955576252,-9.260034332515,-0.8051848836295,8.454849448885499,3,3.452422857284546,1.297577142715454
31,55-22-1,O=C(O)C=1C=CN=CC1,O=C(O)c1ccncc1,4.876666666666666,O=C(O)c1ccncc1,123.111,0.7798,50.19,2,1,1,1,0.0,0,0,1,0,1,0,2,1,0,,112.76743976666668,0.53319,-0.6951,0.00729,2.8886713935648687,-9.0371730889555,-0.938248556524,8.0989245324315,3,4.020963668823242,0.8557029978434239
32,124-04-9,O=C(O)CCCCC(=O)O,O=C(O)CCCCC(=O)O,4.386666666666667,O=C(O)CCCCC(=O)O,146.142,0.716,74.6,2,2,5,0,0.666667,0,0,2,0,2,0,4,2,0,,111.83259466666668,0.52527,-0.71493,-0.0267399999999999,5.211295290040663,-9.7038520226805,0.9162073346335,10.620059357314,2,4.444597244262695,-0.0579305775960286
33,338-69-2,O=C(O)C(N)C,CC(N)C(=O)O,9.906,CC(N)C(=O)O,89.094,-0.5818,63.32,2,2,1,0,0.666667,0,0,1,0,1,0,2,1,0,,69.09084123333334,0.52599,-0.71257,-0.03724,2.180287148519662,-8.830094448725001,0.9352553041685,9.7653497528935,2,9.363508224487305,0.5424917755126959
34,107-97-1,O=C(O)CNC,CNCC(=O)O,10.058333333333332,CNCC(=O)O,89.094,-0.7096,49.33,2,2,2,0,0.666667,0,0,1,0,1,0,2,1,0,,68.71157983333335,0.52741,-0.71057,-0.0236699999999999,3.477602247238749,-8.206681617229501,0.9608340061155,9.167515623345,4,7.115583896636963,2.942749436696369
35,149-91-7,O=C(O)C1=CC(O)=C(O)C(O)=C1,O=C(O)c1cc(O)c(O)c(O)c1,4.27,O=C(O)c1cc(O)c(O)c(O)c1,170.12,0.5016,97.99,4,4,1,1,0.0,0,0,1,0,1,0,2,1,0,,145.925735,0.5289,-0.70576,-0.0333299999999999,3.0252920520174573,-7.831980845091,-0.356469144155,7.475511700936001,1,4.139039516448975,0.13096048355102496
36,634-97-9,O=C(O)C1=CC=CN1,O=C(O)c1ccc[nH]1,4.475,O=C(O)c1ccc[nH]1,111.1,0.7129,53.09,1,2,1,1,0.0,0,0,1,0,1,0,2,1,0,,103.27105563333332,0.52734,-0.70614,-0.08067,1.98125827695432,-7.9547041916665,-0.03809593907,7.9166082525965,5,4.47922420501709,-0.004224205017090199
37,121-34-6,O=C(O)C1=CC=C(O)C(OC)=C1,COc1cc(C(=O)O)ccc1O,4.49,COc1cc(C(=O)O)ccc1O,168.148,1.099,66.76,3,2,2,1,0.125,0,0,1,0,1,0,2,1,0,,156.8445025,0.52788,-0.70774,-0.04233,1.6292289372583584,-7.7315708342565,-0.336332719218,7.3952381150385,3,4.200151443481445,0.2898485565185549
38,611-71-2,O=C(O)C(O)C=1C=CC=CC1,O=C(O)C(O)c1ccccc1,3.165,O=C(O)C(O)c1ccccc1,152.149,0.8046,57.53,2,2,2,1,0.125,0,0,1,0,1,0,2,1,0,,142.681626,0.53102,-0.70296,0.0029199999999999,5.048105499095676,-8.501108803470501,0.4209601267234999,8.922068930194001,4,3.210693120956421,-0.04569312095642086
39,100-09-4,O=C(O)C1=CC=C(OC)C=C1,COc1ccc(C(=O)O)cc1,4.2783750000000005,COc1ccc(C(=O)O)cc1,152.149,1.3934,46.53,2,1,2,1,0.125,0,0,1,0,1,0,2,1,0,,150.52139206666666,0.52774,-0.7086,-0.04536,3.30176698299562,-8.0107596448695,-0.306400195663,7.704359449206501,2,4.005970001220703,0.27240499877929736
40,99-10-5,O=C(O)C=1C=C(O)C=C(O)C1,O=C(O)c1cc(O)cc(O)c1,4.039,O=C(O)c1cc(O)cc(O)c1,154.121,0.796,77.76,3,3,1,1,0.0,0,0,1,0,1,0,2,1,0,,137.31474103333332,0.53046,-0.70139,-0.0150399999999998,2.8388656061885,-7.8986487384635,-0.5515747749635,7.3470739635,3,3.2769017219543457,0.762098278045654
41,98-98-6,O=C(O)C1=NC=CC=C1,O=C(O)c1ccccn1,5.4,O=C(O)c1ccccn1,123.111,0.7798,50.19,2,1,1,1,0.0,0,0,1,0,1,0,2,1,0,,113.26828023333331,0.53188,-0.70029,-0.0163699999999999,6.377203043654797,-9.1198956995075,-0.7491294304264999,8.370766269081,4,4.844378471374512,0.5556215286254886
42,86-87-3,O=C(O)CC1=CC=CC=2C=CC=CC21,O=C(O)Cc1cccc2ccccc12,4.23,O=C(O)Cc1cccc2ccccc12,186.21,2.4669,37.3,1,1,2,2,0.083333,0,0,1,0,1,0,2,1,0,,216.37776166666663,0.52836,-0.70449,-0.0073499999999998,2.561056820923737,-7.4594569837565,-0.2506168563105,7.208840127446,4,4.323673725128174,-0.0936737251281734
43,6089-09-4,O=C(O)CCC#C,C#CCCC(=O)O,4.2,C#CCCC(=O)O,98.101,0.4844,37.3,1,1,2,0,0.4,0,0,1,0,1,0,2,1,0,,82.15960986666666,0.52823,-0.70973,-0.01851,2.978393879257745,-9.316634013419,0.7964772404135,10.1131112538325,3,4.014589309692383,0.18541069030761737
44,24065-33-6,O=C(O)C=1SC(Cl)=CC1,O=C(O)c1ccc(Cl)s1,3.3150000000000004,O=C(O)c1ccc(Cl)s1,162.597,2.0997,37.3,2,1,1,1,0.0,0,0,1,0,1,0,2,1,0,,129.20312466666667,0.53414,-0.7042,-0.03424,0.8751234770019599,-8.4107670051045,-0.8851863556765001,7.525580649428,1,3.0702474117279053,0.24475258827209512
45,530-57-4,O=C(O)C1=CC(OC)=C(O)C(OC)=C1,COc1cc(C(=O)O)cc(OC)c1O,4.34,COc1cc(C(=O)O)cc(OC)c1O,198.174,1.1076,75.99,4,2,3,1,0.222222,0,0,1,0,1,0,2,1,0,,180.8500873333333,0.52874,-0.70736,-0.0378,0.7898850169486695,-7.628983912618,-0.359734510361,7.269249402257,5,4.447198867797852,-0.1071988677978517
46,619-66-9,O=CC1=CC=C(C=C1)C(=O)O,O=Cc1ccc(C(=O)O)cc1,3.76,O=Cc1ccc(C(=O)O)cc1,150.133,1.1973,54.37,2,1,2,1,0.0,0,0,1,0,1,0,2,1,0,,148.47409596666665,0.53174,-0.69855,-0.0066699999999999,2.10993301789417,-9.0028867437925,-1.447101456959,7.555785286833499,4,3.8787693977355957,-0.11876939773559592
47,150-25-4,O=C(O)CN(CCO)CCO,O=C(O)CN(CCO)CCO,8.237566666666666,O=C(O)CN(CCO)CCO,163.173,-1.6424,81.0,4,3,6,0,0.833333,0,0,1,0,1,0,2,1,0,,128.23927166666667,0.52724,-0.71263,-0.0197899999999998,2.698989657260657,-7.704087335355999,0.926819774803,8.630907110158999,1,8.718700408935547,-0.48113374226888084
48,93-07-2,O=C(O)C1=CC=C(OC)C(OC)=C1,COc1ccc(C(=O)O)cc1OC,4.395,COc1ccc(C(=O)O)cc1OC,182.175,1.402,55.76,3,1,3,1,0.222222,0,0,1,0,1,0,2,1,0,,174.993258,0.52771,-0.70792,-0.04266,3.490459572892945,-7.621092610953499,-0.3251760513475,7.295916559605999,1,3.6901142597198486,0.7048857402801509
49,93-10-7,O=C(O)C=1N=C2C=CC=CC2=CC1,O=C(O)c1ccc2ccccc2n1,4.864,O=C(O)c1ccc2ccccc2n1,173.171,1.933,50.19,2,1,1,2,0.0,0,0,1,0,1,0,2,1,0,,194.88338320000005,0.53261,-0.6983,-0.0117599999999999,6.265262565128456,-8.088856319963002,-1.1507694737645,6.938086846198502,4,4.633979797363281,0.23002020263671863
50,99-94-5,O=C(O)C1=CC=C(C=C1)C,Cc1ccc(C(=O)O)cc1,4.383333333333334,Cc1ccc(C(=O)O)cc1,136.15,1.69322,37.3,1,1,1,1,0.125,0,0,1,0,1,0,2,1,0,,142.85516456666667,0.52845,-0.70673,-0.0354799999999999,3.856975237151517,-8.479883923131501,-0.4231370375275,8.056746885604001,5,3.4751381874084473,0.9081951459248865
51,74-11-3,O=C(O)C1=CC=C(Cl)C=C1,O=C(O)c1ccc(Cl)cc1,3.988,O=C(O)c1ccc(Cl)cc1,156.568,2.0382,37.3,1,1,1,1,0.0,0,0,1,0,1,0,2,1,0,,138.57066833333334,0.53057,-0.7023,-0.01789,2.269491178656573,-8.670091504631001,-0.650352102695,8.019739401936,5,3.4172282218933105,0.5707717781066894
52,62-57-7,O=C(O)C(N)(C)C,CC(C)(N)C(=O)O,10.2125,CC(C)(N)C(=O)O,103.121,-0.1917,63.32,2,2,1,0,0.75,0,0,1,0,1,0,2,1,0,,86.62481943333334,0.52319,-0.71358,-0.02924,2.343936872016821,-8.83281558723,0.9270918886535,9.7599074758835,5,9.062896728515625,1.1496032714843754
53,586-76-5,O=C(O)C1=CC=C(Br)C=C1,O=C(O)c1ccc(Br)cc1,3.963,O=C(O)c1ccc(Br)cc1,201.019,2.1473,37.3,1,1,1,1,0.0,0,0,1,0,1,0,2,1,0,,148.8233551,0.53072,-0.70188,-0.01638,2.26992756932903,-8.565055558337999,-0.6827336509045,7.882321907433499,3,2.78409481048584,1.1789051895141602
54,104-01-8,O=C(O)CC1=CC=C(OC)C=C1,COc1ccc(CC(=O)O)cc1,4.07,COc1ccc(CC(=O)O)cc1,166.176,1.3223,46.53,2,1,3,1,0.222222,0,0,1,0,1,0,2,1,0,,160.535461,0.52695,-0.71121,-0.01129,1.7662194257792545,-7.650753020658001,0.6250455145985,8.2757985352565,5,4.558999538421631,-0.4889995384216306
55,501-52-0,O=C(O)CCC=1C=CC=CC1,O=C(O)CCc1ccccc1,4.688,O=C(O)CCc1ccccc1,150.177,1.7038,37.3,1,1,3,1,0.222222,0,0,1,0,1,0,2,1,0,,152.84496566666667,0.52493,-0.71283,-0.02478,2.7326879697470035,-8.240695848542,0.6941624326255,8.9348582811675,5,4.455042362213135,0.23295763778686496
56,50-84-0,O=C(O)C1=CC=C(Cl)C=C1Cl,O=C(O)c1ccc(Cl)cc1Cl,2.73,O=C(O)c1ccc(Cl)cc1Cl,191.013,2.6916,37.3,1,1,1,1,0.0,0,0,1,0,1,0,2,1,0,,153.7651928,0.53133,-0.69827,0.01634,4.006774509502625,-8.7084595575515,-0.631848360861,8.0766111966905,5,2.6662685871124268,0.06373141288757322
57,581-96-4,O=C(O)CC=1C=CC=2C=CC=CC2C1,O=C(O)Cc1ccc2ccccc2c1,4.3,O=C(O)Cc1ccc2ccccc2c1,186.21,2.4669,37.3,1,1,2,2,0.083333,0,0,1,0,1,0,2,1,0,,217.2361646666667,0.52719,-0.70866,-0.0075099999999999,2.5495047519077114,-7.465987716168501,-0.1863979875925,7.279589728576001,2,5.155158996582031,-0.8551589965820314
58,111-16-0,O=C(O)CCCCCC(=O)O,O=C(O)CCCCCC(=O)O,4.484999999999999,O=C(O)CCCCCC(=O)O,160.169,1.1061,74.6,2,2,6,0,0.714286,0,0,2,0,2,0,4,2,0,,128.18390133333335,0.52567,-0.71569,-0.031005,5.424100031341605,-9.6962328348665,0.8974314789490001,10.5936643138155,2,4.470088005065918,0.014911994934081463
59,771-50-6,O=C(O)C1=CNC=2C=CC=CC21,O=C(O)c1c[nH]c2ccccc12,3.87,O=C(O)c1c[nH]c2ccccc12,161.16,1.8661,53.09,1,2,1,2,0.0,0,0,1,0,1,0,2,1,0,,172.9135008333333,0.52451,-0.71782,-0.0802099999999998,6.843967716171665,-7.563676588498,-0.033742117462,7.529934471035999,3,6.5849714279174805,-2.7149714279174804
60,879-65-2,O=C(O)C1=NC2=CC=CC=C2N=C1,O=C(O)c1cnc2ccccc2n1,2.811666666666666,O=C(O)c1cnc2ccccc2n1,174.159,1.328,63.08,3,1,1,2,0.0,0,0,1,0,1,0,2,1,0,,188.4700159,0.53273,-0.68611,0.00189,3.78983768253998,-8.471448393766,-1.5589402495145,6.9125081442515,5,4.0068230628967285,-1.1951563962300624
61,594-61-6,O=C(O)C(O)(C)C,CC(C)(O)C(=O)O,3.784,CC(C)(O)C(=O)O,104.105,-0.1581,57.53,2,2,1,0,0.75,0,0,1,0,1,0,2,1,0,,79.9087568,0.52974,-0.70406,-0.01817,3.7469367835606726,-9.691062671707,0.9309014825605,10.6219641542675,1,6.841639995574951,-3.0576399955749514
62,1492-24-6,O=C(O)C(N)CC,CCC(N)C(=O)O,9.708666666666668,CCC(N)C(=O)O,103.121,-0.1917,63.32,2,2,2,0,0.75,0,0,1,0,1,0,2,1,0,,85.56263630000001,0.52737,-0.71069,-0.0377600000000001,2.6253821607529826,-8.5397489702415,0.9314457102615,9.471194680503,1,10.185379981994629,-0.47671331532796124
63,118-91-2,O=C(O)C=1C=CC=CC1Cl,O=C(O)c1ccccc1Cl,3.063333333333333,O=C(O)c1ccccc1Cl,156.568,2.0382,37.3,1,1,1,1,0.0,0,0,1,0,1,0,2,1,0,,137.50951813333333,0.53055,-0.68891,0.01549,3.12037943365867,-8.595532309594,-0.392388172421,8.203144137173,4,3.806495428085327,-0.7431620947519941
64,306-08-1,O=C(O)CC1=CC=C(O)C(OC)=C1,COc1cc(CC(=O)O)ccc1O,4.41,COc1cc(CC(=O)O)ccc1O,182.175,1.0279,66.76,3,2,3,1,0.222222,0,0,1,0,1,0,2,1,0,,167.003448,0.52769,-0.70731,-0.01012,2.1148087975039256,-7.4170072230785,0.775524473925,8.1925316970035,4,4.12583065032959,0.2841693496704103
65,89-86-1,O=C(O)C1=CC=C(O)C=C1O,O=C(O)c1ccc(O)cc1O,3.20875,O=C(O)c1ccc(O)cc1O,154.121,0.796,77.76,3,3,1,1,0.0,0,0,1,0,1,0,2,1,0,,141.51117933333333,0.53105,-0.69648,-0.0423999999999999,1.8131871718054924,-8.008310620215001,-0.331434669909,7.676875950306001,1,3.5891780853271484,-0.3804280853271482
66,7254-19-5,O=C(O)C1=CC=2C=C(Br)C=CC2N1,O=C(O)c1cc2cc(Br)ccc2[nH]1,16.1,O=C(O)c1cc2cc(Br)ccc2[nH]1,240.056,2.6286,53.09,1,2,1,2,0.0,0,0,1,0,1,0,2,1,0,,205.3433173333333,0.53272,-0.70344,-0.0378999999999999,5.599228207530034,-7.631705051122999,-0.6876317002135001,6.944073350909499,4,3.331582546234131,12.76841745376587
67,556-33-2,O=C(O)CNC(=O)CNC(=O)CN,NCC(=O)NCC(=O)NCC(=O)O,8.11,NCC(=O)NCC(=O)NCC(=O)O,189.171,-2.7379,121.52,4,4,5,0,0.5,0,0,1,0,1,0,2,1,0,,142.12272,0.53144,-0.69962,-0.01,8.904292067312257,-8.682608741753999,0.753211138184,9.435819879937998,3,5.751339912414551,2.3586600875854487
68,10349-57-2,O=C(O)C1=CC=C2N=CC=CC2=C1,O=C(O)c1ccc2ncccc2c1,4.82,O=C(O)c1ccc2ncccc2c1,173.171,1.933,50.19,2,1,1,2,0.0,0,0,1,0,1,0,2,1,0,,194.9498118,0.53014,-0.70361,-0.02066,5.716004164624095,-8.190082672349002,-0.9847800249595,7.205302647389502,2,5.278185844421387,-0.45818584442138643
69,302-72-7,O=C(O)C(N)C,CC(N)C(=O)O,9.906,CC(N)C(=O)O,89.094,-0.5818,63.32,2,2,1,0,0.666667,0,0,1,0,1,0,2,1,0,,69.35739863333333,0.52806,-0.70849,-0.0223599999999999,3.697615216595691,-8.6513156489465,0.9592013230125,9.610516971959,2,9.363508224487305,0.5424917755126959
70,1118-68-9,O=C(O)CN(C)C,CN(C)CC(=O)O,9.848,CN(C)CC(=O)O,103.121,-0.3674,40.54,2,1,2,0,0.75,0,0,1,0,1,0,2,1,0,,86.56492263333332,0.52748,-0.70355,-0.0210800000000001,2.2988281645220896,-7.962051265630001,0.928452457906,8.890503723536002,2,6.2501444816589355,3.597855518341065
71,617-62-9,O=C(O)CCC(C(=O)O)C,CC(CCC(=O)O)C(=O)O,4.36,CC(CCC(=O)O)C(=O)O,146.142,0.5719,74.6,2,2,4,0,0.666667,0,0,2,0,2,0,4,2,0,,112.524899,0.52645,-0.71361,-0.016045,0.2766009942136868,-9.630109169195,0.880016192517,10.510125361712,2,4.486702919006348,-0.12670291900634734
72,636-61-3,O=C(O)CC(O)C(=O)O,O=C(O)CC(O)C(=O)O,3.22725,O=C(O)CC(O)C(=O)O,134.087,-1.0934,94.83,3,3,3,0,0.5,0,0,2,0,2,0,4,2,0,,84.83032436666666,0.53282,-0.70419,-0.0074549999999999,2.2143739544169136,-9.514732896583,0.6555222658545,10.1702551624375,4,3.2855281829833984,-0.05827818298339826
73,632-20-2,O=C(O)C(N)C(O)C,CC(O)C(N)C(=O)O,9.03,CC(O)C(N)C(=O)O,119.12,-1.2209,83.55,3,3,2,0,0.75,0,0,1,0,1,0,2,1,0,,91.39487606666668,0.52716,-0.70258,-0.0067599999999999,6.174699906878067,-8.7187998838705,0.8791998509655,9.597999734836,5,9.164299011230469,-0.1342990112304694
74,110-94-1,O=C(O)CCCC(=O)O,O=C(O)CCCC(=O)O,4.25,O=C(O)CCCC(=O)O,132.115,0.3259,74.6,2,2,4,0,0.6,0,0,2,0,2,0,4,2,0,,95.3499241,0.52622,-0.71477,-0.022805,5.160912894052757,-9.7680708913985,0.8783835094140001,10.6464544008125,2,3.862147808074951,0.38785219192504883
75,98-89-5,O=C(O)C1CCCCC1,O=C(O)C1CCCCC1,4.895,O=C(O)C1CCCCC1,128.171,1.6513,37.3,1,1,1,0,0.857143,0,0,1,0,1,0,2,1,0,,119.04065933333334,0.52363,-0.70794,-0.0190799999999999,2.6143427567937607,-9.5239847675,0.956208070657,10.480192838157,1,4.0698747634887695,0.82512523651123
76,88-14-2,O=C(O)C=1OC=CC1,O=C(O)c1ccco1,3.153,O=C(O)c1ccco1,112.084,0.9778,50.44,2,1,1,1,0.0,0,0,1,0,1,0,2,1,0,,93.3026399,0.53131,-0.69723,-0.0563300000000001,3.152959871295542,-8.434440910098001,-0.4364706162019999,7.997970293896001,3,4.0749030113220215,-0.9219030113220215
77,499-83-2,O=C(O)C=1N=C(C=CC1)C(=O)O,O=C(O)c1cccc(C(=O)O)n1,4.6,O=C(O)c1cccc(C(=O)O)n1,167.12,0.478,87.49,3,2,2,1,0.0,0,0,2,0,2,0,4,2,0,,139.05263346666666,0.53363,-0.69642,-0.003085,5.727532080224431,-9.373777922024,-0.90341798366,8.470359938364,1,3.340071678161621,1.2599283218383786
78,93-09-4,O=C(O)C=1C=CC=2C=CC=CC2C1,O=C(O)c1ccc2ccccc2c1,4.343666666666667,O=C(O)c1ccc2ccccc2c1,172.183,2.538,37.3,1,1,1,2,0.0,0,0,1,0,1,0,2,1,0,,206.5316283333333,0.52927,-0.70536,-0.0279199999999999,3.8352152716633774,-7.6662635101365,-0.7913070772540001,6.8749564328825,2,4.9564619064331055,-0.6127952397664389
79,552-16-9,O=C(O)C=1C=CC=CC1N(=O)=O,O=C(O)c1ccccc1[N+](=O)[O-],2.1083333333333334,O=C(O)c1ccccc1[N+](=O)[O-],167.12,1.293,80.44,3,1,2,1,0.0,0,0,1,0,1,0,2,1,0,,147.94078246666666,0.53365,-0.68859,0.0317299999999999,8.422178892661922,-9.2200335964915,-1.7777197853165,7.442313811175,1,3.3803939819335938,-1.2720606486002604
80,446-08-2,O=C(O)C1=CC(F)=CC=C1N,Nc1ccc(F)cc1C(=O)O,4.82,Nc1ccc(F)cc1C(=O)O,155.128,1.1061,63.32,2,2,1,1,0.0,0,0,1,0,1,0,2,1,0,,140.70312143333334,0.5281,-0.70995,-0.0570399999999998,2.6019194107427697,-7.304079975121,-0.502322168023,6.801757807097999,1,4.337339878082275,0.4826601219177249
81,127-17-3,O=C(O)C(=O)C,CC(=O)C(=O)O,2.365,CC(=O)C(=O)O,88.062,-0.34,54.37,2,1,1,0,0.333333,0,0,1,0,1,0,2,1,0,,58.4844319,0.53644,-0.6808,-0.01844,1.9247076167563737,-9.3174503549705,-1.0843736942425,8.233076660728,2,4.6166605949401855,-2.2516605949401853
82,541-48-0,O=C(O)CC(N)C,CC(N)CC(=O)O,10.19,CC(N)CC(=O)O,103.121,-0.1917,63.32,2,2,2,0,0.75,0,0,1,0,1,0,2,1,0,,86.27175679999999,0.52444,-0.70977,-0.02238,3.9173568716674256,-8.535667262484,0.945323516637,9.480990779121,5,9.928926467895508,0.2610735321044917
83,456-22-4,O=C(O)C1=CC=C(F)C=C1,O=C(O)c1ccc(F)cc1,3.907428571428572,O=C(O)c1ccc(F)cc1,140.113,1.5239,37.3,1,1,1,1,0.0,0,0,1,0,1,0,2,1,0,,120.9190008,0.52998,-0.70403,-0.02375,2.247547607949607,-8.7813860694855,-0.4759271245245,8.305458944961,4,3.6974611282348633,0.20996744319370864
84,56-69-9,O=C(O)C(N)CC1=CNC=2C=CC(O)=CC21,NC(Cc1c[nH]c2ccc(O)cc12)C(=O)O,17.95,NC(Cc1c[nH]c2ccc(O)cc12)C(=O)O,220.228,0.8279,99.34,3,4,3,2,0.181818,0,0,1,0,1,0,2,1,0,,220.13406066666667,0.52731,-0.70454,-0.03722,3.4840913506967635,-7.0142787243385,0.464226228953,7.4785049532915,1,13.099064826965332,4.850935173034667
85,97-61-0,O=C(O)C(C)CCC,CCCC(C)C(=O)O,4.782,CCCC(C)C(=O)O,116.16,1.5072,37.3,1,1,3,0,0.833333,0,0,1,0,1,0,2,1,0,,106.79544066666666,0.52368,-0.70919,-0.0256199999999999,2.5771192036846107,-9.736777798591,1.023692305581,10.760470104172,3,4.894891262054443,-0.11289126205444333
86,492-37-5,O=C(O)C(C=1C=CC=CC1)C,CC(C(=O)O)c1ccccc1,4.3,CC(C(=O)O)c1ccccc1,150.177,1.8747,37.3,1,1,2,1,0.222222,0,0,1,0,1,0,2,1,0,,154.15270966666665,0.5279,-0.70955,-0.0040999999999999,2.700506139596798,-8.378385456895,0.4808251738335,8.8592106307285,1,4.26516580581665,0.03483419418334943
87,2612-02-4,O=C(O)C1=CC(OC)=CC=C1O,COc1ccc(O)c(C(=O)O)c1,2.94,COc1ccc(O)c(C(=O)O)c1,168.148,1.099,66.76,3,2,2,1,0.125,0,0,1,0,1,0,2,1,0,,155.89088790000002,0.53314,-0.69108,-0.01508,3.756602876269995,-7.4447628358295,-0.5885822586315,6.856180577198,3,4.200151443481445,-1.2601514434814454
88,99-06-9,O=C(O)C=1C=CC=C(O)C1,O=C(O)c1cccc(O)c1,4.19,O=C(O)c1cccc(O)c1,138.122,1.0904,57.53,2,2,1,1,0.0,0,0,1,0,1,0,2,1,0,,130.20335939999998,0.52998,-0.70354,-0.02104,3.0676065588663746,-8.0581074548565,-0.5396017655415,7.518505689315001,2,3.192075729370117,0.9979242706298832
89,4350-09-8,O=C(O)C(N)CC1=CNC=2C=CC(O)=CC21,NC(Cc1c[nH]c2ccc(O)cc12)C(=O)O,17.95,NC(Cc1c[nH]c2ccc(O)cc12)C(=O)O,220.228,0.8279,99.34,3,4,3,2,0.181818,0,0,1,0,1,0,2,1,0,,221.01562966666668,0.52747,-0.70934,-0.0367099999999999,2.5353600809352503,-6.966386686650501,0.46259354585,7.428980232500501,5,13.805768013000488,4.144231986999511
90,116-53-0,O=C(O)C(C)CC,CCC(C)C(=O)O,4.761,CCC(C)C(=O)O,102.133,1.1171,37.3,1,1,2,0,0.8,0,0,1,0,1,0,2,1,0,,90.00017883333334,0.52549,-0.70689,-0.0254499999999999,2.643886279702665,-9.669293563667,0.949677338245,10.618970901912,5,5.171245098114014,-0.41024509811401355
91,577-56-0,O=C(O)C=1C=CC=CC1C(=O)C,CC(=O)c1ccccc1C(=O)O,4.123,CC(=O)c1ccccc1C(=O)O,164.16,1.5874,54.37,2,1,2,1,0.111111,0,0,1,0,1,0,2,1,0,,160.02495466666667,0.53469,-0.69622,0.00336,3.3024456240792217,-8.833359814931,-0.6759308046420001,8.157429010289,3,3.73909854888916,0.38390145111084006
92,619-04-5,O=C(O)C1=CC=C(C(=C1)C)C,Cc1ccc(C(=O)O)cc1C,4.5,Cc1ccc(C(=O)O)cc1C,150.177,2.00164,37.3,1,1,1,1,0.222222,0,0,1,0,1,0,2,1,0,,161.24257826666664,0.52805,-0.70736,-0.0376599999999999,4.5040626383299776,-8.252396744113499,-0.3834084153545,7.868988328758999,1,3.9790258407592773,0.5209741592407227
93,97-65-4,O=C(O)C(=C)CC(=O)O,C=C(CC(=O)O)C(=O)O,3.6545,C=C(CC(=O)O)C(=O)O,130.099,0.1019,74.6,2,2,3,0,0.2,0,0,2,0,2,0,4,2,0,,98.2162665,0.53043,-0.70731,-0.017795,5.455181842981955,-9.3647981649575,-0.432661022295,8.932137142662501,5,4.2117180824279785,-0.5572180824279784
94,536-66-3,O=C(O)C1=CC=C(C=C1)C(C)C,CC(C)c1ccc(C(=O)O)cc1,4.36,CC(C)c1ccc(C(=O)O)cc1,164.204,2.5082,37.3,1,1,2,1,0.3,0,0,1,0,1,0,2,1,0,,177.60035133333335,0.52842,-0.70639,-0.0349199999999999,3.910911415514291,-8.480700264683,-0.4193274436205,8.0613728210625,1,3.954468250274658,0.4055317497253421
95,83-40-9,O=C(O)C1=CC=CC(=C1O)C,Cc1cccc(C(=O)O)c1O,2.971,Cc1cccc(C(=O)O)c1O,152.149,1.39882,57.53,2,2,1,1,0.125,0,0,1,0,1,0,2,1,0,,149.61818223333333,0.52549,-0.6953,-0.0342599999999999,6.005851744756942,-7.9372889052345,-0.4073544341985,7.529934471036,1,3.371655225753784,-0.4006552257537841
96,1466-76-8,O=C(O)C=1C(OC)=CC=CC1OC,COc1cccc(OC)c1C(=O)O,3.44,COc1cccc(OC)c1C(=O)O,182.175,1.402,55.76,3,1,3,1,0.222222,0,0,1,0,1,0,2,1,0,,168.84492833333334,0.52713,-0.69683,0.01774,5.279775128734178,-7.805857915443,0.1357848113995,7.9416427268425,4,4.348153114318848,-0.9081531143188477
97,17199-29-0,O=C(O)C(O)C=1C=CC=CC1,O=C(O)C(O)c1ccccc1,3.165,O=C(O)C(O)c1ccccc1,152.149,0.8046,57.53,2,2,2,1,0.125,0,0,1,0,1,0,2,1,0,,142.21253233333331,0.53137,-0.69509,-0.01316,1.6353753758694056,-8.5702257214975,0.3795988214475,8.949824542945,3,3.8424618244171143,-0.6774618244171142
98,1878-66-6,O=C(O)CC1=CC=C(Cl)C=C1,O=C(O)Cc1ccc(Cl)cc1,3.899,O=C(O)Cc1ccc(Cl)cc1,170.595,1.9671,37.3,1,1,2,1,0.125,0,0,1,0,1,0,2,1,0,,151.19908566666666,0.52765,-0.70903,-0.00533,2.905849242476285,-8.2638255258345,0.292250275437,8.5560758012715,2,3.727511405944824,0.1714885940551758
99,635-21-2,O=C(O)C1=CC(Cl)=CC=C1N,Nc1ccc(Cl)cc1C(=O)O,4.35,Nc1ccc(Cl)cc1C(=O)O,171.583,1.6204,63.32,2,2,1,1,0.0,0,0,1,0,1,0,2,1,0,,157.65772046666666,0.52847,-0.70985,-0.0558299999999999,2.890361425496818,-7.295916559606001,-0.4927981832555,6.8031183763505005,1,4.348123550415039,0.0018764495849605822
100,20776-50-5,O=C(O)C1=CC=C(Br)C=C1N,Nc1cc(Br)ccc1C(=O)O,4.37,Nc1cc(Br)ccc1C(=O)O,216.034,1.7295,63.32,2,2,1,1,0.0,0,0,1,0,1,0,2,1,0,,170.56378196666665,0.53368,-0.71744,-0.0528699999999998,5.182099398892306,-7.472518448580501,-0.487628020096,6.9848904284845,4,4.336119174957275,0.033880825042724716
101,104-03-0,O=C(O)CC1=CC=C(C=C1)N(=O)=O,O=C(O)Cc1ccc([N+](=O)[O-])cc1,3.7142,O=C(O)Cc1ccc([N+](=O)[O-])cc1,181.147,1.2219,80.44,3,1,3,1,0.125,0,0,1,0,1,0,2,1,0,,166.813496,0.52874,-0.70664,0.0035399999999999,6.532570768847438,-8.967784057078001,-1.7777197853165,7.190064271761501,5,3.6104729175567627,0.10372708244323725
102,96-97-9,O=C(O)C1=CC(=CC=C1O)N(=O)=O,O=C(O)c1cc([N+](=O)[O-])ccc1O,2.18,O=C(O)c1cc([N+](=O)[O-])ccc1O,183.119,0.9986,100.67,4,2,2,1,0.0,0,0,1,0,1,0,2,1,0,,164.53166066666665,0.54707,-0.71942,0.00734,8.558511410286254,-8.596348651145501,-1.7243854706185,6.8719631805270005,4,2.051241636276245,0.12875836372375504
103,527-72-0,O=C(O)C=1SC=CC1,O=C(O)c1cccs1,3.5125,O=C(O)c1cccs1,128.152,1.4463,37.3,2,1,1,1,0.0,0,0,1,0,1,0,2,1,0,,113.06598513333336,0.53014,-0.70043,-0.04852,4.115078999241692,-8.5443749057,-0.7099450359545,7.8344298697455,1,3.6552798748016357,-0.14277987480163556
104,34592-47-7,O=C(O)C1NCSC1,O=C(O)C1CSCN1,6.08,O=C(O)C1CSCN1,133.172,-0.2665,49.33,3,2,1,0,0.75,0,0,1,0,1,0,2,1,0,,107.46796916666666,0.53281,-0.70376,0.00761,2.5957750692230634,-7.751979373044,0.7442313811175,8.4962107541615,5,6.335713863372803,-0.25571386337280266
105,16694-18-1,O=C(O)C=1SC=C(Br)C1,O=C(O)c1cc(Br)cs1,3.11,O=C(O)c1cc(Br)cs1,207.048,2.2088,37.3,2,1,1,1,0.0,0,0,1,0,1,0,2,1,0,,135.9718533,0.5326,-0.69492,-0.02718,1.6977878548275696,-8.400970906486501,-0.8857305833775001,7.515240323109001,5,3.3764889240264893,-0.2664889240264894
106,94-75-7,O=C(O)COC1=CC=C(Cl)C=C1Cl,O=C(O)COc1ccc(Cl)cc1Cl,2.9130000000000003,O=C(O)COc1ccc(Cl)cc1Cl,221.039,2.4568,46.53,2,1,3,1,0.125,0,0,1,0,1,0,2,1,0,,171.67618833333336,0.53293,-0.69023,-9.9999999999989e-05,2.0195987423248214,-7.927220692766001,0.2277592928685,8.154979985634501,2,4.401022911071777,-1.488022911071777
107,79-09-4,O=C(O)CC,CCC(=O)O,4.7335,CCC(=O)O,74.079,0.481,37.3,1,1,1,0,0.666667,0,0,1,0,1,0,2,1,0,,56.87539253333333,0.52574,-0.71381,-0.03188,2.730793741753485,-9.7490229218635,0.9047785529125,10.653801474776,5,4.948071002960205,-0.21457100296020482
108,4839-46-7,O=C(O)CC(C)(C)CC(=O)O,CC(C)(CC(=O)O)CC(=O)O,3.79,CC(C)(CC(=O)O)CC(=O)O,160.169,0.962,74.6,2,2,4,0,0.714286,0,0,2,0,2,0,4,2,0,,130.90125,0.52551,-0.70863,-0.0155349999999999,3.5805607019013097,-9.66548396976,0.8601518814305,10.5256358511905,5,5.021550178527832,-1.231550178527832
109,111-20-6,O=C(O)CCCCCCCCC(=O)O,O=C(O)CCCCCCCCC(=O)O,4.49,O=C(O)CCCCCCCCC(=O)O,202.25,2.2764,74.6,2,2,9,0,0.8,0,0,2,0,2,0,4,2,0,,177.57371533333333,0.52539,-0.7162,-0.0309049999999999,3.774614345863694,-9.574597943693,0.917023676185,10.491621619878,3,4.047060489654541,0.4429395103454592
110,50-30-6,O=C(O)C=1C(Cl)=CC=CC1Cl,O=C(O)c1c(Cl)cccc1Cl,1.707,O=C(O)c1c(Cl)cccc1Cl,191.013,2.6916,37.3,1,1,1,1,0.0,0,0,1,0,1,0,2,1,0,,150.48271266666666,0.53466,-0.68417,0.0577,4.160506279288615,-8.649955079694,0.082178382851,8.732133462544999,1,3.1075756549835205,-1.4005756549835204
111,535-80-8,O=C(O)C=1C=CC=C(Cl)C1,O=C(O)c1cccc(Cl)c1,3.8295,O=C(O)c1cccc(Cl)c1,156.568,2.0382,37.3,1,1,1,1,0.0,0,0,1,0,1,0,2,1,0,,137.17541343333332,0.53137,-0.70093,-0.0105199999999999,0.7952307841123859,-8.6028793835575,-0.671576983034,7.9313024005235,2,3.2045061588287354,0.6249938411712646
112,89-77-0,O=C(O)C1=CC=C(Cl)C=C1N,Nc1cc(Cl)ccc1C(=O)O,4.44,Nc1cc(Cl)ccc1C(=O)O,171.583,1.6204,63.32,2,2,1,1,0.0,0,0,1,0,1,0,2,1,0,,159.71965696666666,0.52778,-0.71067,-0.0609099999999999,1.1393226979218838,-7.467892513122001,-0.4606887488965,7.007203764225501,4,4.316774368286133,0.12322563171386758
113,394-31-0,O=C(O)C1=CC(O)=CC=C1N,Nc1ccc(O)cc1C(=O)O,5.37,Nc1ccc(O)cc1C(=O)O,153.137,0.6726,83.55,3,3,1,1,0.0,0,0,1,0,1,0,2,1,0,,150.5593754666667,0.53251,-0.71674,-0.0570199999999999,4.014696836624156,-6.988972136242,-0.414157280461,6.574814855781001,1,3.7356390953063965,1.6343609046936036
114,91-40-7,O=C(O)C=1C=CC=CC1NC=2C=CC=CC2,O=C(O)c1ccccc1Nc1ccccc1,3.925,O=C(O)c1ccccc1Nc1ccccc1,213.236,3.1284,49.33,2,2,3,2,0.0,0,0,1,0,1,0,2,1,0,,247.14694866666665,0.52759,-0.70659,-0.0155199999999999,3.3480873121828827,-7.0205373429,-0.365176787371,6.655360555529,3,8.643301963806152,-4.7183019638061525
115,2835-81-6,O=C(O)C(N)CC,CCC(N)C(=O)O,9.708666666666668,CCC(N)C(=O)O,103.121,-0.1917,63.32,2,2,2,0,0.75,0,0,1,0,1,0,2,1,0,,85.87670633333333,0.52697,-0.70037,-0.02165,2.5322778579768848,-8.6600232921625,0.94695619974,9.6069794919025,2,10.096464157104492,-0.3877974904378245
116,2941-78-8,O=C(O)C1=CC(=CC=C1N)C,Cc1ccc(N)c(C(=O)O)c1,5.13,Cc1ccc(N)c(C(=O)O)c1,151.165,1.27542,63.32,2,2,1,1,0.125,0,0,1,0,1,0,2,1,0,,162.40279056666668,0.53158,-0.7199,-0.0661299999999999,4.800239050297392,-7.135369387811,-0.314019383477,6.8213500043340005,2,4.964938163757324,0.16506183624267567
117,7311-63-9,O=C(O)C=1SC(Br)=CC1,O=C(O)c1ccc(Br)s1,3.245,O=C(O)c1ccc(Br)s1,207.048,2.2088,37.3,2,1,1,1,0.0,0,0,1,0,1,0,2,1,0,,138.50679106666666,0.53225,-0.69672,-0.03585,4.209661061178204,-8.354983665752,-0.9156631069325,7.4393205588195,3,3.094930410385132,0.15006958961486827
118,65-86-1,O=C1C=C(NC(=O)N1)C(=O)O,O=C(O)c1cc(=O)[nH]c(=O)[nH]1,1.935,O=C(O)c1cc(=O)[nH]c(=O)[nH]1,156.097,-1.2386,103.02,3,3,1,1,0.0,0,0,1,0,1,0,2,1,0,,118.99324376666664,0.5409,-0.67576,0.04695,5.927998465755536,-8.8428837996985,-1.3186637195230002,7.5242200801755,1,5.993160724639893,-4.058160724639892
119,122-59-8,O=C(O)COC=1C=CC=CC1,O=C(O)COc1ccccc1,3.090666666666667,O=C(O)COc1ccccc1,152.149,1.15,46.53,2,1,3,1,0.125,0,0,1,0,1,0,2,1,0,,141.65804433333332,0.53232,-0.69493,-0.02054,1.2008219060293663,-7.904907357024999,0.617698440635,8.522605797659999,3,3.903909683227539,-0.8132430165608722
120,585-76-2,O=C(O)C=1C=CC=C(Br)C1,O=C(O)c1cccc(Br)c1,3.813,O=C(O)c1cccc(Br)c1,201.019,2.1473,37.3,1,1,1,1,0.0,0,0,1,0,1,0,2,1,0,,146.99218556666668,0.5313,-0.70013,-0.01036,4.526704160865828,-8.511177015939,-0.6811009678015,7.830076048137499,2,3.3202106952667236,0.49278930473327653
121,92-70-6,O=C(O)C1=CC=2C=CC=CC2C=C1O,O=C(O)c1cc2ccccc2cc1O,2.75,O=C(O)c1cc2ccccc2cc1O,188.182,2.2436,57.53,2,2,1,2,0.0,0,0,1,0,1,0,2,1,0,,217.11219800000003,0.53312,-0.69079,-0.0110799999999999,4.440525444133836,-7.371019982344,-0.9363437595705,6.434676222773501,2,4.807760715484619,-2.057760715484619
122,79-43-6,O=C(O)C(Cl)Cl,O=C(O)C(Cl)Cl,1.3250000000000002,O=C(O)C(Cl)Cl,128.942,0.8747,37.3,1,1,1,0,0.5,0,0,1,0,1,0,2,1,0,,68.8972663,0.54051,-0.68683,0.0306899999999999,1.2161348691654228,-10.123723694002,-0.1265329404825,9.9971907535195,3,3.1275551319122314,-1.8025551319122313
123,328-42-7,O=C(O)C(=O)CC(=O)O,O=C(O)CC(=O)C(=O)O,2.22,O=C(O)CC(=O)C(=O)O,132.071,-0.8852,91.67,3,2,3,0,0.25,0,0,2,0,2,0,4,2,0,,80.7420279,0.54048,-0.69485,0.0091649999999999,7.468269513079988,-9.752016174219,-1.2264171242035,8.525599050015499,5,4.309995174407959,-2.089995174407959
124,444-27-9,O=C(O)C1NCSC1,O=C(O)C1CSCN1,6.08,O=C(O)C1CSCN1,133.172,-0.2665,49.33,3,2,1,0,0.75,0,0,1,0,1,0,2,1,0,,107.3891968,0.53031,-0.70105,0.00951,2.2813284046800453,-7.742999615977501,0.7834157755895,8.526415391567001,4,6.054444789886475,0.02555521011352546
125,1918-77-0,O=C(O)CC=1SC=CC1,O=C(O)Cc1cccs1,3.89,O=C(O)Cc1cccs1,142.179,1.3752,37.3,2,1,2,1,0.166667,0,0,1,0,1,0,2,1,0,,125.38978446666664,0.52948,-0.70342,-0.00035,3.0892065162432893,-8.024093223544,0.4889885893485,8.5130818128925,4,4.391381740570068,-0.5013817405700682
126,4294-95-5,O=C(O)C1=CC=C(OC)C=C1N,COc1ccc(C(=O)O)c(N)c1,4.88,COc1ccc(C(=O)O)c(N)c1,167.164,0.9756,72.55,3,2,2,1,0.125,0,0,1,0,1,0,2,1,0,,169.80638216666668,0.52562,-0.71674,-0.0841199999999999,3.4367120187760856,-7.373196893147999,-0.1564654640375,7.216731429110499,1,4.003780841827393,0.8762191581726073
127,77-95-2,O=C(O)C1(O)CC(O)C(O)C(O)C1,O=C(O)C1(O)CC(O)C(O)C(O)C1,3.54,O=C(O)C1(O)CC(O)C(O)C(O)C1,192.167,-2.3214,118.22,5,5,1,0,0.857143,0,0,1,0,1,0,2,1,0,,140.40516133333333,0.53108,-0.69492,-0.00263,4.0592795136575655,-9.0720036618195,0.8753902570584999,9.947393918878,2,7.592563629150391,-4.052563629150391
128,321-14-2,O=C(O)C1=CC(Cl)=CC=C1O,O=C(O)c1cc(Cl)ccc1O,2.695,O=C(O)c1cc(Cl)ccc1O,172.567,1.7438,57.53,2,2,1,1,0.0,0,0,1,0,1,0,2,1,0,,145.5367148,0.52974,-0.70995,-0.02071,3.3660935845576248,-8.0183788326835,-0.627494539253,7.390884293430499,1,3.313250780105591,-0.618250780105591
129,446-32-2,O=C(O)C1=CC=C(F)C=C1N,Nc1cc(F)ccc1C(=O)O,4.6,Nc1cc(F)ccc1C(=O)O,155.128,1.1061,63.32,2,2,1,1,0.0,0,0,1,0,1,0,2,1,0,,141.65192866666666,0.53306,-0.71935,-0.06082,5.094082224503252,-7.470885765477501,-0.2800051521645,7.190880613313001,3,4.242861747741699,0.3571382522583004
130,490-11-9,O=C(O)C=1C=NC=CC1C(=O)O,O=C(O)c1ccncc1C(=O)O,2.95,O=C(O)c1ccncc1C(=O)O,167.12,0.478,87.49,3,2,2,1,0.0,0,0,2,0,2,0,4,2,0,,138.2235019,0.53641,-0.69405,0.029645,3.77106299337468,-9.270918886535,-0.9227380670455,8.3481808194895,4,3.5572762489318848,-0.6072762489318846
131,121-92-6,O=C(O)C1=CC=CC(=C1)N(=O)=O,O=C(O)c1cccc([N+](=O)[O-])c1,3.293333333333333,O=C(O)c1cccc([N+](=O)[O-])c1,167.12,1.293,80.44,3,1,2,1,0.0,0,0,1,0,1,0,2,1,0,,149.55030553333333,0.53281,-0.69756,0.0005199999999999,8.09320844782834,-9.2864293760135,-1.838945401679,7.447483974334501,3,3.06754994392395,0.2257833894093828
132,147-71-7,O=C(O)C(O)C(O)C(=O)O,O=C(O)C(O)C(O)C(=O)O,2.6,O=C(O)C(O)C(O)C(=O)O,150.086,-2.1226,115.06,4,4,3,0,0.5,0,0,2,0,2,0,4,2,0,,91.06871826666666,0.53553,-0.70518,0.0089699999999999,7.644602007299007,-9.7022193395775,0.6459982810870001,10.3482176206645,5,2.6222565174102783,-0.02225651741027823
133,505-48-6,O=C(O)CCCCCCC(=O)O,O=C(O)CCCCCCC(=O)O,4.53,O=C(O)CCCCCCC(=O)O,174.196,1.4962,74.6,2,2,7,0,0.75,0,0,2,0,2,0,4,2,0,,144.45071033333332,0.52545,-0.71603,-0.03153,5.197742097295709,-9.646980227926,0.8938939988925,10.5408742268185,5,4.9052348136901855,-0.3752348136901853
134,660-88-8,O=C(O)CCCCN,NCCCCC(=O)O,10.6572,NCCCCC(=O)O,117.148,0.2,63.32,2,2,4,0,0.8,0,0,1,0,1,0,2,1,0,,101.35352576666666,0.52533,-0.71641,-0.03241,2.73658408604596,-8.308724311167,0.9140304238295,9.2227547349965,2,8.912771224975586,1.7444287750244136
135,2305-36-4,O=C(O)C1=CC=C(C=C1N)C,Cc1ccc(C(=O)O)c(N)c1,5.07,Cc1ccc(C(=O)O)c(N)c1,151.165,1.27542,63.32,2,2,1,1,0.125,0,0,1,0,1,0,2,1,0,,163.182411,0.52554,-0.71554,-0.0810299999999999,2.852648581581685,-7.2706099715095,-0.2163305111475,7.054279460362,5,4.844669342041016,0.22533065795898466
136,499-81-0,O=C(O)C1=CN=CC(=C1)C(=O)O,O=C(O)c1cncc(C(=O)O)c1,2.72,O=C(O)c1cncc(C(=O)O)c1,167.12,0.478,87.49,3,2,2,1,0.0,0,0,2,0,2,0,4,2,0,,138.77138423333335,0.53351,-0.69707,0.00437,5.6455,-9.3805807682865,-0.9798819756505,8.400698792636,5,3.315727949142456,-0.5957279491424559
137,645-08-9,O=C(O)C1=CC=C(OC)C(O)=C1,COc1ccc(C(=O)O)cc1O,4.47,COc1ccc(C(=O)O)cc1O,168.148,1.099,66.76,3,2,2,1,0.125,0,0,1,0,1,0,2,1,0,,157.61752199999998,0.52831,-0.70822,-0.04069,1.716707922157989,-7.6907537566815,-0.3317067837594999,7.359046972922,4,3.7548553943634033,0.7151446056365964
138,637-44-5,O=C(O)C#CC=1C=CC=CC1,O=C(O)C#Cc1ccccc1,2.23,O=C(O)C#Cc1ccccc1,146.145,1.1227,37.3,1,1,0,1,0.0,0,0,1,0,1,0,2,1,0,,167.33364806666668,0.53267,-0.68601,-0.02463,4.316926742487067,-8.3949844017755,-0.978521406398,7.4164629953775005,3,3.7797484397888184,-1.5497484397888184
139,138-41-0,O=C(O)C1=CC=C(C=C1)S(=O)(=O)N,NS(=O)(=O)c1ccc(C(=O)O)cc1,3.47,NS(=O)(=O)c1ccc(C(=O)O)cc1,201.203,0.0322,97.46,3,2,2,1,0.0,0,0,1,0,1,0,2,1,0,,169.743888,0.53249,-0.6974,-0.0003199999999999,7.850633789701312,-9.1781280635145,-1.07212857097,8.1059994925445,2,5.421442031860352,-1.9514420318603514
140,2019-34-3,O=C(O)CCC1=CC=C(Cl)C=C1,O=C(O)CCc1ccc(Cl)cc1,4.66,O=C(O)CCc1ccc(Cl)cc1,184.622,2.3572,37.3,1,1,3,1,0.222222,0,0,1,0,1,0,2,1,0,,168.31852466666666,0.52654,-0.71377,-0.0208199999999999,2.951383839828361,-8.1544357579335,0.513750949744,8.668186707677501,4,4.035826683044434,0.6241733169555665
141,609-99-4,O=C(O)C=1C=C(C=C(C1O)N(=O)=O)N(=O)=O,O=C(O)c1cc([N+](=O)[O-])cc([N+](=O)[O-])c1O,0.7,O=C(O)c1cc([N+](=O)[O-])cc([N+](=O)[O-])c1O,228.116,0.9068,143.81,6,2,3,1,0.0,0,0,1,0,1,0,2,1,0,,191.72427666666667,0.53289,-0.68322,0.0268699999999999,5.1454519587690255,-9.058125855444,-2.17146852699,6.8866573284540005,1,4.685187339782715,-3.9851873397827147
142,600-18-0,O=C(O)C(=O)CC,CCC(=O)C(=O)O,2.5,CCC(=O)C(=O)O,102.089,0.0501,54.37,2,1,2,0,0.5,0,0,1,0,1,0,2,1,0,,74.75401613333334,0.537,-0.68207,-0.0184299999999999,6.34059875248387,-9.452690938669,-1.052536373734,8.400154564935,3,3.9880106449127197,-1.4880106449127197
143,28954-12-3,O=C(O)C(N)C(O)C,CC(O)C(N)C(=O)O,9.03,CC(O)C(N)C(=O)O,119.12,-1.2209,83.55,3,3,2,0,0.75,0,0,1,0,1,0,2,1,0,,91.32221163333332,0.52836,-0.70986,-0.01044,5.088045037143441,-8.6578463813585,0.817974234603,9.4758206159615,3,9.20376968383789,-0.17376968383789126
144,121-91-5,O=C(O)C1=CC=CC(=C1)C(=O)O,O=C(O)c1cccc(C(=O)O)c1,3.7,O=C(O)c1cccc(C(=O)O)c1,166.132,1.083,74.6,2,2,2,1,0.0,0,0,2,0,2,0,4,2,0,,149.42000456666668,0.53144,-0.70109,-0.0118299999999998,1.8476000027062132,-9.0714594341185,-0.832124154829,8.2393352792895,3,2.970484733581543,0.7295152664184572
145,3235-69-6,O=C(O)CN1CCOCC1,O=C(O)CN1CCOCC1,7.53,O=C(O)CN1CCOCC1,145.158,-0.5968,49.77,3,1,2,0,0.833333,0,0,1,0,1,0,2,1,0,,117.01563866666667,0.52779,-0.70031,-0.02294,3.757833198799542,-7.5666698408535,0.9276361163545,8.494305957208,3,5.851348400115967,1.6786515998840335
146,103-01-5,O=C(O)CNC=1C=CC=CC1,O=C(O)CNc1ccccc1,4.39,O=C(O)CNc1ccccc1,151.165,1.1831,49.33,2,2,3,1,0.125,0,0,1,0,1,0,2,1,0,,153.05749496666667,0.53308,-0.70385,-0.0060099999999999,2.3238433811253287,-7.1568663820005005,0.752122682782,7.9089890647825,2,4.583950519561768,-0.1939505195617679
147,455-38-9,O=C(O)C=1C=CC=C(F)C1,O=C(O)c1cccc(F)c1,3.626714285714286,O=C(O)c1cccc(F)c1,140.113,1.5239,37.3,1,1,1,1,0.0,0,0,1,0,1,0,2,1,0,,120.82449113333332,0.53112,-0.70053,-0.0125599999999999,4.42784301663914,-8.722881591628001,-0.6489915334425,8.073890058185501,5,3.4751381874084473,0.1515760983058385
148,1877-73-2,O=C(O)CC=1C=CC=C(C1)N(=O)=O,O=C(O)Cc1cccc([N+](=O)[O-])c1,3.97,O=C(O)Cc1cccc([N+](=O)[O-])c1,181.147,1.2219,80.44,3,1,3,1,0.125,0,0,1,0,1,0,2,1,0,,164.86349800000002,0.52941,-0.70346,0.0002900000000001,4.923448954747069,-8.8216589193595,-1.764930434343,7.0567284850165,2,3.330411672592163,0.6395883274078371
149,105-43-1,O=C(O)CC(C)CC,CCC(C)CC(=O)O,4.766,CCC(C)CC(=O)O,116.16,1.5072,37.3,1,1,3,0,0.833333,0,0,1,0,1,0,2,1,0,,106.90005066666669,0.52523,-0.71672,-0.0273499999999999,2.854714060987545,-9.6597695788995,0.948588882843,10.6083584617425,2,4.7212748527526855,0.04472514724731447
150,118-90-1,O=C(O)C=1C=CC=CC1C,Cc1ccccc1C(=O)O,3.914,Cc1ccccc1C(=O)O,136.15,1.69322,37.3,1,1,1,1,0.125,0,0,1,0,1,0,2,1,0,,141.69548656666666,0.52795,-0.69672,-0.0194499999999999,3.3290533519305456,-8.4379783901545,-0.3289856452545,8.1089927449,1,3.9987921714782715,-0.08479217147827134
151,622-47-9,O=C(O)CC1=CC=C(C=C1)C,Cc1ccc(CC(=O)O)cc1,4.07025,Cc1ccc(CC(=O)O)cc1,150.177,1.62212,37.3,1,1,2,1,0.222222,0,0,1,0,1,0,2,1,0,,155.05296,0.52686,-0.71039,-0.0106999999999999,2.7878049949736443,-8.0455902177335,0.4976962325645,8.543286450298,5,4.455042362213135,-0.38479236221313506
152,98-73-7,O=C(O)C1=CC=C(C=C1)C(C)(C)C,CC(C)(C)c1ccc(C(=O)O)cc1,4.382,CC(C)(C)c1ccc(C(=O)O)cc1,178.231,2.6823,37.3,1,1,1,1,0.363636,0,0,1,0,1,0,2,1,0,,195.37081533333333,0.52834,-0.7066,-0.0345399999999999,3.9128560323630617,-8.4749858738225,-0.422864923677,8.0521209501455,4,3.5267887115478516,0.8552112884521481
153,1929-29-9,O=C(O)CCC1=CC=C(OC)C=C1,COc1ccc(CCC(=O)O)cc1,4.71,COc1ccc(CCC(=O)O)cc1,180.203,1.7124,46.53,2,1,4,1,0.3,0,0,1,0,1,0,2,1,0,,177.66805466666668,0.52591,-0.71402,-0.0239899999999999,1.8906618338560703,-7.557690083787,0.7589255290445001,8.3166156128315,5,4.4468607902526855,0.2631392097473144
154,5794-88-7,O=C(O)C1=CC(Br)=CC=C1N,Nc1ccc(Br)cc1C(=O)O,4.41,Nc1ccc(Br)cc1C(=O)O,216.034,1.7295,63.32,2,2,1,1,0.0,0,0,1,0,1,0,2,1,0,,168.07494816666667,0.52843,-0.70996,-0.0557200000000001,2.949920337907449,-7.277684931622501,-0.4917097278535,6.785975203769,3,3.878582239151001,0.5314177608489992
155,492-86-4,O=C(O)C(O)C1=CC=C(Cl)C=C1,O=C(O)C(O)c1ccc(Cl)cc1,3.15,O=C(O)C(O)c1ccc(Cl)cc1,186.594,1.458,57.53,2,2,2,1,0.125,0,0,1,0,1,0,2,1,0,,157.16553333333334,0.53267,-0.69657,-0.00891,2.8634000384158687,-8.443148553314,0.2293919759715,8.6725405292855,4,3.2869601249694824,-0.1369601249694825
156,122-88-3,O=C(O)COC1=CC=C(Cl)C=C1,O=C(O)COc1ccc(Cl)cc1,3.009,O=C(O)COc1ccc(Cl)cc1,186.594,1.8034,46.53,2,1,3,1,0.125,0,0,1,0,1,0,2,1,0,,155.90370733333336,0.53277,-0.69404,-0.0182299999999999,1.5340472678506356,-7.8453144237655,0.4171505328165,8.262464956582,1,3.36557936668396,-0.35657936668396006
157,304-55-2,O=C(O)C(S)C(S)C(=O)O,O=C(O)C(S)C(S)C(=O)O,2.71,O=C(O)C(S)C(S)C(=O)O,182.222,-0.2476,74.6,4,4,3,0,0.5,0,0,2,0,2,0,4,2,0,,132.324921,0.53696,-0.70261,0.00479,2.0857120654587007,-8.72941232404,0.2707532812475,9.000165605287501,3,2.861867666244507,-0.15186766624450687
158,586-38-9,O=C(O)C=1C=CC=C(OC)C1,COc1cccc(C(=O)O)c1,3.8745,COc1cccc(C(=O)O)c1,152.149,1.3934,46.53,2,1,2,1,0.125,0,0,1,0,1,0,2,1,0,,147.3419151,0.52956,-0.70287,-0.0221099999999999,1.0836493251970398,-7.962595493330999,-0.5352479439335001,7.427347549397499,4,3.9304749965667725,-0.05597499656677263
159,6705-03-9,O=C(O)C1=CC(OC)=CC=C1N,COc1ccc(N)c(C(=O)O)c1,5.57,COc1ccc(N)c(C(=O)O)c1,167.164,0.9756,72.55,3,2,2,1,0.125,0,0,1,0,1,0,2,1,0,,167.81430419999998,0.53199,-0.71758,-0.0615,3.6148167837388394,-6.956862701883,-0.390211261617,6.566651440266,2,3.654346227645874,1.9156537723541263
160,4442-54-0,O=C(O)C1=CC=C2OCCOC2=C1,O=C(O)c1ccc2c(c1)OCCO2,4.35,O=C(O)c1ccc2c(c1)OCCO2,180.159,1.156,55.76,3,1,1,1,0.222222,0,0,1,0,1,0,2,1,0,,168.43365453333334,0.5286,-0.70736,-0.03702,5.722613924597744,-7.779734985795,-0.374428658288,7.405306327507,1,3.3351285457611084,1.0148714542388912
161,625-45-6,O=C(O)COC,COCC(=O)O,3.513333333333333,COCC(=O)O,90.078,-0.2826,46.53,2,1,2,0,0.666667,0,0,1,0,1,0,2,1,0,,61.52008143333333,0.53032,-0.69523,-0.0204999999999999,2.438199247395503,-9.2641160402725,0.9787935202485,10.242909560521,2,6.340674877166748,-2.827341543833415
162,2623-91-8,O=C(O)C(N)CC,CCC(N)C(=O)O,9.708666666666668,CCC(N)C(=O)O,103.121,-0.1917,63.32,2,2,2,0,0.75,0,0,1,0,1,0,2,1,0,,85.51062016666667,0.52664,-0.71242,-0.02195,4.020411508788621,-8.6181177591855,0.8639614753375,9.482079234523,5,9.928926467895508,-0.22025980122884015
163,2345-34-8,O=C(O)C1=CC=C(OC(=O)C)C=C1,CC(=O)Oc1ccc(C(=O)O)cc1,3.92,CC(=O)Oc1ccc(C(=O)O)cc1,180.159,1.3101,63.6,3,1,2,1,0.111111,0,0,1,0,1,0,2,1,0,,162.20348466666667,0.53006,-0.70259,-0.0202700000000001,4.449977219042812,-8.880707624918,-0.5616429874319999,8.319064637486,5,3.850522994995117,0.06947700500488274
164,53293-00-8,O=C(O)CCCC#C,C#CCCCC(=O)O,4.59,C#CCCCC(=O)O,112.128,0.8745,37.3,1,1,3,0,0.5,0,0,1,0,1,0,2,1,0,,98.27167036666668,0.52513,-0.71304,-0.02516,3.2734620831773813,-9.239897907578,0.938248556524,10.178146464102,4,2.639319658279419,1.950680341720581
165,303-07-1,O=C(O)C=1C(O)=CC=CC1O,O=C(O)c1c(O)cccc1O,1.0605,O=C(O)c1c(O)cccc1O,154.121,0.796,77.76,3,3,1,1,0.0,0,0,1,0,1,0,2,1,0,,140.04696220000002,0.54084,-0.73104,-0.0178,2.537073010380269,-7.78789840131,-0.3779661383445,7.4099322629655004,5,3.8475534915924072,-2.787053491592407
166,86-55-5,O=C(O)C1=CC=CC=2C=CC=CC21,O=C(O)c1cccc2ccccc12,3.80925,O=C(O)c1cccc2ccccc12,172.183,2.538,37.3,1,1,1,2,0.0,0,0,1,0,1,0,2,1,0,,203.05278466666667,0.52773,-0.70551,-0.0187399999999999,3.0849596221020463,-7.6912979843825,-0.7817830924865,6.909514891896,3,5.028275966644287,-1.219025966644287
167,85-38-1,O=C(O)C1=CC=CC(=C1O)N(=O)=O,O=C(O)c1cccc([N+](=O)[O-])c1O,2.085,O=C(O)c1cccc([N+](=O)[O-])c1O,183.119,0.9986,100.67,4,2,2,1,0.0,0,0,1,0,1,0,2,1,0,,160.1679513,0.54806,-0.72042,0.00795,5.739949210576692,-8.535123034783,-1.6699627005185,6.8651603342645,3,2.8046929836273193,-0.7196929836273194
168,142-62-1,O=C(O)CCCCC,CCCCCC(=O)O,4.8,CCCCCC(=O)O,116.16,1.6513,37.3,1,1,4,0,0.833333,0,0,1,0,1,0,2,1,0,,105.9901628,0.52411,-0.71473,-0.03111,2.4528559680503053,-9.7778669900165,0.9668205108265,10.744687500843,5,5.14592981338501,-0.34592981338500994
169,111-14-8,O=C(O)CCCCCC,CCCCCCC(=O)O,4.8,CCCCCCC(=O)O,130.187,2.0414,37.3,1,1,5,0,0.857143,0,0,1,0,1,0,2,1,0,,122.517633,0.52407,-0.71456,-0.03122,2.545522537712051,-9.753104629621,0.964371486172,10.717476115793,1,5.068445205688477,-0.26844520568847674
170,619-84-1,O=C(O)C1=CC=C(C=C1)N(C)C,CN(C)c1ccc(C(=O)O)cc1,5.03,CN(C)c1ccc(C(=O)O)cc1,165.192,1.4508,40.54,2,1,2,1,0.222222,0,0,1,0,1,0,2,1,0,,189.013248,0.52517,-0.71566,-0.07599,6.973380198296949,-7.008020105777,-0.1727922950675,6.8352278107095,2,5.26262903213501,-0.23262903213500952
171,405-50-5,O=C(O)CC1=CC=C(F)C=C1,O=C(O)Cc1ccc(F)cc1,3.9325,O=C(O)Cc1ccc(F)cc1,154.14,1.4528,37.3,1,1,2,1,0.125,0,0,1,0,1,0,2,1,0,,134.05028693333335,0.52751,-0.7101,-0.0071499999999998,2.6817982288009663,-8.322330003692,0.456062813438,8.778392817130001,5,3.7303175926208496,0.2021824073791505
172,109-52-4,O=C(O)CCCC,CCCCC(=O)O,4.8,CCCCC(=O)O,102.133,1.2612,37.3,1,1,3,0,0.8,0,0,1,0,1,0,2,1,0,,89.96268926666669,0.52494,-0.71549,-0.0292,2.7833229941923734,-9.701947225727,0.9864127080625,10.6883599337895,2,4.597972869873047,0.20202713012695295
173,1918-79-2,O=C(O)C=1SC(=CC1)C,Cc1ccc(C(=O)O)s1,3.73,Cc1ccc(C(=O)O)s1,142.179,1.75472,37.3,2,1,1,1,0.166667,0,0,1,0,1,0,2,1,0,,133.66105853333332,0.52915,-0.70297,-0.0610399999999999,4.626470026921173,-8.203688364874,-0.6506242165455001,7.553064148328501,4,4.387098789215088,-0.6570987892150879
174,480-63-7,O=C(O)C=1C(=CC(=CC1C)C)C,Cc1cc(C)c(C(=O)O)c(C)c1,3.498,Cc1cc(C)c(C(=O)O)c(C)c1,164.204,2.31006,37.3,1,1,1,1,0.3,0,0,1,0,1,0,2,1,0,,177.01684166666666,0.52623,-0.70092,0.00046,2.9505635597288866,-8.170490475113,0.0819062690005,8.2523967441135,3,3.7348849773406982,-0.23688497734069802
175,874-61-3,O=C(O)C1CCC(=O)CC1,O=C1CCC(C(=O)O)CC1,4.38,O=C1CCC(C(=O)O)CC1,142.154,0.8303,54.37,2,1,1,0,0.714286,0,0,1,0,1,0,2,1,0,,119.488822,0.52522,-0.70438,-0.0068799999999999,5.699078844866072,-8.815400300798,0.400007360235,9.215407661033,3,3.822561264038086,0.557438735961914
176,500-05-0,O=C1OC=C(C=C1)C(=O)O,O=C(O)c1ccc(=O)oc1,3.26,O=C(O)c1ccc(=O)oc1,140.094,0.338,67.51,3,1,1,1,0.0,0,0,1,0,1,0,2,1,0,,116.52513816666668,0.5333,-0.70102,-0.0035999999999999,5.262881661219451,-8.584375641723499,-0.8536211490185001,7.730754492704999,5,3.753988265991211,-0.49398826599121115
177,6317-37-9,O=C(O)C=1SC(=CC1)N(=O)=O,O=C(O)c1ccc([N+](=O)[O-])s1,2.68,O=C(O)c1ccc([N+](=O)[O-])s1,173.149,1.3545,80.44,4,1,2,1,0.0,0,0,1,0,1,0,2,1,0,,145.21877916666665,0.53854,-0.69609,0.0052499999999999,4.404525546525981,-9.225203759651,-2.3409954558515,6.8842083037995,1,2.8178017139434814,-0.13780171394348129
178,619-21-6,O=CC1=CC=CC(=C1)C(=O)O,O=Cc1cccc(C(=O)O)c1,3.84,O=Cc1cccc(C(=O)O)c1,150.133,1.1973,54.37,2,1,2,1,0.0,0,0,1,0,1,0,2,1,0,,147.07602543333334,0.53115,-0.70059,-0.0118199999999999,5.024855011838651,-9.063568132454,-1.109680282339,7.953887850115,1,3.391852378845215,0.448147621154785
179,331-25-9,O=C(O)CC=1C=CC=C(F)C1,O=C(O)Cc1cccc(F)c1,3.8535,O=C(O)Cc1cccc(F)c1,154.14,1.4528,37.3,1,1,2,1,0.125,0,0,1,0,1,0,2,1,0,,134.47769356666666,0.52861,-0.70664,-0.00317,3.668283203352762,-8.420835217573,0.4879001339465,8.9087353515195,2,4.004804611206055,-0.15130461120605476
180,75-98-9,O=C(O)C(C)(C)C,CC(C)(C)C(=O)O,5.1555,CC(C)(C)C(=O)O,102.133,1.1171,37.3,1,1,0,0,0.8,0,0,1,0,1,0,2,1,0,,91.18885066666668,0.52486,-0.71696,-0.0153600000000001,2.6810929599698703,-9.620313070577,0.9934876681755,10.613800738752502,2,3.6623687744140625,1.4931312255859375
181,68-11-1,O=C(O)CS,O=C(O)CS,3.557,O=C(O)CS,92.119,0.0008,37.3,2,2,1,0,0.5,0,0,1,0,1,0,2,1,0,,64.53635026666667,0.52921,-0.70385,-0.0264699999999999,1.5911116711280826,-8.58247084477,0.4209601267234999,9.0034309714935,3,4.181771278381348,-0.6247712783813477
182,107-92-6,O=C(O)CCC,CCCC(=O)O,4.8175,CCCC(=O)O,88.106,0.8711,37.3,1,1,2,0,0.75,0,0,1,0,1,0,2,1,0,,73.4820329,0.52471,-0.7141,-0.0294999999999999,2.721436460768467,-9.741131620199,1.011175068458,10.752306688657,2,4.507380962371826,0.3101190376281737
183,24830-94-2,O=C(O)C(N)C(O)C,CC(O)C(N)C(=O)O,9.03,CC(O)C(N)C(=O)O,119.12,-1.2209,83.55,3,3,2,0,0.75,0,0,1,0,1,0,2,1,0,,91.51880383333332,0.52572,-0.70239,-0.0268699999999999,1.2025217960602623,-8.795808103562,0.9439629473845,9.7397710509465,1,9.576704025268555,-0.5467040252685553
184,499-06-9,O=C(O)C=1C=C(C=C(C1)C)C,Cc1cc(C)cc(C(=O)O)c1,4.343999999999999,Cc1cc(C)cc(C(=O)O)c1,150.177,2.00164,37.3,1,1,1,1,0.222222,0,0,1,0,1,0,2,1,0,,160.02184483333335,0.52839,-0.70579,-0.03046,3.7700524532160022,-8.2415121900935,-0.465858912056,7.7756532780375,1,3.9790258407592773,0.3649741592407221
185,632-46-2,O=C(O)C=1C(=CC=CC1C)C,Cc1cccc(C)c1C(=O)O,3.307,Cc1cccc(C)c1C(=O)O,150.177,2.00164,37.3,1,1,1,1,0.222222,0,0,1,0,1,0,2,1,0,,157.46549333333334,0.52731,-0.69862,0.0095499999999999,2.4459327443738106,-8.2181103989505,0.078368788944,8.2964791878945,1,3.9790258407592773,-0.6720258407592774
186,610-72-0,O=C(O)C1=CC(=CC=C1C)C,Cc1ccc(C)c(C(=O)O)c1,4.0205,Cc1ccc(C)c(C(=O)O)c1,150.177,2.00164,37.3,1,1,1,1,0.222222,0,0,1,0,1,0,2,1,0,,160.4619213,0.52671,-0.71101,-0.0283999999999999,3.194073842289812,-8.1163398188635,-0.365176787371,7.751163031492499,2,3.9477698802948,0.07273011970520038
187,4767-03-7,O=C(O)C(C)(CO)CO,CC(CO)(CO)C(=O)O,4.5,CC(CO)(CO)C(=O)O,134.131,-0.9381,77.76,3,3,3,0,0.8,0,0,1,0,1,0,2,1,0,,100.6303432,0.52891,-0.70898,0.0053299999999999,5.767651034866794,-9.364526051107,0.8715806631515001,10.2361067142585,1,8.858131408691406,-4.358131408691406
188,498-21-5,O=C(O)CC(C(=O)O)C,CC(CC(=O)O)C(=O)O,3.94,CC(CC(=O)O)C(=O)O,132.115,0.1818,74.6,2,2,3,0,0.6,0,0,2,0,2,0,4,2,0,,95.79207473333334,0.52819,-0.71314,-0.00822,4.417841588377745,-9.716641373654,0.873485460105,10.590126833759,3,3.5232672691345215,0.41673273086547846
189,142-73-4,O=C(O)CNCC(=O)O,O=C(O)CNCC(=O)O,9.46,O=C(O)CNCC(=O)O,133.103,-1.2548,86.63,3,3,4,0,0.5,0,0,2,0,2,0,4,2,0,,90.80911353333332,0.5286,-0.71337,-0.0212999999999999,4.791303795419363,-8.511177015939,0.9004247313045001,9.4116017472435,5,4.01352596282959,5.446474037170411
190,50-85-1,O=C(O)C1=CC=C(C=C1O)C,Cc1ccc(C(=O)O)c(O)c1,3.1630000000000003,Cc1ccc(C(=O)O)c(O)c1,152.149,1.39882,57.53,2,2,1,1,0.125,0,0,1,0,1,0,2,1,0,,151.28812926666666,0.52512,-0.69794,-0.0411199999999999,6.017180457656226,-8.010487531018999,-0.346128817836,7.664358713182999,5,3.436081886291504,-0.27308188629150365
191,16642-79-8,O=C(O)CCC1=CC=C(C=C1)N(=O)=O,O=C(O)CCc1ccc([N+](=O)[O-])cc1,4.54,O=C(O)CCc1ccc([N+](=O)[O-])cc1,195.174,1.612,80.44,3,1,4,1,0.222222,0,0,1,0,1,0,2,1,0,,183.750775,0.5257,-0.71213,-0.0210200000000001,8.888753462662805,-8.848598190559,-1.7230249013660002,7.125573289193,5,4.671634197235107,-0.1316341972351074
192,133-37-9,O=C(O)C(O)C(O)C(=O)O,O=C(O)C(O)C(O)C(=O)O,2.6,O=C(O)C(O)C(O)C(=O)O,150.086,-2.1226,115.06,4,4,3,0,0.5,0,0,2,0,2,0,4,2,0,,91.12331626666666,0.53173,-0.69459,-0.0025499999999999,5.82115285832626,-9.8077995135715,0.5668131505915001,10.374612664163,5,2.6222565174102783,-0.02225651741027823
193,7782-24-3,O=C(O)C(C=1C=CC=CC1)C,CC(C(=O)O)c1ccccc1,4.3,CC(C(=O)O)c1ccccc1,150.177,1.8747,37.3,1,1,2,1,0.222222,0,0,1,0,1,0,2,1,0,,153.793594,0.52598,-0.70932,-0.0019199999999999,2.4330443173111336,-8.3732152937355,0.570350630648,8.943565924383499,5,4.4464430809021,-0.1464430809020998
194,603-79-2,O=C(O)C1=CC=CC(=C1C)C,Cc1cccc(C(=O)O)c1C,3.758,Cc1cccc(C(=O)O)c1C,150.177,2.00164,37.3,1,1,1,1,0.222222,0,0,1,0,1,0,2,1,0,,159.56322866666667,0.5267,-0.70748,-0.0188600000000001,2.5583527239221726,-8.1957970632095,-0.198098883164,7.997698180045501,1,3.9790258407592773,-0.22102584075927734
195,499-80-9,O=C(O)C1=NC=CC(=C1)C(=O)O,O=C(O)c1ccnc(C(=O)O)c1,2.2,O=C(O)c1ccnc(C(=O)O)c1,167.12,0.478,87.49,3,2,2,1,0.0,0,0,2,0,2,0,4,2,0,,139.11166923333334,0.53504,-0.69753,0.0071649999999998,5.145560193992487,-9.3277906812895,-1.274037048041,8.0537536332485,3,3.452422857284546,-1.2524228572845457
196,79-08-3,O=C(O)CBr,O=C(O)CBr,3.093666666666666,O=C(O)CBr,138.948,0.4659,37.3,1,1,1,0,0.5,0,0,1,0,1,0,2,1,0,,62.732967300000006,0.53237,-0.69828,-0.01078,2.7880421983894,-9.584938270012,-0.309121334168,9.275816935844,3,2.8913307189941406,0.2023359476725255
197,601-75-2,O=C(O)C(C(=O)O)CC,CCC(C(=O)O)C(=O)O,2.975,CCC(C(=O)O)C(=O)O,132.115,0.1818,74.6,2,2,3,0,0.6,0,0,2,0,2,0,4,2,0,,96.07760989999998,0.53142,-0.70049,0.025415,4.183791407324223,-10.007258965988,0.7425986980145,10.7498576640025,1,3.695437431335449,-0.7204374313354491
198,80-68-2,O=C(O)C(N)C(O)C,CC(O)C(N)C(=O)O,9.03,CC(O)C(N)C(=O)O,119.12,-1.2209,83.55,3,3,2,0,0.75,0,0,1,0,1,0,2,1,0,,91.3907861,0.52682,-0.70047,-0.0079900000000001,4.642418301919809,-8.7514535459305,0.918656359288,9.6701099052185,3,9.20376968383789,-0.17376968383789126
199,565-71-9,O=C(O)C(O)CN,NCC(O)C(=O)O,9.33,NCC(O)C(=O)O,105.093,-1.6094,83.55,3,3,2,0,0.666667,0,0,1,0,1,0,2,1,0,,74.47797313333332,0.52947,-0.70863,-0.0148699999999999,6.428120081330155,-8.596076537295001,0.8536211490185001,9.4496976863135,2,9.174857139587402,0.15514286041259773
200,70-49-5,O=C(O)CC(S)C(=O)O,O=C(O)CC(S)C(=O)O,2.8475,O=C(O)CC(S)C(=O)O,150.155,-0.1559,74.6,3,3,3,0,0.5,0,0,2,0,2,0,4,2,0,,105.27532366666668,0.52986,-0.70378,-0.0048099999999999,2.061764428832741,-8.670635732332,0.4503484225774999,9.1209841549095,4,2.798581838607788,0.048918161392212056
201,567-61-3,O=C(O)C=1C(O)=CC=CC1C,Cc1cccc(O)c1C(=O)O,3.24,Cc1cccc(O)c1C(=O)O,152.149,1.39882,57.53,2,2,1,1,0.125,0,0,1,0,1,0,2,1,0,,150.77470286666667,0.53977,-0.7296,-0.01402,0.9643292798624338,-7.917424594148,-0.382592073803,7.534832520345,4,3.1106319427490234,0.12936805725097678
202,2237-36-7,O=C(O)C1=CC=C(OC)C=C1O,COc1ccc(C(=O)O)c(O)c1,3.31,COc1ccc(C(=O)O)c(O)c1,168.148,1.099,66.76,3,2,2,1,0.125,0,0,1,0,1,0,2,1,0,,159.39747296666667,0.53119,-0.69639,-0.0407099999999999,6.11293442873388,-8.009399075616999,-0.3600066242115,7.649392451405499,4,3.7548553943634033,-0.44485539436340327
203,1878-65-5,O=C(O)CC=1C=CC=C(Cl)C1,O=C(O)Cc1cccc(Cl)c1,3.836,O=C(O)Cc1cccc(Cl)c1,170.595,1.9671,37.3,1,1,2,1,0.125,0,0,1,0,1,0,2,1,0,,151.19175600000003,0.52773,-0.70751,-0.0034399999999999,4.635980497154836,-8.372671066034501,0.281365721417,8.654036787451501,4,3.947968006134033,-0.11196800613403335
204,52950-18-2,O=C(O)C(O)C=1C=CC=CC1Cl,O=C(O)C(O)c1ccccc1Cl,3.31,O=C(O)C(O)c1ccccc1Cl,186.594,1.458,57.53,2,2,2,1,0.125,0,0,1,0,1,0,2,1,0,,158.7457423333333,0.53223,-0.70151,0.00428,7.325713738605952,-8.466550344457001,0.308032878766,8.774583223223,2,3.1468923091888428,0.16310769081115728
205,16650-55-8,O=C(O)C1=CC=C(Br)C=2C=CC=CC12,O=C(O)c1ccc(Br)c2ccccc12,3.37,O=C(O)c1ccc(Br)c2ccccc12,251.079,3.3005,37.3,1,1,1,2,0.0,0,0,1,0,1,0,2,1,0,,229.241175,0.52911,-0.7023,-0.00705,1.6978281273438722,-7.772660025682001,-0.9880453911655,6.784614634516501,2,5.979802131652832,-2.609802131652832
206,20485-43-2,O=C(O)C1=NC=CN1C,Cn1ccnc1C(=O)O,7.25,Cn1ccnc1C(=O)O,126.115,0.1183,55.12,2,1,1,1,0.2,0,0,1,0,1,0,2,1,0,,110.7449973,0.53269,-0.69395,-0.0402599999999999,8.77790295514823,-8.264641867386,-0.267760028892,7.996881838494001,3,3.497982978820801,3.752017021179199
207,6940-50-7,O=C(O)C(O)C1=CC=C(Br)C=C1,O=C(O)C(O)c1ccc(Br)cc1,3.15,O=C(O)C(O)c1ccc(Br)cc1,231.045,1.5671,57.53,2,2,2,1,0.125,0,0,1,0,1,0,2,1,0,,167.59076433333334,0.5315,-0.70214,0.00594,4.039064220831355,-8.297295529446,0.180683596732,8.477979126178,5,3.8745198249816895,-0.7245198249816895
208,99-04-7,O=C(O)C1=CC=CC(=C1)C,Cc1cccc(C(=O)O)c1,4.272666666666667,Cc1cccc(C(=O)O)c1,136.15,1.69322,37.3,1,1,1,1,0.125,0,0,1,0,1,0,2,1,0,,141.46003569999996,0.52873,-0.70511,-0.02864,3.839377034103319,-8.407229525048,-0.487628020096,7.919601504952,3,3.8841917514801025,0.3884749151865643
209,50-79-3,O=C(O)C1=CC(Cl)=CC=C1Cl,O=C(O)c1cc(Cl)ccc1Cl,2.466,O=C(O)c1cc(Cl)ccc1Cl,191.013,2.6916,37.3,1,1,1,1,0.0,0,0,1,0,1,0,2,1,0,,152.56111096666666,0.53214,-0.69701,0.0228699999999999,2.584878509717623,-8.4717205076165,-0.6413723456285,7.830348161988,4,2.734998941421509,-0.2689989414215086
210,40856-44-8,O=C(O)CC(N)C=1C=CC=CC1,NC(CC(=O)O)c1ccccc1,9.31,NC(CC(=O)O)c1ccccc1,165.192,1.1611,63.32,2,2,3,1,0.222222,0,0,1,0,1,0,2,1,0,,166.80443466666665,0.52626,-0.71409,-0.0163400000000001,3.847939521354253,-8.144639659315501,0.7083123528515001,8.852952012167002,1,5.6225152015686035,3.687484798431397
211,107-96-0,O=C(O)CCS,O=C(O)CCS,4.38,O=C(O)CCS,106.146,0.3909,37.3,2,2,2,0,0.666667,0,0,1,0,1,0,2,1,0,,81.56472266666667,0.52806,-0.71281,-0.01858,3.4514070782798134,-8.3345751269645,0.72926511934,9.0638402463045,3,6.39687442779541,-2.0168744277954103
212,2345-51-9,O=C(O)CC#C,C#CCC(=O)O,3.32,C#CCC(=O)O,84.074,0.0943,37.3,1,1,1,0,0.25,0,0,1,0,1,0,2,1,0,,65.4594992,0.53205,-0.69576,0.01744,1.714755011656184,-9.3936422331105,0.906683349866,10.300325582976502,2,3.5062832832336426,-0.18628328323364274
213,1505-50-6,O=C(O)CCC1=CC=C(C=C1)C,Cc1ccc(CCC(=O)O)cc1,4.74,Cc1ccc(CCC(=O)O)cc1,164.204,2.01222,37.3,1,1,3,1,0.3,0,0,1,0,1,0,2,1,0,,172.37692366666667,0.52601,-0.714,-0.02346,2.804354524663385,-7.92939760357,0.7306256885925,8.6600232921625,1,4.156752109527588,0.5832478904724123
214,7170-38-9,O=C(O)CCOC=1C=CC=CC1,O=C(O)CCOc1ccccc1,4.32,O=C(O)CCOc1ccccc1,166.176,1.5401,46.53,2,1,4,1,0.222222,0,0,1,0,1,0,2,1,0,,158.48304733333336,0.52821,-0.71153,-0.0159099999999999,4.347587341273318,-7.780279213496001,0.7398775595095,8.5201567730055,4,4.964727401733398,-0.6447274017333982
215,85-52-9,O=C(O)C=1C=CC=CC1C(=O)C=2C=CC=CC2,O=C(O)c1ccccc1C(=O)c1ccccc1,3.536,O=C(O)c1ccccc1C(=O)c1ccccc1,226.231,2.6158,54.37,2,1,3,2,0.0,0,0,1,0,1,0,2,1,0,,246.45680733333333,0.53196,-0.6954,0.0060899999999999,7.512983613052806,-8.754446798286,-1.022059622478,7.732387175808,3,6.745748043060303,-3.2097480430603027
216,79-11-8,O=C(O)CCl,O=C(O)CCl,2.934,O=C(O)CCl,94.497,0.3098,37.3,1,1,1,0,0.5,0,0,1,0,1,0,2,1,0,,53.7399762,0.53421,-0.68842,0.0006499999999999,0.4171796016106252,-9.831473418565,0.9102208299225,10.7416942484875,5,3.2427356243133545,-0.30873562431335433
217,586-42-5,O=C(O)C1=CC=CC(=C1)C(=O)C,CC(=O)c1cccc(C(=O)O)c1,3.827,CC(=O)c1cccc(C(=O)O)c1,164.16,1.5874,54.37,2,1,2,1,0.111111,0,0,1,0,1,0,2,1,0,,162.09260106666667,0.53119,-0.70222,-0.0145899999999999,3.2836843773420124,-8.9871041404635,-0.91430253768,8.072801602783501,4,4.126198768615723,-0.2991987686157227
218,7170-36-7,O=C(O)C=1N=C(C=CC1)C(=O)OC,COC(=O)c1cccc(C(=O)O)n1,2.65,COC(=O)c1cccc(C(=O)O)n1,181.147,0.5664,76.49,4,1,2,1,0.125,0,0,1,0,1,0,2,1,0,,155.04589043333334,0.53143,-0.68732,-0.00462,6.180797289994229,-9.3190830380735,-0.87620659861,8.4428764394635,4,3.631793737411499,-0.9817937374114991
219,3937-96-0,O=C(O)CS(=O)(=O)C1=CC=C(C=C1)C,Cc1ccc(S(=O)(=O)CC(=O)O)cc1,2.542,Cc1ccc(S(=O)(=O)CC(=O)O)cc1,214.242,0.85332,71.44,3,1,3,1,0.222222,0,0,1,0,1,0,2,1,0,,190.6417463333333,0.53452,-0.68638,0.0227299999999999,6.646600386663847,-8.7770322478775,-0.2193237635029999,8.5577084843745,5,5.063434600830078,-2.5214346008300783
220,103-04-8,O=C(O)CSC=1C=CC=CC1,O=C(O)CSc1ccccc1,3.4690000000000003,O=C(O)CSc1ccccc1,168.217,1.8633,37.3,2,1,3,1,0.125,0,0,1,0,1,0,2,1,0,,166.20890533333332,0.53145,-0.70345,-0.0062999999999999,2.711603527435381,-7.9715752503975,0.29388295854,8.265458208937499,3,3.7680182456970215,-0.2990182456970212
221,94-74-6,O=C(O)COC1=CC=C(Cl)C=C1C,Cc1cc(Cl)ccc1OCC(=O)O,3.107,Cc1cc(Cl)ccc1OCC(=O)O,200.621,2.11182,46.53,2,1,3,1,0.222222,0,0,1,0,1,0,2,1,0,,174.01888700000003,0.53191,-0.70351,-0.01734,5.306297140191076,-7.719869938685,0.579058273864,8.298928212549,1,3.5992300510406494,-0.4922300510406492
222,3147-55-5,O=C(O)C=1C=C(Br)C=C(Br)C1O,O=C(O)c1cc(Br)cc(Br)c1O,2.162,O=C(O)c1cc(Br)cc(Br)c1O,295.914,2.6154,57.53,2,2,1,1,0.0,0,0,1,0,1,0,2,1,0,,181.4974318,0.54725,-0.71889,0.0081499999999999,3.1536553727381182,-8.026270134348,-0.839743342643,7.186526791705,5,4.488401412963867,-2.3264014129638673
223,1643-26-1,O=C(O)CCC=1C=CC=CC1F,O=C(O)CCc1ccccc1F,4.6,O=C(O)CCc1ccccc1F,168.167,1.8429,37.3,1,1,3,1,0.222222,0,0,1,0,1,0,2,1,0,,151.33746,0.52679,-0.71279,-0.01926,2.7045008652244875,-8.3356635823665,0.6000110403525,8.935674622719,2,4.184457302093506,0.4155426979064938
224,626-51-7,O=C(O)CC(C)CC(=O)O,CC(CC(=O)O)CC(=O)O,4.31,CC(CC(=O)O)CC(=O)O,146.142,0.5719,74.6,2,2,4,0,0.666667,0,0,2,0,2,0,4,2,0,,112.71513699999998,0.52667,-0.71458,-0.020735,3.9797737862848432,-9.698681859521,0.7796061816825,10.4782880412035,1,4.621955871582031,-0.31195587158203164
225,13041-62-8,O=C(O)C1=CC=C(OC)C=2C=CC=CC12,COc1ccc(C(=O)O)c2ccccc12,4.31,COc1ccc(C(=O)O)c2ccccc12,202.209,2.5466,46.53,2,1,2,2,0.083333,0,0,1,0,1,0,2,1,0,,230.03700200000003,0.52782,-0.70402,-0.03739,3.500548929810866,-7.3887073826265,-0.62586185615,6.7628455264765,2,5.9503936767578125,-1.640393676757813
226,6925-00-4,O=C(O)C1=CC=C2N=CC=NC2=C1,O=C(O)c1ccc2nccnc2c1,3.64,O=C(O)c1ccc2nccnc2c1,174.159,1.328,63.08,3,1,1,2,0.0,0,0,1,0,1,0,2,1,0,,185.81380996666667,0.53163,-0.69947,-0.0096499999999999,2.86102254622364,-8.5636949890855,-1.392134459158,7.1715605299275,1,4.197149753570557,-0.5571497535705565
227,10421-85-9,O=C(O)C(O)C=1C=CC=CC1Cl,O=C(O)C(O)c1ccccc1Cl,3.31,O=C(O)C(O)c1ccccc1Cl,186.594,1.458,57.53,2,2,2,1,0.125,0,0,1,0,1,0,2,1,0,,158.27338566666666,0.53128,-0.69151,-0.0004999999999999,4.637517011289554,-8.4651897752045,0.3126588142245,8.777848589429,3,3.1873068809509277,0.12269311904907232
228,51-44-5,O=C(O)C1=CC=C(Cl)C(Cl)=C1,O=C(O)c1ccc(Cl)c(Cl)c1,3.64,O=C(O)c1ccc(Cl)c(Cl)c1,191.013,2.6916,37.3,1,1,1,1,0.0,0,0,1,0,1,0,2,1,0,,153.2081474,0.53215,-0.69801,-0.0046499999999999,4.381138721839335,-8.703833622092999,-0.7978378096659999,7.905995812426999,2,2.691304922103882,0.9486950778961183
229,89-55-4,O=C(O)C1=CC(Br)=CC=C1O,O=C(O)c1cc(Br)ccc1O,2.6514,O=C(O)c1cc(Br)ccc1O,217.018,1.8529,57.53,2,2,1,1,0.0,0,0,1,0,1,0,2,1,0,,156.1215516,0.53442,-0.68884,-0.00634,1.6421463698464884,-7.948173459254501,-0.7115777190575,7.236595740197001,4,3.002443552017212,-0.3510435520172117
230,588-32-9,O=C(O)COC=1C=CC=C(Cl)C1,O=C(O)COc1cccc(Cl)c1,3.04,O=C(O)COc1cccc(Cl)c1,186.594,1.8034,46.53,2,1,3,1,0.125,0,0,1,0,1,0,2,1,0,,156.510118,0.53257,-0.69116,-0.00263,2.4000310768821307,-7.996881838494,0.432116794594,8.428998633088,2,3.3405330181121826,-0.3005330181121826
231,16730-20-4,O=C(O)C1=CC=2C=C(C=CC2N1)N(=O)=O,O=C(O)c1cc2cc([N+](=O)[O-])ccc2[nH]1,14.91,O=C(O)c1cc2cc([N+](=O)[O-])ccc2[nH]1,206.157,1.7743,96.23,3,2,2,2,0.0,0,0,1,0,1,0,2,1,0,,214.69073186666665,0.53412,-0.70124,-0.0261199999999999,9.624200834874552,-7.919329391101501,-1.683296279193,6.236033111908501,4,4.653663635253906,10.256336364746094
232,298-12-4,O=CC(=O)O,O=CC(=O)O,3.22,O=CC(=O)O,74.035,-0.7301,54.37,2,1,1,0,0.0,0,0,1,0,1,0,2,1,0,,42.274789266666666,0.53846,-0.67849,-0.02693,1.6753698397667305,-9.6113333135105,-1.3902296622045,8.221103651306,3,3.420135021209717,-0.2001350212097166
233,595-37-9,O=C(O)C(C)(C)CC,CCC(C)(C)C(=O)O,4.93,CCC(C)(C)C(=O)O,116.16,1.5072,37.3,1,1,2,0,0.833333,0,0,1,0,1,0,2,1,0,,107.608746,0.52198,-0.71613,-0.01519,2.7687865988551734,-9.5803123345535,1.0103587269065002,10.59067106146,4,4.688880920410156,0.24111907958984347
234,627-03-2,O=C(O)COCC,CCOCC(=O)O,3.84,CCOCC(=O)O,104.105,0.1075,46.53,2,1,3,0,0.75,0,0,1,0,1,0,2,1,0,,78.00058083333333,0.53006,-0.69918,-0.03652,2.365356061991513,-9.123977407265,0.9728070155375,10.0967844228025,4,6.026968479156494,-2.1869684791564943
235,119-68-6,O=C(O)C=1C=CC=CC1NC,CNc1ccccc1C(=O)O,5.34,CNc1ccccc1C(=O)O,151.165,1.4265,49.33,2,2,2,1,0.125,0,0,1,0,1,0,2,1,0,,163.69569713333334,0.52601,-0.71456,-0.0778299999999999,1.9057081256058075,-7.05319100496,-0.349938411743,6.703252593217,1,4.4496002197265625,0.8903997802734374
237,487-54-7,O=C(O)CNC(=O)C=1C=CC=CC1O,O=C(O)CNC(=O)c1ccccc1O,3.41,O=C(O)CNC(=O)c1ccccc1O,195.174,0.2066,86.63,3,3,3,1,0.111111,0,0,1,0,1,0,2,1,0,,177.25179300000002,0.53754,-0.70432,0.00597,7.756253173407891,-7.934295652879,-0.3055838541115,7.6287117987675,1,6.056704044342041,-2.646704044342041
238,595-46-0,O=C(O)C(C(=O)O)(C)C,CC(C)(C(=O)O)C(=O)O,3.03,CC(C)(C(=O)O)C(=O)O,132.115,0.1818,74.6,2,2,2,0,0.6,0,0,2,0,2,0,4,2,0,,96.86719746666668,0.53168,-0.70578,0.0305600000000001,0.761400013133701,-9.737322026292,0.7129382883100001,10.450260314602,5,3.8361239433288574,-0.8061239433288576
239,7782-26-5,O=C(O)C(C=1C=CC=CC1)C,CC(C(=O)O)c1ccccc1,4.3,CC(C(=O)O)c1ccccc1,150.177,1.8747,37.3,1,1,2,1,0.222222,0,0,1,0,1,0,2,1,0,,153.7734123333333,0.52601,-0.70943,-0.00182,2.4283936542496565,-8.372398952184,0.5744323384055,8.9468312905895,4,4.287221908569336,0.012778091430663885
240,610-16-2,O=C(O)C=1C=CC=CC1N(C)C,CN(C)c1ccccc1C(=O)O,8.5,CN(C)c1ccccc1C(=O)O,165.192,1.4508,40.54,2,1,2,1,0.222222,0,0,1,0,1,0,2,1,0,,180.27349433333333,0.52508,-0.71286,-0.04215,2.8178070924035947,-7.015639293591,-0.194833516958,6.820805776633,1,4.169867515563965,4.330132484436035
241,1666-28-0,O=C(O)C1=CC=C(Br)C=C1O,O=C(O)c1ccc(Br)cc1O,2.669,O=C(O)c1ccc(Br)cc1O,217.018,1.8529,57.53,2,2,1,1,0.0,0,0,1,0,1,0,2,1,0,,158.50907833333332,0.53383,-0.68933,-0.0115,4.089721885409814,-8.2382468238875,-0.7142988575625,7.523947966325,4,3.002443552017212,-0.3334435520172119
242,573-03-5,O=C(O)C1=CC=C(F)C=2C=CC=CC12,O=C(O)c1ccc(F)c2ccccc12,3.7,O=C(O)c1ccc(F)c2ccccc12,190.173,2.6771,37.3,1,1,1,2,0.0,0,0,1,0,1,0,2,1,0,,200.23187366666664,0.52996,-0.69884,-0.013,2.7904873929118548,-7.743815957529,-0.7959330127125,6.9478829448165,3,4.860258102416992,-1.160258102416992
243,1664-57-9,O=C(O)CCC=1C=CC=C(C1)N(=O)=O,O=C(O)CCc1cccc([N+](=O)[O-])c1,4.53,O=C(O)CCc1cccc([N+](=O)[O-])c1,195.174,1.612,80.44,3,1,4,1,0.222222,0,0,1,0,1,0,2,1,0,,182.1728973333333,0.52668,-0.713,-0.0185199999999999,4.8494291509413765,-8.741385333462,-1.740984415499,7.000400917963001,3,4.340017318725586,0.1899826812744143
244,4593-90-2,O=C(O)CC(C=1C=CC=CC1)C,CC(CC(=O)O)c1ccccc1,4.4,CC(CC(=O)O)c1ccccc1,164.204,2.2648,37.3,1,1,3,1,0.3,0,0,1,0,1,0,2,1,0,,170.85728766666668,0.52616,-0.71297,-0.01946,2.9857500313991454,-8.2632812981335,0.796205126563,9.0594864246965,5,4.292357444763184,0.10764255523681676
245,30964-00-2,O=C(O)CCCCC#C,C#CCCCCC(=O)O,4.57,C#CCCCCC(=O)O,126.155,1.2646,37.3,1,1,4,0,0.571429,0,0,1,0,1,0,2,1,0,,115.51170553333333,0.52507,-0.71468,-0.0261699999999999,2.0233455389527517,-9.2037067654615,0.890900746537,10.0946075119985,2,4.1765899658203125,0.3934100341796878
246,616-75-1,O=C(O)C(C(=O)O)CC=1C=CC=CC1,O=C(O)C(Cc1ccccc1)C(=O)O,2.91,O=C(O)C(Cc1ccccc1)C(=O)O,194.186,1.0145,74.6,2,2,4,1,0.2,0,0,2,0,2,0,4,2,0,,176.683126,0.5312,-0.70176,0.02454,3.430204034747787,-8.323146345243499,0.5798746154155,8.903020960659,5,3.6824023723602295,-0.7724023723602294
247,52950-19-3,O=C(O)C(O)C=1C=CC=CC1Cl,O=C(O)C(O)c1ccccc1Cl,3.31,O=C(O)C(O)c1ccccc1Cl,186.594,1.458,57.53,2,2,2,1,0.125,0,0,1,0,1,0,2,1,0,,157.886232,0.53313,-0.69948,-0.01168,3.197643329078464,-8.4853262001415,0.308577106467,8.7939033066085,2,3.1468923091888428,0.16310769081115728
248,3775-73-3,O=C(O)CC(N)C,CC(N)CC(=O)O,10.19,CC(N)CC(=O)O,103.121,-0.1917,63.32,2,2,2,0,0.75,0,0,1,0,1,0,2,1,0,,86.3746673,0.52603,-0.71486,-0.0221500000000001,4.377352992391635,-8.5239663669125,0.905594894464,9.4295612613765,1,10.185379981994629,0.004620018005370596
249,22287-28-1,O=C(O)C12CC(C1)C2,O=C(O)C12CC(C1)C2,4.09,O=C(O)C12CC(C1)C2,112.128,0.8711,37.3,1,1,1,0,0.833333,0,0,1,0,1,0,2,1,0,,99.51513833333335,0.52644,-0.70386,-0.00557,2.8367010328901423,-9.4899705361875,0.845185619653,10.3351561558405,2,3.2732112407684326,0.8167887592315672
250,89-56-5,O=C(O)C1=CC(=CC=C1O)C,Cc1ccc(O)c(C(=O)O)c1,3.026666666666667,Cc1ccc(O)c(C(=O)O)c1,152.149,1.39882,57.53,2,2,1,1,0.125,0,0,1,0,1,0,2,1,0,,150.2474743666667,0.53191,-0.69314,-0.02573,4.181681262363261,-7.789803198263501,-0.5249076176145,7.264895580649001,5,3.436081886291504,-0.40941521962483707
251,79-10-7,O=C(O)C=C,C=CC(=O)O,4.2485,C=CC(=O)O,72.063,0.257,37.3,1,1,1,0,0.0,0,0,1,0,1,0,2,1,0,,57.77317803333333,0.52771,-0.70487,-0.05937,2.354889986814671,-9.672558929873,-0.4176947605175,9.2548641693555,3,3.194612979888916,1.053887020111084
252,627-01-0,O=C(O)CNCC,CCNCC(=O)O,10.165,CCNCC(=O)O,103.121,-0.3195,49.33,2,2,3,0,0.75,0,0,1,0,1,0,2,1,0,,85.39299416666665,0.52753,-0.71105,-0.0228899999999998,3.5140620284792923,-8.180286573731,0.9864127080625,9.1666992817935,3,7.781550407409668,2.383449592590331
253,528-90-5,O=C(O)C=1C=C(C(=CC1C)C)C,Cc1cc(C)c(C(=O)O)cc1C,4.38,Cc1cc(C)c(C(=O)O)cc1C,164.204,2.31006,37.3,1,1,1,1,0.3,0,0,1,0,1,0,2,1,0,,180.2475126666667,0.52568,-0.7146,-0.0405299999999999,3.972983318615874,-8.020283629637,-0.2827262906695,7.737557338967499,3,3.7348849773406982,0.6451150226593017
254,16841-19-3,O=C(O)C1(O)CCCC1,O=C(O)C1(O)CCCC1,4.0016,O=C(O)C1(O)CCCC1,130.143,0.3761,57.53,2,2,1,0,0.833333,0,0,1,0,1,0,2,1,0,,106.5367066,0.52705,-0.69945,-0.0221699999999999,1.0812168237684798,-9.3370425522065,0.882193103321,10.2192356555275,4,6.315136909484863,-2.3135369094848635
255,926-77-2,O=C(O)C(NC(=O)CN)C,CC(NC(=O)CN)C(=O)O,8.225000000000001,CC(NC(=O)CN)C(=O)O,146.146,-1.4656,92.42,3,3,3,0,0.6,0,0,1,0,1,0,2,1,0,,114.3086955,0.53106,-0.69952,0.0094799999999999,4.36519189612553,-8.539476856391,0.8378385456895,9.3773154020805,5,6.425334453582764,1.7996655464172377
256,3813-52-3,O=C(O)C1C2C=CC(C2)C1C(=O)O,O=C(O)C1C2C=CC(C2)C1C(=O)O,3.97,O=C(O)C1C2C=CC(C2)C1C(=O)O,182.175,0.5939,74.6,2,2,2,0,0.555556,0,0,2,0,2,0,4,2,0,,151.76539066666666,0.52947,-0.70816,-0.000695,2.3402037795884354,-8.421107331423501,0.6968835711305,9.117990902554002,2,2.7708780765533447,1.1991219234466555
257,637-84-3,O=C(O)CNC(=O)CNC(=O)CNC(=O)CN,NCC(=O)NCC(=O)NCC(=O)NCC(=O)O,7.95,NCC(=O)NCC(=O)NCC(=O)NCC(=O)O,246.223,-3.6217,150.62,5,5,7,0,0.5,0,0,1,0,1,0,2,1,0,,186.5379816666667,0.53059,-0.70657,-0.00817,8.510046945228916,-8.663016544518,0.7806946370845,9.4437111816025,4,6.151147842407227,1.7988521575927736
258,495-78-3,O=C(O)CCC=1C=CC=CC1O,O=C(O)CCc1ccccc1O,4.75,O=C(O)CCc1ccccc1O,166.176,1.4094,57.53,2,2,3,1,0.222222,0,0,1,0,1,0,2,1,0,,160.2157336666667,0.5246,-0.70793,-0.0288199999999999,3.426989321547413,-7.7419111605754996,0.6974277988315,8.439338959407,4,5.386897563934326,-0.6368975639343262
259,23229-72-3,O=C(O)C=1SC(=CC1)CC,CCc1ccc(C(=O)O)s1,3.7,CCc1ccc(C(=O)O)s1,156.206,2.0087,37.3,2,1,2,1,0.285714,0,0,1,0,1,0,2,1,0,,151.26292466666666,0.53058,-0.70782,-0.0578999999999999,4.175918783932466,-8.200422998668001,-0.644909825685,7.555513172983002,4,4.212438583374023,-0.5124385833740233
260,17874-79-2,O=C(O)C1=NC=C(C=C1)C(=O)OC,COC(=O)c1ccc(C(=O)O)nc1,3.62,COC(=O)c1ccc(C(=O)O)nc1,181.147,0.5664,76.49,4,1,2,1,0.125,0,0,1,0,1,0,2,1,0,,156.1100518,0.53367,-0.69587,-0.00175,8.418219404957322,-9.343301170768,-1.3619298217525,7.981371349015501,5,3.2059707641601562,0.41402923583984386
261,395-33-5,O=C(O)C(O)C1=CC=C(F)C=C1,O=C(O)C(O)c1ccc(F)cc1,3.19,O=C(O)C(O)c1ccc(F)cc1,170.139,0.9437,57.53,2,2,2,1,0.125,0,0,1,0,1,0,2,1,0,,140.13621433333333,0.53126,-0.70286,0.0039799999999998,4.067755693253959,-8.441515870211001,0.407082320348,8.848598190559,4,2.8336496353149414,0.35635036468505854
262,15115-58-9,O=C(O)CCC=1C=CC=CC1Br,O=C(O)CCc1ccccc1Br,4.58,O=C(O)CCc1ccccc1Br,229.073,2.4663,37.3,1,1,3,1,0.222222,0,0,1,0,1,0,2,1,0,,178.6233093333333,0.52552,-0.70938,-0.0243299999999999,3.1491409590553423,-8.237430482336,0.5009615987705,8.7383920811065,2,4.435809135437012,0.14419086456298835
263,1730-91-2,O=C(O)C(C)CC,CCC(C)C(=O)O,4.761,CCC(C)C(=O)O,102.133,1.1171,37.3,1,1,2,0,0.8,0,0,1,0,1,0,2,1,0,,90.3877891,0.52531,-0.71575,-0.0226599999999999,2.7946181367049063,-9.588203636218,0.9809704310525,10.5691740672705,4,5.297137260437012,-0.5361372604370116
264,67-21-0,O=C(O)C(N)CCSCC,CCSCCC(N)C(=O)O,9.02,CCSCCC(N)C(=O)O,163.242,0.5415,63.32,3,2,5,0,0.833333,0,0,1,0,1,0,2,1,0,,146.2574076666667,0.52826,-0.70159,-0.02135,4.026480951153252,-7.600139844465,0.782599434038,8.382739278503,4,8.751360893249512,0.26863910675048785
265,15959-93-0,O=C(O)C(N)CC(F)(F)F,NC(CC(F)(F)F)C(=O)O,8.171,NC(CC(F)(F)F)C(=O)O,157.091,0.3507,63.32,2,2,2,0,0.75,0,0,1,0,1,0,2,1,0,,83.29600523333333,0.53017,-0.70775,-0.0072399999999999,6.470958782900723,-8.817032983900999,0.7757965877755,9.5928295716765,3,7.978356838226318,0.19264316177368102
266,10502-44-0,O=C(O)C(O)C1=CC=C(OC)C=C1,COc1ccc(C(O)C(=O)O)cc1,3.42,COc1ccc(C(O)C(=O)O)cc1,182.175,0.8132,66.76,3,2,3,1,0.222222,0,0,1,0,1,0,2,1,0,,167.01292733333332,0.53074,-0.6928,-0.0042599999999999,3.814755570151252,-7.790619539815,0.476199238375,8.26681877819,1,5.0184526443481445,-1.5984526443481446
267,2613-89-0,O=C(O)C(C(=O)O)C=1C=CC=CC1,O=C(O)C(C(=O)O)c1ccccc1,2.77,O=C(O)C(C(=O)O)c1ccccc1,180.159,0.9394,74.6,2,2,3,1,0.111111,0,0,2,0,2,0,4,2,0,,159.58267766666663,0.53265,-0.7006,0.044335,3.8378813009263326,-8.5724026323015,0.3850410984575,8.957443730759,4,2.620065689086914,0.14993431091308596
268,506-21-8,O=C(O)CCCCCCCC=CCC=CCCCCC,CCCCCC=CCC=CCCCCCCCC(=O)O,4.77,CCCCCC=CCC=CCCCCCCCC(=O)O,280.452,5.8845,37.3,1,1,14,0,0.722222,0,0,1,0,1,0,2,1,0,,307.66661066666666,0.52489,-0.71533,-0.0287199999999999,3.090715847501999,-8.069264122727,0.9363437595705,9.0056078822975,3,4.724814414978027,0.04518558502197223
269,5930-93-8,O=C(O)C1=CC(=CN1)N(=O)=O,O=C(O)c1cc([N+](=O)[O-])c[nH]1,3.37,O=C(O)c1cc([N+](=O)[O-])c[nH]1,156.097,0.6211,96.23,3,2,2,1,0.0,0,0,1,0,1,0,2,1,0,,130.8594553,0.53472,-0.70239,-0.03034,9.65360682232294,-8.634716704066,-1.574994966694,7.059721737372,2,4.865453243255615,-1.4954532432556151
270,3987-53-9,O=C(O)CN(CC(=O)O)CC=1C=CC=CC1,O=C(O)CN(CC(=O)O)Cc1ccccc1,2.2375,O=C(O)CN(CC(=O)O)Cc1ccccc1,223.228,0.6578,77.84,3,2,6,1,0.272727,0,0,2,0,2,0,4,2,0,,205.04945366666664,0.52936,-0.70466,-0.0251799999999999,1.117191769572261,-7.934295652879,0.647086736489,8.581382389368,2,4.203722953796387,-1.966222953796387
271,75-75-2,O=S(=O)(O)C,CS(=O)(=O)O,-1.53,CS(=O)(=O)O,96.107,-0.496,54.37,2,1,0,0,1.0,0,1,1,0,3,0,1,0,0,,54.226084766666666,0.54815,-0.90522,0.0058999999999999,7.05380983795282,-10.8554378379965,0.727088208536,11.5825260465325,3,5.802534580230713,-7.332534580230713
272,107-35-7,O=S(=O)(O)CCN,NCCS(=O)(=O)O,8.98335,NCCS(=O)(=O)O,125.149,-1.1671,80.39,3,2,2,0,1.0,0,1,1,0,3,0,1,0,0,,82.43117873333334,0.54828,-0.90333,0.0120199999999999,6.875908179288028,-8.727779640937001,0.748313088875,9.476092729812,4,4.471301555633545,4.512048444366455
273,636-73-7,O=S(=O)(O)C=1C=NC=CC1,O=S(=O)(O)c1cccnc1,3.22,O=S(=O)(O)c1cccnc1,159.166,0.3283,67.26,3,1,1,1,0.0,0,1,1,0,3,0,1,1,0,,125.27530973333334,0.55014,-0.89556,0.07593,8.043288413329464,-9.424935325918,-0.5744323384055,8.850502987512499,5,2.6212480068206787,0.5987519931793215
274,98-71-5,O=S(=O)(O)C1=CC=C(C=C1)NN,NNc1ccc(S(=O)(=O)O)cc1,2.61,NNc1ccc(S(=O)(=O)O)cc1,188.208,0.2189,92.42,4,3,2,1,0.0,0,1,1,0,3,0,1,1,0,,169.47755333333336,0.54276,-0.90257,0.0180600000000002,7.39129074722406,-7.550070895973,0.0476199238375,7.5976908198104995,4,2.505988597869873,0.10401140213012683
275,88-21-1,O=S(=O)(O)C=1C=CC=CC1N,Nc1ccccc1S(=O)(=O)O,2.4746,Nc1ccccc1S(=O)(=O)O,173.193,0.5155,80.39,3,2,1,1,0.0,0,1,1,0,3,0,1,1,0,,152.85507496666665,0.5461,-0.90142,0.0434500000000001,7.4704159301875555,-7.639324238937,-0.154016439383,7.485307799554,4,3.700237989425659,-1.225637989425659
276,121-47-1,O=S(=O)(O)C=1C=CC=C(N)C1,Nc1cccc(S(=O)(=O)O)c1,3.729025,Nc1cccc(S(=O)(=O)O)c1,173.193,0.5155,80.39,3,2,1,1,0.0,0,1,1,0,3,0,1,1,0,,153.00872836666665,0.54648,-0.89902,0.04898,10.303941297387132,-7.5536083760295005,-0.2190516496525,7.334556726377,2,2.412259578704834,1.316765421295166
277,15103-48-7,O=S(=O)(O)C1=NC=CC=C1,O=S(=O)(O)c1ccccn1,1.75,O=S(=O)(O)c1ccccn1,159.166,0.3283,67.26,3,1,1,1,0.0,0,1,1,0,3,0,1,1,0,,125.69407453333332,0.55065,-0.89766,0.0464100000000001,10.179138835874085,-9.392281663858,-0.4990568018169999,8.893224862041,3,2.9962213039398193,-1.2462213039398193
278,82-75-7,O=S(=O)(O)C1=CC=CC=2C=CC=C(N)C21,Nc1cccc2cccc(S(=O)(=O)O)c12,5.03,Nc1cccc2cccc(S(=O)(=O)O)c12,223.253,1.6687,80.39,3,2,1,2,0.0,0,1,1,0,3,0,1,1,0,,234.64908133333333,0.54879,-0.89433,0.05587,6.792244268281288,-7.003938398019501,-0.772259107719,6.231679290300501,1,3.464082717895508,1.5659172821044924
279,119-79-9,O=S(=O)(O)C=1C=CC=2C(N)=CC=CC2C1,Nc1cccc2cc(S(=O)(=O)O)ccc12,3.8,Nc1cccc2cc(S(=O)(=O)O)ccc12,223.253,1.6687,80.39,3,2,1,2,0.0,0,1,1,0,3,0,1,1,0,,236.00519633333337,0.54739,-0.89859,0.05463,9.741519654550824,-7.030333441518,-0.637290637871,6.393042803647,5,3.487666130065918,0.31233386993408185
280,84-86-6,O=S(=O)(O)C1=CC=C(N)C=2C=CC=CC21,Nc1ccc(S(=O)(=O)O)c2ccccc12,2.81,Nc1ccc(S(=O)(=O)O)c2ccccc12,223.253,1.6687,80.39,3,2,1,2,0.0,0,1,1,0,3,0,1,1,0,,236.49556166666665,0.54361,-0.90508,0.0250899999999999,11.789868968737522,-7.205030533539,-0.6038206342595,6.6012098992795005,2,4.213849067687988,-1.4038490676879882
281,81-05-0,O=S(=O)(O)C1=CC=CC2=CC(N)=CC=C21,Nc1ccc2c(S(=O)(=O)O)cccc2c1,3.96,Nc1ccc2c(S(=O)(=O)O)cccc2c1,223.253,1.6687,80.39,3,2,1,2,0.0,0,1,1,0,3,0,1,1,0,,235.90285000000003,0.5476,-0.90049,0.0503600000000001,9.043656179333665,-7.1726489853295,-0.7562043905395,6.41644459479,1,3.464082717895508,0.49591728210449215
282,84-89-9,O=S(=O)(O)C=1C=CC=C2C(N)=CC=CC21,Nc1cccc2c(S(=O)(=O)O)cccc12,3.69,Nc1cccc2c(S(=O)(=O)O)cccc12,223.253,1.6687,80.39,3,2,1,2,0.0,0,1,1,0,3,0,1,1,0,,232.977913,0.55142,-0.89567,0.0598500000000004,10.153847477680566,-7.072783202196,-0.6990604819345,6.3737227202615,1,3.464082717895508,0.22591728210449213
283,81-16-3,O=S(=O)(O)C1=C(N)C=CC=2C=CC=CC21,Nc1ccc2ccccc2c1S(=O)(=O)O,2.35,Nc1ccc2ccccc2c1S(=O)(=O)O,223.253,1.6687,80.39,3,2,1,2,0.0,0,1,1,0,3,0,1,1,0,,234.146705,0.54471,-0.90291,0.0218900000000001,5.8660592982001125,-7.3952381150385,-0.5608266458805,6.834411469158001,2,4.213849067687988,-1.8638490676879882
284,119-28-8,O=S(=O)(O)C=1C=CC=2C=CC=C(N)C2C1,Nc1cccc2ccc(S(=O)(=O)O)cc12,3.66,Nc1cccc2ccc(S(=O)(=O)O)cc12,223.253,1.6687,80.39,3,2,1,2,0.0,0,1,1,0,3,0,1,1,0,,236.88175833333332,0.54715,-0.89924,0.0508899999999999,7.525594974485406,-7.0338709215745,-0.6362021824690001,6.3976687391055,3,3.9934134483337402,-0.3334134483337401
285,5402-20-0,O=S(=O)(O)C=1C=CN=CC1,O=S(=O)(O)c1ccncc1,3.44,O=S(=O)(O)c1ccncc1,159.166,0.3283,67.26,3,1,1,1,0.0,0,1,1,0,3,0,1,1,0,,125.84124463333336,0.5519,-0.89343,0.0831900000000001,5.020779941403526,-9.301395637791,-0.812531957593,8.488863680198,3,2.9962213039398193,0.4437786960601806
286,98-33-9,O=S(=O)(O)C1=CC=C(N)C(=C1)C,Cc1cc(S(=O)(=O)O)ccc1N,3.1264,Cc1cc(S(=O)(=O)O)ccc1N,187.22,0.82392,80.39,3,2,1,1,0.142857,0,1,1,0,3,0,1,1,0,,174.6662123333333,0.54212,-0.90322,0.0139800000000002,9.441286633187236,-7.520954713969501,0.112110906406,7.633065620375501,1,3.0233819484710693,0.10301805152893051
287,138-30-7,O=S(=O)(O)C=1C=CC=C(C1)NN,NNc1cccc(S(=O)(=O)O)c1,2.43,NNc1cccc(S(=O)(=O)O)c1,188.208,0.2189,92.42,4,3,2,1,0.0,0,1,1,0,3,0,1,1,0,,165.11607866666665,0.54837,-0.90062,0.03867,9.129634731466531,-7.43959267267,-0.2185074219515,7.2210852507185,5,2.4025344848632812,0.02746551513671891
288,68922-18-9,O=S(=O)(O)CCC1=NC=CC=C1,O=S(=O)(O)CCc1ccccn1,5.14,O=S(=O)(O)CCc1ccccn1,187.22,0.5119,67.26,3,1,3,1,0.285714,0,1,1,0,3,0,1,0,0,,158.94387066666667,0.54936,-0.89957,0.0046900000000003,6.686589116283428,-8.694581751176,0.187214329144,8.881796080320001,1,3.312062978744507,1.8279370212554928
289,29021-67-8,O=S(=O)(O)C=1C=CC(O)=C2N=C(C=CC21)C,Cc1ccc2c(S(=O)(=O)O)ccc(O)c2n1,4.68,Cc1ccc2c(S(=O)(=O)O)ccc(O)c2n1,239.252,1.49552,87.49,4,2,1,2,0.1,0,1,1,0,3,0,1,1,0,,230.9299433333333,0.54765,-0.89933,0.0443700000000002,6.951139617357718,-8.02735858975,-0.9543032737035,7.073055316046499,2,5.4490838050842285,-0.7690838050842288
290,618-03-1,O=S(=O)(O)C1=CC=C(C(N)=C1)C,Cc1ccc(S(=O)(=O)O)cc1N,3.6323,Cc1ccc(S(=O)(=O)O)cc1N,187.22,0.82392,80.39,3,2,1,1,0.142857,0,1,1,0,3,0,1,1,0,,171.5965626666667,0.54581,-0.89882,0.0334499999999999,7.104424931688701,-7.491838531966001,-0.107757084798,7.384081447168,4,3.133063316345215,0.499236683654785
291,494-44-0,O=S(=O)(O)C1=CC=C2C=CC(N)=CC2=C1,Nc1ccc2ccc(S(=O)(=O)O)cc2c1,3.95,Nc1ccc2ccc(S(=O)(=O)O)cc2c1,223.253,1.6687,80.39,3,2,1,2,0.0,0,1,1,0,3,0,1,1,0,,238.7744376666667,0.54698,-0.89933,0.0499200000000001,9.866653248695831,-7.105164750405501,-0.627494539253,6.477670211152501,4,3.3459744453430176,0.6040255546569826
292,3062-37-1,O=S(=O)(O)C=1C=C(Br)C(O)=C2N=CC=CC21,O=S(=O)(O)c1cc(Br)c(O)c2ncccc12,3.22,O=S(=O)(O)c1cc(Br)c(O)c2ncccc12,304.121,1.9496,87.49,4,2,1,2,0.0,0,1,1,0,3,0,1,1,0,,237.6432103333333,0.54977,-0.89711,0.0743899999999998,5.169749789883452,-8.1462723424185,-1.158660775429,6.9876115669895,2,5.368497371673584,-2.148497371673584
293,81-06-1,O=S(=O)(O)C=1C=CC=2C=CC=CC2C1N,Nc1c(S(=O)(=O)O)ccc2ccccc12,1.71,Nc1c(S(=O)(=O)O)ccc2ccccc12,223.253,1.6687,80.39,3,2,1,2,0.0,0,1,1,0,3,0,1,1,0,,233.643675,0.54435,-0.90219,0.0258899999999999,6.68279721748311,-7.227888096981001,-0.5357921716345,6.692095925346501,3,3.9934134483337402,-2.2834134483337403
294,3343-41-7,O=S(=O)(O)C(O)C1=NC=CC=C1,O=S(=O)(O)C(O)c1ccccn1,4.05,O=S(=O)(O)C(O)c1ccccn1,189.192,-0.0397,87.49,4,2,2,1,0.166667,0,1,1,0,3,0,1,0,0,,150.00497633333333,0.54925,-0.89892,-0.0189099999999999,8.23948396806499,-9.0105059316065,-0.2522495394135,8.758256392193,5,3.0582387447357178,0.991761255264282
295,15851-63-5,O=N(=O)C1=CC(=C2C=CC=NC2=C1O)S(=O)(=O)O,O=[N+]([O-])c1cc(S(=O)(=O)O)c2cccnc2c1O,5.6850000000000005,O=[N+]([O-])c1cc(S(=O)(=O)O)c2cccnc2c1O,270.222,1.0953,130.63,6,2,2,2,0.0,0,1,1,0,3,0,1,1,0,,243.03982933333336,0.55078,-0.89608,0.0843399999999998,11.104898281389165,-8.5549873458695,-1.9496957388325,6.6052916070370005,1,6.9056172370910645,-1.220617237091064
296,37026-33-8,O=N(=O)C1=CC(=C2C=CC(=NC2=C1O)C)S(=O)(=O)O,Cc1ccc2c(S(=O)(=O)O)cc([N+](=O)[O-])c(O)c2n1,6.24,Cc1ccc2c(S(=O)(=O)O)cc([N+](=O)[O-])c(O)c2n1,284.249,1.40372,130.63,6,2,2,2,0.1,0,1,1,0,3,0,1,1,0,,263.03763566666663,0.55074,-0.89645,0.08228,12.129853840421989,-8.4689993691115,-1.9243891507360005,6.5446102183755,4,5.496687412261963,0.7433125877380373
297,134-54-3,O=S(=O)(O)C=1C=C(N)C=2C=CC=CC2C1,Nc1cc(S(=O)(=O)O)cc2ccccc12,3.2,Nc1cc(S(=O)(=O)O)cc2ccccc12,223.253,1.6687,80.39,3,2,1,2,0.0,0,1,1,0,3,0,1,1,0,,235.64541333333335,0.54646,-0.89967,0.0483999999999998,10.295564646001694,-7.152512560392499,-0.5621872151330001,6.590325345259499,1,3.464082717895508,-0.26408271789550763
298,4872-28-0,O=S(=O)(O)C(O)C=1C=CN=CC1,O=S(=O)(O)C(O)c1ccncc1,4.95,O=S(=O)(O)C(O)c1ccncc1,189.192,-0.0397,87.49,4,2,2,1,0.166667,0,1,1,0,3,0,1,0,0,,150.024398,0.55154,-0.90105,-0.0088399999999999,8.432547521360314,-9.0007098329885,-0.3872180092615,8.613491823727,5,3.0582387447357178,1.8917612552642824
299,5807-21-6,O=C1C=C(NC(=O)N1)S(=O)(=O)O,O=c1cc(S(=O)(=O)O)[nH]c(=O)[nH]1,7.26,O=c1cc(S(=O)(=O)O)[nH]c(=O)[nH]1,192.152,-1.6901,120.09,4,3,1,1,0.0,0,1,1,0,3,0,1,1,0,,131.80982773333332,0.56116,-0.88453,0.1291100000000001,4.670828027234571,-9.1710531034015,-1.143422399801,8.027630703600499,5,0.3701426684856415,6.889857331514358
