SMILES,pka_value
Br/C=C/C(=O)O,3.71
BrC1=C(C=CC=C1)/C=C/C(=O)O,4.23
Br\C=C/C(=O)O,3.32
C#CC#CC#CC(=O)O,1.67
C#CC(=O)O,1.8635000000000002
C#CCC(=O)O,3.32
C#CCCC(=O)O,4.2
C#CCCCC(=O)O,4.59
C#CCCCCC(=O)O,4.57
C(C)(=O)NC1=CC=C(C=C1)[C@H]1[C@@H](C1)C(=O)O,4.57
C(\C=C/CC)(=O)O,4.7
C(\C=C/CCC)(=O)O,4.63
C(\C=C/CCCC)(=O)O,4.12
C(\C=C\C#C)(=O)O,3.75
C(\C=C\C#CC)(=O)O,4.2
C(\C=C\CC)(=O)O,4.74
C(\C=C\CCCC)(=O)O,4.88
C/C(=C/C(=O)O)C(=O)O,2.2
C/C(Cl)=C/C(=O)O,4.0075
C/C=C/C(=O)O,4.720000000000001
C/C=C\C(=O)O,4.5600000000000005
C1(=CC=CC=C1)/C=C/C(=O)O,4.46
C1(=CC=CC=C1)[C@H]1[C@@H](C1)C(=O)O,4.57
C1(=CC=CC=C1)\C=C/C(=O)O,3.93
C1[C@H]([C@@H](CC2=CC=CC=C12)N(CC(=O)O)CC(=O)O)N(CC(=O)O)CC(=O)O,2.2
C=C(C)c1ccc(C(=O)O)cc1,4.04
C=C(CC(=O)O)C(=O)O,3.6545
C=C=CC(=O)O,3.69
C=CC#CCC(=O)O,3.39
C=CC(=O)O,4.2485
C=CCCCSCC(=O)O,3.739
C=CCCSCC(=O)O,3.717
C=CCN(CC(=O)O)CC(=O)O,9.28
C=CCSCC(=O)O,3.683
C=CCc1ccc(C(=O)O)cc1,4.34
C=CCc1cccc(C(=O)O)c1,4.32
CC#CC#CC(=O)O,1.94
CC#CC#CCC(=O)O,3.23
CC#CC(=O)O,2.6029999999999998
CC#CCC(=O)O,3.59
CC(=O)/C=C/C(=O)O,3.24
CC(=O)C(=O)O,2.365
CC(=O)C(CC(=O)O)C(=O)O,2.86
CC(=O)CC(=O)O,3.6
CC(=O)CCC(=O)O,4.6
CC(=O)CCCC(=O)O,4.8
CC(=O)NC(CC([N+](=O)[O-])([N+](=O)[O-])[N+](=O)[O-])C(=O)O,3.43
CC(=O)NC(Cc1cc(I)c(O)c(I)c1)C(=O)O,7.12
CC(=O)NC(Cc1ccc(O)c(I)c1)C(=O)O,8.83
CC(=O)NCC(=O)NC(Cc1c[nH]cn1)C(=O)NCC(=O)O,6.86
CC(=O)NCC(=O)NC(Cc1cn(Cc2ccccc2)cn1)C(=O)NCC(=O)O,6.37
CC(=O)NCC(=O)NCC(=O)NC(Cc1c[nH]cn1)C(=O)O,7.18
CC(=O)NCC(=O)NCC(=O)NCC(=O)NC(Cc1c[nH]cn1)C(=O)O,7.21
CC(=O)NCC(=O)NCC(=O)N[C@@H](Cc1cnc[nH]1)C(=O)NCC(=O)O,6.9
CC(=O)NCC(=O)NCC(=O)N[C@@H](Cc1cnc[nH]1)C(=O)O,7.18
CC(=O)NCC(=O)N[C@@H](Cc1c[nH]cn1)C(=O)O,7.11
CC(=O)N[C@@H](Cc1c[nH]cn1)C(=O)O,7.08
CC(=O)N[C@@H](Cc1ccc(O)cc1)C(=O)O,10.11
CC(=O)Nc1cccc(C(=O)O)c1,4.03
CC(=O)O,4.645133333333334
CC(=O)OC(C(=O)O)C(C)([N+](=O)[O-])[N+](=O)[O-],1.85
CC(=O)OC(CC(=O)O)C[N+](C)(C)C.[Cl-],3.6
CC(=O)OC(CC([N+](=O)[O-])([N+](=O)[O-])[N+](=O)[O-])C(=O)O,2.02
CC(=O)Oc1ccc(C(=O)O)cc1,3.92
CC(=O)Oc1ccccc1C(=O)O,3.38
CC(=O)SCC(=O)O,3.23
CC(=O)c1ccc(C(=O)O)cc1,3.7
CC(=O)c1ccc(CC(=O)O)s1,3.76
CC(=O)c1ccc(OCC(=O)O)cc1,2.81
CC(=O)c1cccc(C(=O)O)c1,3.827
CC(=O)c1cccc(NCC(=O)O)c1,3.93
CC(=O)c1ccccc1C(=O)O,4.123
CC(=S)SCC(=O)O,2.9450000000000003
CC(Br)=CC(=O)O,3.8600000000000003
CC(Br)C(=O)O,3.01
CC(C(=O)O)C(=O)O,3.05
CC(C(=O)O)c1ccccc1,4.3
CC(C(O)C(=O)O)([N+](=O)[O-])[N+](=O)[O-],2.37
CC(C)(C#N)C(=O)O,2.422
CC(C)(C(=O)O)C(=O)C(=O)O,1.77
CC(C)(C(=O)O)C(=O)O,3.03
CC(C)(C(=O)O)C(C)(C)C(=O)O,3.88
CC(C)(C)C#CC(=O)O,2.66
CC(C)(C)C(=O)O,5.1555
CC(C)(C)C(C(=O)O)C(=O)O,2.92
CC(C)(C)C(C(=O)O)C(C(=O)O)C(C)(C)C,2.4850000000000003
CC(C)(C)C(C)(CC(=O)O)CC(=O)O,3.61
CC(C)(C)C1CCC(C(=O)O)C(C(=O)O)C1,4.29
CC(C)(C)CC#CC(=O)O,2.53
CC(C)(C)c1ccc(C(=O)O)cc1,4.382
CC(C)(C)c1ccc(S(=O)(=O)CC(=O)O)cc1,2.598
CC(C)(C)c1ccc(S(=O)CC(=O)O)cc1,2.773
CC(C)(C)c1ccc(SCC(=O)O)cc1,3.758
CC(C)(C)c1cccc(C(=O)O)c1,4.204
CC(C)(CC(=O)O)CC(=O)O,3.79
CC(C)(CCC(=O)O)N(F)F,4.35
CC(C)(N)C(=O)O,10.2125
CC(C)(O)C(=O)O,3.784
CC(C)(OCC(=O)O)C(=O)O,3.44
CC(C)(SCC(=O)O)C(=O)O,3.74
CC(C)=CC(=O)O,5.12
CC(C)C(=O)O,4.619
CC(C)C(C#N)(C(=O)O)C(C)C,2.556
CC(C)C(C#N)C(=O)O,2.014
CC(C)C(C(=O)O)(C(=O)O)C(C)C,2.152
CC(C)C(C(=O)O)C(=O)O,3.0966666666666662
CC(C)C(C)(CC(=O)O)CC(=O)O,3.78
CC(C)C(CC(=O)O)(CC(=O)O)C(C)C,3.63
CC(C)C(CC(=O)O)CC(=O)O,4.28
CC(C)CNCC(=O)O,10.12
CC(C)C[C@H](N)C(=O)NCC(=O)NCC(=O)O,7.835
CC(C)C[C@H](N)C(=O)NCC(=O)O,8.015
CC(C)C[C@H](N)C(=O)O,9.6888
CC(C)C[C@H](NC(=O)[C@@H](N)CO)C(=O)O,7.45
CC(C)NCC(=O)O,10.06
CC(C)[C@H](N)C(=O)NCC(=O)O,7.775
CC(C)[C@H](N)C(=O)O,9.634166666666667
CC(C)[C@H](NC(=O)CN)C(=O)O,8.223333333333334
CC(C)c1ccc(C(=O)O)cc1,4.36
CC(C)c1ccc(C(O)C(=O)O)cc1,3.64
CC(C)c1cccc(C(=O)O)c1O,2.76
CC(C)c1csc(C(=O)O)c1,3.66
CC(CC(=O)O)(CC(=O)O)c1ccccc1,4.12
CC(CC(=O)O)C(=O)O,3.94
CC(CC(=O)O)C1(C)N=N1,4.5
CC(CC(=O)O)CC(=O)O,4.31
CC(CC(=O)O)c1ccccc1,4.4
CC(CCC(=O)O)(N(F)F)N(F)F,4.01
CC(CCC(=O)O)([N+](=O)[O-])[N+](=O)[O-],3.98
CC(CCC(=O)O)C(=O)O,4.36
CC(CCC(=O)O)c1ccccc1,4.7
CC(CCCC(=O)O)(N(F)F)N(F)F,4.62
CC(CCCC(=O)O)c1ccccc1,4.8
CC(CO)(CO)C(=O)O,4.5
CC(C[C@H](N)C(=O)O)C(F)(F)F,8.947
CC(Cl)C(=O)O,2.89
CC(Cl)CC(=O)O,4.2
CC(Cl)CCC(=O)O,4.4
CC(Cl)CCCC(=O)O,4.6
CC(I)=CC(=O)O,3.835
CC(N)C(=O)O,9.906
CC(N)CC(=O)O,10.19
CC(N)CCC(=O)O,10.46
CC(NC(=O)CN)C(=O)O,8.225000000000001
CC(O)(CC(=O)C(=O)O)C(=O)O,1.73
CC(O)C(N)C(=O)O,9.03
CC(OC(C)(C)C(=O)O)C(=O)O,3.32
CC(OCC(=O)O)C(=O)O,3.03
CC(SC(C(=O)O)c1ccccc1)C(=O)O,2.94
CC(SC(C)(C)C(=O)O)C(=O)O,3.6
CC(SC(C)C(=O)O)C(=O)O,3.4
CC(SCC(=O)O)C(=O)O,3.38
CC([C@H](N)C(=O)O)C(F)(F)F,8.102
CC1(C)SCNC1C(=O)O,5.98
CC1(C)S[C@@H]2[C@H](N)C(=O)N2[C@H]1C(=O)O,4.9
CC1(C)S[C@@H]2[C@H](NC(=O)[C@H](N)c3ccccc3)C(=O)N2[C@H]1C(=O)O,7.24
CC1(C)[C@H](C(=O)O)[C@@H]1C(=O)O,2.5733333333333333
CC1(CC(=O)O)N=N1,3.9
CC1(CC(C(=O)O)c2ccccc2)N=N1,3.9
CC1(CCC(=O)O)N=N1,4.4
CC1(CCCCC(=O)O)N=N1,4.7
CC=CC#CC(=O)O,2.67
CC=Cc1ccc(C(=O)O)cc1,4.49
CC=Cc1cccc(C(=O)O)c1,4.25
CCC#CC#CC(=O)O,1.9
CCC#CC(=O)O,2.61
CCC(=O)C(=O)O,2.5
CCC(=O)O,4.7335
CCC(C(=O)O)(C(=O)O)C(C)C,2.19
CCC(C(=O)O)(C(=O)O)c1ccccc1,1.9
CCC(C(=O)O)C(=O)O,2.975
CCC(C)(C)C(=O)O,4.93
CCC(C)(O)C(=O)O,3.73
CCC(C)C(=O)O,4.761
CCC(C)CC(=O)O,4.766
CCC(C)SCC(=O)O,3.768
CCC(CC(=O)O)(CC(=O)O)c1ccccc1,3.89
CCC(CC)(C(=O)O)C(=O)O,2.2342
CCC(CC)(C(=O)O)C(CC)(CC)C(=O)O,3.84
CCC(CC)(C(=O)O)C(CC)(CC)C(=O)OC,5.34
CCC(CC)(CC(=O)O)CC(=O)O,3.67
CCC(CC)C(CC)(C(=O)O)C(=O)O,2.15
CCC(N)C(=O)O,9.708666666666668
CCCC(=O)O,4.8175
CCCC(=O)OC(CC(=O)O)C[N+](C)(C)C.[Cl-],3.56
CCCC(=O)c1ccccc1C(=O)O,4.45
CCCC(C(=O)O)C(=O)O,3.0
CCCC(C)(C)C(=O)O,4.969
CCCC(C)C(=O)O,4.782
CCCC(CC(=O)O)(CC(=O)O)c1ccccc1,3.88
CCCC(CC(=O)O)CC(=O)O,4.32
CCCC(CCC)(C(=O)O)C(=O)O,1.9433333333333334
CCCC(CCC)(CC(=O)O)CC(=O)O,3.65
CCCC(O)C(=O)O,3.59
CCCCC#CC#CC(=O)O,1.89
CCCCC#CC(=O)O,2.6
CCCCC(=O)O,4.8
CCCCC(CC)(C(=O)O)C(=O)O,2.15
CCCCC(CCCC)(C(=O)O)C(=O)O,2.175
CCCCCC(=O)O,4.8
CCCCCC=CCC=CCCCCCCCC(=O)O,4.77
CCCCCCC(=O)O,4.8
CCCCCCCC(=O)OC(CC(=O)O)C[N+](C)(C)C.[Cl-],3.6
CCCCCCCCCC(=O)OC(CC(=O)O)C[N+](C)(C)C.[Cl-],3.65
CCCCCCCCCC[N+](C)(C)C(C)C(=O)O.[Br-],1.75
CCCCCCSCC(=O)O,3.758
CCCCCSCC(=O)O,3.753
CCCCNCC(=O)O,10.16
CCCCOP(=O)(CC(=O)O)OCCCC,3.58
CCCCP(=O)(CCCC)C(C)(O)C(=O)O,2.94
CCCCSCC(=O)O,3.739
CCCC[C@H](N)C(=O)O,9.844333333333333
CCCC[P+](CCCC)(CCCC)CC(=O)O.[Cl-],2.34
CCCCc1ccc(C(O)C(=O)O)cc1,3.58
CCCN(CC(=O)O)CC(=O)O,2.44
CCCNCC(=O)O,10.11
CCCN[C@@H](C)C(=O)O,10.19
CCCSCC(=O)O,3.729
CCC[C@H](N)C(=O)O,9.819
CCN(CC)CC(=O)O,10.483333333333334
CCNCC(=O)O,10.165
CCN[C@@H](C)C(=O)O,10.22
CCOC(=O)C(C)(C)C(=O)O,3.49
CCOC(=O)C(C)SC(C)C(=O)O,3.76
CCOC(=O)C(C)SCC(=O)O,3.77
CCOC(=O)C(CC)(C(=O)O)C(C)C,4.07
CCOC(=O)C(CC)(CC)C(=O)O,3.7900000000000005
CCOC(=O)C(CC)C(=O)O,3.665
CCOC(=O)CC(=O)O,3.533333333333333
CCOC(=O)CC[C@H](N)C(=O)O,9.19
CCOC(=O)CNc1ccc(C(=O)O)cc1,4.88
CCOC(=O)CNc1cccc(C(=O)O)c1,4.3
CCOC(=O)CSC(C)(C)C(=O)O,4.59
CCOC(=O)CSC(C)C(=O)O,3.71
CCOC(=O)CSCC(=O)O,3.66
CCOC(=O)[C@@H](N)CCC(=O)O,7.838
CCOC(=O)c1cc(=O)cc(C(=O)O)o1,1.28
CCOC(=S)SCC(=O)O,3.08
CCOCC(=O)O,3.84
CCOP(=O)(CC(=O)O)OCC,3.3
CCOP(=O)(OCC)c1ccc(C(=O)O)cc1,3.63
CCOP(=O)(OCC)c1cccc(C(=O)O)c1,3.73
CCOc1ccc(C(=O)O)c(C(=O)O)c1,2.74
CCOc1ccc(C(=O)O)c(O)c1,3.2
CCOc1nc(NCC(=O)O)c(N)c(C(=O)O)n1,7.33
CCOc1nc2c(c(C(=O)O)n1)N=C(O)CN2,5.31
CCSC(=S)SCC(=O)O,2.9400000000000004
CCSCC(=O)O,3.9110000000000005
CCSCCC(N)C(=O)O,9.02
CCSc1nc(=O)c(C(=O)O)c[nH]1,6.01
CC[C@H](C)[C@H](N)C(=O)O,9.74575
CC[C@H](C)[C@H](NC(=O)CN)C(=O)O,8.0
CCc1ccc(C(=O)O)s1,3.7
CCc1ccc(C(O)C(=O)O)cc1,3.55
CN(C)C(=O)OCC(=O)O,3.01
CN(C)C(=O)SCC(=O)O,3.52
CN(C)C(=S)NCC(=O)O,3.71
CN(C)C(=S)OCC(=O)O,2.87
CN(C)C(=S)SCC(=O)O,3.3499999999999996
CN(C)C12CCC(C(=O)O)(CC1)C2,3.716
CN(C)C12CCC(C(=O)O)(CC1)CC2,4.083
CN(C)CC(=O)NCC(=O)O,8.09
CN(C)CC(=O)O,9.848
CN(C)CC(O)CC(=O)O,3.81
CN(C)CCC(=O)O,9.85
CN(C)c1ccc(/N=N/c2ccccc2C(=O)O)cc1,4.82
CN(C)c1ccc(C(=O)O)cc1,5.03
CN(C)c1cccc(C(=O)O)c1,5.1
CN(C)c1ccccc1C(=O)O,8.5
CN(C)c1nc(NCC(=O)O)c(N)c(C(=O)O)n1,9.809999999999999
CN(C)c1nc2c(c(C(=O)O)n1)N=C(O)CN2,7.31
CN(CC(=O)O)C(=O)CN,8.666666666666666
CN(CC(=O)O)C(=O)CNC(=O)CN,8.4
CN(CC(=O)O)C1CCCCC1,10.71
CN1C2CCC1[C@H](C(=O)O)[C@@H](O)C2,9.7
CN1CCC=C(C(=O)O)C1,9.07
CN1[C@H]2CC[C@@H]1[C@@H](C(=O)O)[C@@H](O)C2,11.030000000000001
CN1[C@H]2CC[C@@H]1[C@@H](C(=O)O)[C@@H](OC(=O)c1ccccc1)C2,11.8
CNCC(=O)O,10.058333333333332
CN[C@@H](C)C(=O)O,10.19
CNc1ccc(C(=O)O)cc1,5.04
CNc1cccc(C(=O)O)c1,5.1
CNc1ccccc1C(=O)O,5.34
CO/C=C/C(=O)O,4.85
COC(=O)C(C(C(=O)O)C(C)(C)C)C(C)(C)C,5.57
COC(=O)C(C)(C)C(C)(C)C(=O)O,5.23
COC(=O)C12CCC(C(=O)O)(CC1)C2,4.494
COC(=O)C1=C(C(=O)O)C2C=CC1C2,3.02
COC(=O)C1=C(C(=O)O)C2CCC1C2,3.19
COC(=O)C1=C(C(=O)O)CC1,3.19
COC(=O)C1=C(C(=O)O)CCC1,2.94
COC(=O)C1C(C(=O)O)C1(c1ccccc1)c1ccccc1,5.17
COC(=O)C[C@H](N)C(=O)O,8.62
COC(=O)[C@@H]1CC[C@H](CC1)C(=O)O,4.66
COC(=O)c1ccc(C(=O)O)nc1,3.62
COC(=O)c1cccc(C(=O)O)n1,2.65
COC(=O)c1ccnc(C(=O)O)c1,3.71
COC(=O)c1cocc1C(=O)O,3.75
COC1=C(C=CC(=C1)OC)/C=C/C(=O)O,4.8
COC1=C(C=CC=C1OC)/C=C/C(=O)O,4.37
COC=1C=C(C=C(C1)OC)/C=C/C(=O)O,4.36
COC=1C=C(C=CC1OC)/C=C/C(=O)O,4.53
COCC(=O)O,3.513333333333333
COCCN(CCOC)CC(=O)O,8.3
COP(=O)(OC)c1ccc(C(=O)O)cc1,3.61
COP(=O)(OC)c1cccc(C(=O)O)c1,3.74
CO[C@@H](C)[C@H](N)C(=O)O,8.9
CO[C@@H]1CC[C@H](CC1)C(=O)O,4.66
COc1cc(/C=C/C(=O)O)ccc1O,4.55
COc1cc(C(=O)O)cc(OC)c1O,4.34
COc1cc(C(=O)O)cc(OC)c1OC,4.166666666666667
COc1cc(C(=O)O)cc([N+](=O)[O-])c1O,4.12
COc1cc(C(=O)O)ccc1O,4.49
COc1cc(CC(=O)O)ccc1O,4.41
COc1cc(OC)cc(C(=O)O)c1,3.97
COc1cc([N+](=O)[O-])cc(C(=O)O)c1O,2.58
COc1cc2ccccc2cc1C(=O)O,3.8
COc1ccc(C(=O)O)c(C(=O)O)c1,2.67
COc1ccc(C(=O)O)c(N)c1,4.88
COc1ccc(C(=O)O)c(O)c1,3.31
COc1ccc(C(=O)O)c(OC)c1,4.36
COc1ccc(C(=O)O)c2ccccc12,4.31
COc1ccc(C(=O)O)cc1,4.2783750000000005
COc1ccc(C(=O)O)cc1O,4.47
COc1ccc(C(=O)O)cc1OC,4.395
COc1ccc(C(=O)O)s1,3.8
COc1ccc(C(O)C(=O)O)cc1,3.42
COc1ccc(C2CC2C(=O)O)cc1,4.62
COc1ccc(C=O)c(C(=O)O)c1OC,3.065
COc1ccc(CC(=O)O)cc1,4.07
COc1ccc(CCC(=O)O)cc1,4.71
COc1ccc(C[C@H](N)C(=O)O)cc1,9.309999999999999
COc1ccc(N)c(C(=O)O)c1,5.57
COc1ccc(NCC(=O)O)cc1,5.096
COc1ccc(O)c(C(=O)O)c1,2.94
COc1ccc(S(=O)(=O)CC(=O)O)cc1,2.602
COc1ccc(S(=O)CC(=O)O)cc1,2.754
COc1ccc(SCC(=O)O)cc1,3.7
COc1ccc2c(CC(N)C(=O)O)c[nH]c2c1,16.7
COc1cccc(C(=O)O)c1,3.8745
COc1cccc(C(=O)O)c1OC,3.98
COc1cccc(NCC(=O)O)c1,4.135
COc1cccc(OC)c1C(=O)O,3.44
COc1cccc(S(=O)(=O)CC(=O)O)c1,2.588
COc1cccc(SCC(=O)O)c1,3.546
COc1ccccc1C(=O)O,3.9
COc1ccccc1C(O)C(=O)O,3.64
COc1coc(C(=O)O)cc1=O,1.53
CS(=O)(=O)c1ccc(OCC(=O)O)cc1,2.85
CSC(=S)N(C)CC(=O)O,2.9850000000000003
CSC(=S)NCC(=O)O,3.19
CSCC(=O)O,3.655
CSCCC(NC(=O)CN)C(=O)O,8.51
CSCC[C@H](N)C(=O)O,9.193999999999999
CSC[C@H](N)C(=O)O,8.816666666666668
CSC[C@H](NC(=O)CC[C@H](N)C(=O)O)C(=O)NCC(=O)O,9.2
CSc1cccc(SCC(=O)O)c1,3.468
C[C@@H](N)C(=O)N1CCC[C@H]1C(=O)O,8.38
C[C@@H](O)[C@H](N)C(=O)O,9.05
C[C@@H]1[C@@H](C1)C(=O)O,5.02
C[C@H](N)C(=O)NCC(=O)NCC(=O)O,8.05
C[C@H](N)C(=O)NCC(=O)O,8.114
C[C@H](N)C(=O)N[C@@H](C)C(=O)N[C@@H](C)C(=O)N[C@@H](C)C(=O)O,7.9625
C[C@H](N)C(=O)N[C@@H](C)C(=O)N[C@@H](C)C(=O)O,8.065999999999999
C[C@H](N)C(=O)N[C@@H](C)C(=O)O,8.286000000000001
C[C@H](N)C(=O)N[C@@H](CCCCN)C(=O)N[C@@H](C)C(=O)O,10.533333333333333
C[C@H](N)C(=O)O,9.847428571428571
C[C@H](NC(=O)CN)C(=O)NCC(=O)O,8.08
C[C@H](NC(=O)CN)C(=O)O,8.2275
C[C@H](NC(=O)CNC(=O)CN)C(=O)O,8.02
C[C@H](NC(=O)[C@@H](N)CCCCN)C(=O)O,10.7
C[C@H](NC(=O)[C@H](C)NC(=O)CN)C(=O)O,8.135
C[C@H](NCc1ccccc1)C(=O)NCC(=O)O,7.05
C[C@H](O)[C@H](N)C(=O)O,9.053
C[C@H]1[C@@H](C1)C(=O)O,5.0
C[N+](C)(C)CC(O)CC(=O)O.[Cl-],3.8
C[N+](C)(C)CCCC(=O)O.[Cl-],4.02
C[N+](C)(C)c1ccc(CC(=O)O)cc1.[I-],3.75
C[N+](C)(C)c1ccc(CCC(=O)O)cc1.[I-],4.22
C[N+](C)(C)c1cccc(CC(=O)O)c1.[I-],3.66
C[N+](C)(C)c1cccc(CCC(=O)O)c1.[I-],4.17
C[S+](C)c1ccc(C(=O)O)cc1,3.3
C[S+](C)c1cccc(C(=O)O)c1,3.2
C[Si](C)(C)c1ccc(C(=O)O)cc1,4.234
C[Si](C)(C)c1cccc(C(=O)O)c1,4.1645
Cc1c(C(=O)O)nnn1-c1ccccc1,3.73
Cc1c(F)c(F)c(C(=O)O)c(F)c1F,2.0
Cc1cc(=O)c(C(=O)O)c(C)o1,3.36
Cc1cc(C(=O)O)c2ccccc2c1,3.72
Cc1cc(C(=O)O)cc(C)c1C,4.52
Cc1cc(C)c(C(=O)O)c(C)c1,3.498
Cc1cc(C)c(C(=O)O)cc1C,4.38
Cc1cc(C)c(C)c(C(=O)O)c1,4.01
Cc1cc(C)c(C)c(C(=O)O)c1C,3.416
Cc1cc(C)cc(C(=O)O)c1,4.343999999999999
Cc1cc(C)cc(OCC(=O)O)c1,3.2
Cc1cc(C)n(CC(=O)O)n1,3.9
Cc1cc(Cl)ccc1OCC(=O)O,3.107
Cc1cc([N+](=O)[O-])c(C)c(C(=O)O)c1O,2.78
Cc1cc2ccccc2c(C(=O)O)c1C,2.831
Cc1ccc(C(=O)O)[nH]1,4.88
Cc1ccc(C(=O)O)[se]1,3.82
Cc1ccc(C(=O)O)c(C)c1,4.2595
Cc1ccc(C(=O)O)c(C)c1C,4.06
Cc1ccc(C(=O)O)c(N)c1,5.07
Cc1ccc(C(=O)O)c(O)c1,3.1630000000000003
Cc1ccc(C(=O)O)cc1,4.383333333333334
Cc1ccc(C(=O)O)cc1C,4.5
Cc1ccc(C(=O)O)s1,3.73
Cc1ccc(C(=O)c2ccccc2C(=O)O)cc1,3.644
Cc1ccc(C)c(C(=O)O)c1,4.0205
Cc1ccc(C)c(C(=O)O)c1C,3.34
Cc1ccc(C)c(C(=O)O)c1O,3.23
Cc1ccc(C)c(C(O)C(=O)O)c1,3.57
Cc1ccc(C2CC2C(=O)O)cc1,4.6
Cc1ccc(CC(=O)O)cc1,4.07025
Cc1ccc(CCC(=O)O)cc1,4.74
Cc1ccc(N)c(C(=O)O)c1,5.13
Cc1ccc(NCC(=O)O)cc1,4.85
Cc1ccc(O)c(C(=O)O)c1,3.026666666666667
Cc1ccc(S(=O)(=O)CC(=O)O)cc1,2.542
Cc1ccc(S(=O)CC(=O)O)cc1,2.74
Cc1ccc(SCC(=O)O)cc1,3.689
Cc1ccc2ccccc2c1C(=O)O,3.034
Cc1cccc(=O)c(O)c1C(=O)O,2.48
Cc1cccc(C(=O)O)c1,4.272666666666667
Cc1cccc(C(=O)O)c1C,3.758
Cc1cccc(C(=O)O)c1O,2.971
Cc1cccc(C(=O)O)n1,5.83
Cc1cccc(C)c1C(=O)O,3.307
Cc1cccc(NCC(=O)O)c1,4.6
Cc1cccc(O)c(=O)c1C(=O)O,3.15
Cc1cccc(O)c1C(=O)O,3.24
Cc1cccc(S(=O)(=O)CC(=O)O)c1,2.567
Cc1cccc(S(=O)CC(=O)O)c1,2.756
Cc1cccc(SCC(=O)O)c1,3.604
Cc1cccc2[nH]cc(CC(N)C(=O)O)c12,16.9
Cc1cccc2c1[C@H](C(=O)O)[C@@]13CC(=O)[C@@](C)(CC[C@H]21)C3,4.24
Cc1ccccc1C(=O)O,3.914
Cc1csc(C(=O)O)c1,3.6366666666666667
Cc1csc(C(=O)O)n1,3.18
Cc1nc(C)c(C(=O)O)cc1C(=O)O,2.81
Cc1nc[nH]c1C(=O)O,7.01
Cc1ncc(CO)c(C=NC(C(=O)O)C(C)OP(=O)(O)O)c1O,10.48
Cc1ncc(CO)c(C=N[C@H](C(=O)O)[C@@H](C)O)c1O,9.89
Cc1ncoc1C(=O)O,2.88
Cl/C=C/C(=O)O,3.79
ClC1=CC=C(C=C1)[C@H]1[C@@H](C1)C(=O)O,4.53
ClC=1C=C(C=CC1)[C@H]1[C@@H](C1)C(=O)O,4.51
Cl[C@@H]1CC[C@H](CC1)C(=O)O,4.58
Cl\C=C/C(=O)O,3.45
Cn1ccnc1C(=O)O,7.25
Cn1cnc(C[C@H](NC(=O)CCN)C(=O)O)c1,9.49
FC1=C(C=CC=C1)/C=C/C(=O)O,4.28
F[B-](F)(F)F.N#[N+]c1ccc(CC(=O)O)cc1,3.24
I/C=C/C(=O)O,3.74
I\C=C/C(=O)O,3.42
N#CC12CCC(C(=O)O)(CC1)C2,4.227
N#CC12CCC(C(=O)O)(CC1)CC2,4.545
N#CC1CCC(C(=O)O)CC1,4.48
N#CCC(=O)O,2.56025
N#Cc1ccc(C(=O)O)c(O)c1,2.35
N#Cc1ccc(O)c(C(=O)O)c1,2.38
N#Cc1ccc(OCC(=O)O)cc1,2.87
N#Cc1cccc(NCC(=O)O)c1,3.78
N=C(N)NCCC[C@@H](NC(=O)[C@H](N)Cc1ccc(O)cc1)C(=O)O,9.58
NC(=O)C(N)CCC(=O)O,7.88
NC(=O)C(O)[C@H](N)C(=O)O,8.29
NC(=O)CC[C@H](N)C(=O)NCC(=O)O,7.52
NC(=O)CC[C@H](N)C(=O)O,9.07
NC(=O)C[C@@](N)(O)C(=O)O,7.2
NC(=O)C[C@H](N)C(=O)O,8.756666666666668
NC(=O)NCCCC(NC(=O)c1ccccc1)C(=O)O,3.5575
NC(=O)NCCC[C@H](N)C(=O)O,9.41
NC(C(=O)O)C(CC(=O)O)C(=O)O,3.6
NC(CC(=O)O)C(F)(F)F,5.831
NC(CC(=O)O)c1ccccc1,9.31
NC(CC(F)(F)F)C(=O)O,8.171
NC(Cc1c(F)c(F)c(F)c(F)c1F)C(=O)O,8.47
NC(Cc1c[nH]c2ccc(O)cc12)C(=O)O,17.95
NC(Cc1c[nH]cn1)C(=O)O,9.16
NC(N)=NCCC[C@H](N)C(=O)O,12.48
NC(N)=NOCC[C@H](N)C(=O)O,9.25
NC1=NC(C(=O)O)CS1,8.48
NCC(=O)N1CCC[C@H]1C(=O)O,8.5925
NCC(=O)NCC(=O)NCC(=O)NC(Cc1c[nH]cn1)C(=O)O,8.11
NCC(=O)NCC(=O)NCC(=O)NCC(=O)O,7.95
NCC(=O)NCC(=O)NCC(=O)O,8.11
NCC(=O)NCC(=O)O,8.231928571428572
NCC(=O)N[C@@H](CO)C(=O)NCC(=O)O,7.99
NCC(=O)N[C@@H](CO)C(=O)O,8.24
NCC(=O)N[C@@H](Cc1c[nH]c2ccccc12)C(=O)O,8.06
NCC(=O)N[C@@H](Cc1c[nH]cn1)C(=O)O,8.24
NCC(=O)N[C@@H](Cc1ccc(O)cc1)C(=O)O,8.24
NCC(=O)N[C@@H](Cc1ccccc1)C(=O)O,8.245000000000001
NCC(=O)N[C@@H](Cc1cnc[nH]1)C(=O)N[C@@H](CCC(=O)O)C(=O)O,6.65
NCC(=O)N[C@@H](Cc1cnc[nH]1)C(=O)O,8.2
NCC(=O)O,9.746006666666666
NCC(N)C(=O)O,9.555
NCC(O)C(=O)O,9.33
NCCC(=O)O,10.255199999999999
NCCCC(=O)O,10.515175
NCCCCC(=O)O,10.6572
NCCCCCC(=O)O,10.808
NCCCC[C@H](N)C(=O)O,10.69
NCCC[C@H](N)C(=O)O,8.773333333333333
NCC[C@H](N)C(=O)O,10.25
NC[C@H](N)C(=O)O,9.34
NCc1ccc(CCC(=O)O)cc1,4.28
NCc1ccccc1CCC(=O)O,4.22
NOCC[C@H](N)C(=O)O,9.2
NS(=O)(=O)c1ccc(C(=O)O)cc1,3.47
NS(=O)(=O)c1cccc(C(=O)O)c1,3.54
N[C@@H](CC(=O)O)C(=O)O,3.8392857142857144
N[C@@H](CCC(=O)O)C(=O)O,4.2375
N[C@@H](CCC(=O)OCc1ccccc1)C(=O)O,9.0
N[C@@H](CCC(F)(F)F)C(=O)O,8.916
N[C@@H](CCCC(F)(F)F)C(=O)O,9.463
N[C@@H](CCS)C(=O)O,8.87
N[C@@H](CCSSCC[C@H](N)C(=O)O)C(=O)O,8.523
N[C@@H](CO)C(=O)NCC(=O)O,7.33
N[C@@H](CO)C(=O)N[C@@H](CCC(=O)O)C(=O)O,4.34
N[C@@H](CO)C(=O)O,9.161333333333333
N[C@@H](COP(=O)(O)O)C(=O)O,2.08
N[C@@H](CS(=O)(=O)O)C(=O)O,1.89
N[C@@H](CS)C(=O)O,8.36
N[C@@H](Cc1c[nH]c(S)n1)C(=O)O,8.47
N[C@@H](Cc1c[nH]c2ccccc12)C(=O)O,9.3825
N[C@@H](Cc1c[nH]nn1)C(=O)O,8.55
N[C@@H](Cc1cc(Br)c(O)c(Br)c1)C(=O)O,6.45
N[C@@H](Cc1cc(Cl)c(O)c(Cl)c1)C(=O)O,6.47
N[C@@H](Cc1cc(I)c(O)c(I)c1)C(=O)O,6.48
N[C@@H](Cc1cc[nH]n1)C(=O)O,8.95
N[C@@H](Cc1ccc(O)c(O)c1)C(=O)O,8.72
N[C@@H](Cc1ccc(O)cc1)C(=O)N[C@@H](Cc1ccc(O)cc1)C(=O)O,7.68
N[C@@H](Cc1ccc(O)cc1)C(=O)O,9.59
N[C@@H](Cc1ccccc1)C(=O)NCC(=O)O,7.68
N[C@@H](Cc1ccccc1)C(=O)O,9.1425
N[C@@H](Cc1cn(Cc2ccccc2)cn1)C(=O)O,9.3
N[C@@H](Cc1cnc(I)[nH]1)C(=O)O,8.62
N[C@@H](Cc1cnc[nH]1)C(=O)NCC(=O)O,5.96
N[C@@H](Cc1cnc[nH]1)C(=O)O,9.281428571428572
N[C@@H](Cc1nc(I)[nH]c1I)C(=O)O,8.18
N[C@H](C(=O)O)C(O)CC(=O)O,4.29
N[C@H](C(=O)O)[C@H](O)C(F)(F)F,7.781
Nc1c(C(=O)O)[nH]c(=O)[nH]c1=O,2.63
Nc1c(NCC(=O)O)nc(Cl)nc1C(=O)O,4.48
Nc1cc(Br)ccc1C(=O)O,4.37
Nc1cc(C(=O)O)c2ccccc2c1,4.39
Nc1cc(C(=O)O)cc([N+](=O)[O-])c1,3.55
Nc1cc(C(=O)O)cc2ccccc12,4.46
Nc1cc(Cl)ccc1C(=O)O,4.44
Nc1cc(F)ccc1C(=O)O,4.6
Nc1cc([N+](=O)[O-])ccc1C(=O)O,3.7
Nc1ccc(Br)cc1C(=O)O,4.41
Nc1ccc(C(=O)O)c(O)c1,3.356666666666667
Nc1ccc(C(=O)O)cc1,4.832833333333333
Nc1ccc(Cl)cc1C(=O)O,4.35
Nc1ccc(F)cc1C(=O)O,4.82
Nc1ccc(O)cc1C(=O)O,5.37
Nc1ccc(Oc2ccccc2)cc1C(=O)O,4.88
Nc1cccc(C(=O)O)c1,4.749
Nc1ccccc1C(=O)O,4.911714285714285
O=C(/C=C/c1ccc(O)c(O)c1)O[C@@H]1C[C@](O)(C(=O)O)C[C@@H](O)[C@H]1O,3.545
O=C(CCNC(=O)OCc1ccccc1)N[C@@H](Cc1cnc[nH]1)C(=O)O,6.964
O=C(O)/C=C/C(=O)O,3.326
O=C(O)/C=C/c1ccc(O)cc1,4.64
O=C(O)C#CBr,1.855
O=C(O)C#CCl,1.845
O=C(O)C#Cc1ccccc1,2.23
O=C(O)C(=O)C=S1SCC=C1c1ccccc1,2.75
O=C(O)C(=O)O,1.1902222222222223
O=C(O)C(Br)(Br)Br,0.72
O=C(O)C(Br)Br,1.48
O=C(O)C(C(=O)O)c1ccccc1,2.77
O=C(O)C(Cc1ccccc1)C(=O)O,2.91
O=C(O)C(Cl)(Cl)Cl,0.0010000000000000009
O=C(O)C(Cl)Cl,1.3250000000000002
O=C(O)C(F)(F)Cl,0.46
O=C(O)C(F)(F)F,0.52
O=C(O)C(F)F,1.2349999999999999
O=C(O)C(O)(CO)CO,3.29
O=C(O)C(O)(O)C(O)(O)C(=O)O,1.95
O=C(O)C(O)=C(O)C(=O)O,1.57
O=C(O)C(O)C(=O)O,2.37
O=C(O)C(O)C(O)C(=O)O,2.6
O=C(O)C(O)C(O)C(O)C(=O)O,3.29
O=C(O)C(O)CC([N+](=O)[O-])([N+](=O)[O-])[N+](=O)[O-],3.05
O=C(O)C(O)c1ccc(Br)cc1,3.15
O=C(O)C(O)c1ccc(Cl)cc1,3.15
O=C(O)C(O)c1ccc(F)cc1,3.19
O=C(O)C(O)c1ccc(I)cc1,3.14
O=C(O)C(O)c1ccccc1,3.165
O=C(O)C(O)c1ccccc1Br,3.32
O=C(O)C(O)c1ccccc1Cl,3.31
O=C(O)C(O)c1ccccc1F,3.3
O=C(O)C(S)C(S)C(=O)O,2.71
O=C(O)C(SC(C(=O)O)c1ccccc1)c1ccccc1,2.61
O=C(O)C1(O)CC(O)C(O)C(O)C1,3.54
O=C(O)C1(O)CCCC1,4.0016
O=C(O)C1(O)CCCCC1,4.013666666666667
O=C(O)C1(O)CCCCCC1,4.063
O=C(O)C12CC(C1)C2,4.09
O=C(O)C12CCC(Br)(CC1)C2,4.356
O=C(O)C12CCC(Br)(CC1)CC2,4.619
O=C(O)C12CCC(C(=O)O)(CC1)C2,4.197
O=C(O)C12CCC(C(=O)O)(CC1)CC2,4.468
O=C(O)C12CCC(C1)C2,4.46
O=C(O)C12CCC(CC1)C2,4.883
O=C(O)C12CCC(CC1)CC2,5.084
O=C(O)C1=C(C(=O)O)C2C=CC1C2,1.32
O=C(O)C1=C(C(=O)O)C2CCC1C2,1.32
O=C(O)C1=C(C(=O)O)CC1,1.12
O=C(O)C1=C(C(=O)O)CCC1,1.64
O=C(O)C1C(C(=O)O)C1(c1ccccc1)c1ccccc1,2.3666666666666667
O=C(O)C1C(C(=O)O)C12c1ccccc1-c1ccccc12,3.21
O=C(O)C1C2C=CC(C2)C1C(=O)O,3.97
O=C(O)C1C2CCC(C2)C1C(=O)O,4.02
O=C(O)C1C2CCC(CC2)C1C(=O)O,4.26
O=C(O)C1C2CCC(O2)C1C(=O)O,3.46
O=C(O)C1CC(O)C(O)C(O)C1,4.32
O=C(O)C1CC2C=CC1(C(=O)O)CC2,3.85
O=C(O)C1CCCC(C(=O)O)N1,10.12
O=C(O)C1CCCCC1,4.895
O=C(O)C1CCCCC1O,4.0
O=C(O)C1CSCN1,6.08
O=C(O)C=C(Cl)c1ccccc1,3.5599999999999996
O=C(O)C=C=Cc1ccccc1,3.7
O=C(O)C=Cc1ccc(O)c(O)c1,4.555
O=C(O)CBr,3.093666666666666
O=C(O)CC#Cc1ccccc1,3.44
O=C(O)CC(=O)C(=O)O,2.22
O=C(O)CC(=O)O,2.959142857142857
O=C(O)CC(C(=O)O)C(O)C(=O)O,3.287
O=C(O)CC(CC(=O)O)(c1ccccc1)c1ccccc1,4.02
O=C(O)CC(CC(=O)O)c1ccccc1,4.28
O=C(O)CC(CC([N+](=O)[O-])([N+](=O)[O-])[N+](=O)[O-])C(=O)O,3.03
O=C(O)CC(NCc1ccccc1)C(=O)O,3.34
O=C(O)CC(O)(CC(=O)O)C(=O)O,3.035
O=C(O)CC(O)C(=O)O,3.22725
O=C(O)CC(S)C(=O)O,2.8475
O=C(O)CCBr,4.04
O=C(O)CCC(=O)O,4.2738
O=C(O)CCC(CCC(=O)O)C(=O)O,3.99
O=C(O)CCC([N+](=O)[O-])([N+](=O)[O-])[N+](=O)[O-],3.64
O=C(O)CCCC(=O)O,4.25
O=C(O)CCCCC(=O)O,4.386666666666667
O=C(O)CCCCCC(=O)O,4.484999999999999
O=C(O)CCCCCCC(=O)O,4.53
O=C(O)CCCCCCCC(=O)O,4.56
O=C(O)CCCCCCCCC(=O)O,4.49
O=C(O)CCCl,4.005
O=C(O)CCN(CC(=O)O)CC(=O)O,3.71
O=C(O)CCN(CC(=O)O)CP(=O)(O)O,2.72
O=C(O)CCN(F)F,3.74
O=C(O)CCNC(=S)C(=S)NCCC(=O)O,3.76
O=C(O)CCOc1ccccc1,4.32
O=C(O)CCP(CCC(=O)O)CCC(=O)O,3.81
O=C(O)CCS,4.38
O=C(O)CCSCCC(=O)O,3.84
O=C(O)CCc1ccc(Cl)cc1,4.66
O=C(O)CCc1ccc([N+](=O)[O-])cc1,4.54
O=C(O)CCc1cccc([N+](=O)[O-])c1,4.53
O=C(O)CCc1ccccc1,4.688
O=C(O)CCc1ccccc1Br,4.58
O=C(O)CCc1ccccc1F,4.6
O=C(O)CCc1ccccc1O,4.75
O=C(O)CCc1ncc[nH]1,7.56
O=C(O)CCl,2.934
O=C(O)CF,2.8113333333333337
O=C(O)CI,3.324666666666667
O=C(O)CN(CC(=O)O)C1CCCCC1,2.22
O=C(O)CN(CC(=O)O)CC(=O)Nc1ccc(Br)cc1,2.2
O=C(O)CN(CC(=O)O)CC(=O)c1ccccc1,1.875
O=C(O)CN(CC(=O)O)CC(=O)c1cccs1,7.46
O=C(O)CN(CC(=O)O)Cc1ccc([N+](=O)[O-])cc1,7.65
O=C(O)CN(CC(=O)O)Cc1ccccc1,2.2375
O=C(O)CN(CC(=O)O)Cc1ccccc1[N+](=O)[O-],8.29
O=C(O)CN(CC(=O)O)Cc1ccccn1,8.215
O=C(O)CN(CC(=O)O)c1cc(C(=O)O)c(O)cc1C(=O)O,1.61
O=C(O)CN(CC(=O)O)c1ccc(N(CC(=O)O)CC(=O)O)cc1,2.1
O=C(O)CN(CCCCCCN(CC(=O)O)CC(=O)O)CC(=O)O,2.41
O=C(O)CN(CCN(CC(=O)O)CC(=O)O)CC(=O)O,2.6500000000000004
O=C(O)CN(CCN(CC(=O)O)Cc1ccccn1)Cc1ccccn1,5.63
O=C(O)CN(CCO)CC(=O)O,8.7075
O=C(O)CN(CCO)CCO,8.237566666666666
O=C(O)CN(CCOc1ccccc1)CC(=O)O,8.49
O=C(O)CN(CP(=O)(O)O)CP(=O)(O)O,2.0
O=C(O)CN1C(C(=O)O)CCCC1C(=O)O,2.71
O=C(O)CN1CCCCC1,10.2
O=C(O)CN1CCOCC1,7.53
O=C(O)CNC(=O)c1ccccc1O,3.41
O=C(O)CNCC(=O)O,9.46
O=C(O)CNCCNCC(=O)O,6.483333333333333
O=C(O)CNc1ccc(Cl)cc1,4.04
O=C(O)CNc1cccc(Cl)c1,3.93
O=C(O)CNc1cccc([N+](=O)[O-])c1,3.752
O=C(O)CNc1ccccc1,4.39
O=C(O)CO,3.995
O=C(O)COC(C(=O)O)c1ccccc1,2.87
O=C(O)COc1cc(Cl)c(Cl)cc1Cl,2.833
O=C(O)COc1ccc(Cl)cc1,3.009
O=C(O)COc1ccc(Cl)cc1Cl,2.9130000000000003
O=C(O)COc1ccc([N+](=O)[O-])cc1,2.81
O=C(O)COc1cccc(Br)c1,3.04
O=C(O)COc1cccc(Cl)c1,3.04
O=C(O)COc1cccc([N+](=O)[O-])c1,2.91
O=C(O)COc1ccccc1,3.090666666666667
O=C(O)COc1ccccc1C(=O)O,2.51
O=C(O)COc1ccccc1O,3.02
O=C(O)COc1ccccc1OCC(=O)O,2.4
O=C(O)CP(=O)(c1ccccc1)c1ccccc1,3.62
O=C(O)CS,3.557
O=C(O)CS(=O)(=O)C(F)(F)F,1.88
O=C(O)CS(=O)(=O)c1ccc(Br)cc1,2.519
O=C(O)CS(=O)(=O)c1ccc(Cl)cc1,2.424
O=C(O)CS(=O)(=O)c1ccc(F)cc1,2.479
O=C(O)CS(=O)(=O)c1ccc([N+](=O)[O-])cc1,2.33
O=C(O)CS(=O)(=O)c1cccc(Br)c1,2.523
O=C(O)CS(=O)(=O)c1cccc(Cl)c1,2.454
O=C(O)CS(=O)(=O)c1cccc(F)c1,2.432
O=C(O)CS(=O)(=O)c1cccc([N+](=O)[O-])c1,2.362
O=C(O)CS(=O)(=O)c1ccccc1,2.513
O=C(O)CS(=O)C(F)(F)F,2.06
O=C(O)CS(=O)c1ccc(Br)cc1,2.657
O=C(O)CS(=O)c1ccc(Cl)cc1,2.664
O=C(O)CS(=O)c1ccc(F)cc1,2.653
O=C(O)CS(=O)c1cccc(Br)c1,2.674
O=C(O)CS(=O)c1cccc(Cl)c1,2.663
O=C(O)CS(=O)c1cccc(F)c1,2.675
O=C(O)CS(=O)c1ccccc1,2.732
O=C(O)CSC(C(=O)O)c1ccccc1,2.98
O=C(O)CSC(F)(F)F,2.95
O=C(O)CSC(SCC(=O)O)C(SCC(=O)O)SCC(=O)O,2.89
O=C(O)CSC(SCC(=O)O)c1ccccc1,3.09
O=C(O)CSCC(=O)O,3.1950000000000003
O=C(O)CSCCSCC(=O)O,3.175
O=C(O)CSCc1ccccc1,3.708
O=C(O)CSSCC(=O)O,3.06
O=C(O)CSc1ccc(Br)cc1,3.54
O=C(O)CSc1ccc(Cl)cc1,3.53
O=C(O)CSc1ccc(F)cc1,3.584
O=C(O)CSc1ccc([N+](=O)[O-])cc1,3.375
O=C(O)CSc1cccc(Br)c1,3.53
O=C(O)CSc1cccc(Cl)c1,3.6
O=C(O)CSc1cccc(F)c1,3.513
O=C(O)CSc1cccc([N+](=O)[O-])c1,3.4
O=C(O)CSc1ccccc1,3.4690000000000003
O=C(O)CSc1ccccc1C(=O)O,2.93
O=C(O)C[As](CC(=O)O)c1ccccc1,3.61
O=C(O)C[C@H](NO)C(=O)O,3.51
O=C(O)C[N+]([O-])(CC(=O)O)CC(=O)O,
O=C(O)C[P+](c1ccccc1)(c1ccccc1)c1ccccc1.[Cl-],1.77
O=C(O)C[SH](=O)(O)c1ccc([N+](=O)[O-])cc1,2.586
O=C(O)C[SH](=O)(O)c1cccc([N+](=O)[O-])c1,2.624
O=C(O)C[Se]CC(=O)O,3.17
O=C(O)Cc1c[nH]cn1,7.43
O=C(O)Cc1ccc(Cl)cc1,3.899
O=C(O)Cc1ccc(Cl)s1,3.89
O=C(O)Cc1ccc(F)cc1,3.9325
O=C(O)Cc1ccc([N+](=O)[O-])cc1,3.7142000000000004
O=C(O)Cc1ccc2ccccc2c1,4.3
O=C(O)Cc1cccc(Cl)c1,3.8360000000000003
O=C(O)Cc1cccc(F)c1,3.8535
O=C(O)Cc1cccc(O)c(=O)c1C(=O)O,3.75
O=C(O)Cc1cccc([N+](=O)[O-])c1,3.97
O=C(O)Cc1cccc2ccccc12,4.23
O=C(O)Cc1ccccc(O)c1=O,4.52
O=C(O)Cc1ccccc1,4.227125
O=C(O)Cc1ccccn1,5.68
O=C(O)Cc1cccs1,3.89
O=C(O)[C@@H](O)[C@H](O)[C@H](O)[C@@H](O)C(=O)O,3.08
O=C(O)[C@@H]1CCCN1,10.64
O=C(O)[GeH3],3.5
O=C(O)c1[nH]c(=O)[nH]c(=O)c1Br,2.38
O=C(O)c1[nH]c(=O)[nH]c(=O)c1[N+](=O)[O-],
O=C(O)c1c(C(=O)O)c(C(=O)O)c(C(=O)O)c(C(=O)O)c1C(=O)O,
O=C(O)c1c(Cl)cccc1Cl,1.707
O=C(O)c1c(F)c(F)c(-c2c(F)c(F)c(F)c(F)c2F)c(F)c1F,1.42
O=C(O)c1c(F)c(F)c(Br)c(F)c1F,1.66
O=C(O)c1c(F)c(F)c(C(F)(F)F)c(F)c1F,1.44
O=C(O)c1c(F)c(F)c(Cl)c(F)c1F,1.69
O=C(O)c1c(F)c(F)c(F)c(F)c1F,1.75
O=C(O)c1c(F)c(F)c(O)c(F)c1F,2.27
O=C(O)c1c(F)c(F)c(S)c(F)c1F,1.67
O=C(O)c1c(F)c(F)cc(F)c1F,1.87
O=C(O)c1c(O)cccc1Cl,2.63
O=C(O)c1c(O)cccc1O,1.0605
O=C(O)c1c(O)cccc1[N+](=O)[O-],2.24
O=C(O)c1c[nH]c(=O)[nH]c1=O,4.16
O=C(O)c1c[nH]c2ccccc12,3.87
O=C(O)c1c[nH]cn1,6.0649999999999995
O=C(O)c1c[nH]nn1,3.22
O=C(O)c1cc(=O)[nH]c(=O)[nH]1,1.935
O=C(O)c1cc(=O)c(O)co1,-2.34
O=C(O)c1cc(=O)cc(-c2ccccc2)o1,1.51
O=C(O)c1cc(=O)cc(-c2ccccc2)s1,2.59
O=C(O)c1cc(=O)cc(C(=O)O)[nH]1,
O=C(O)c1cc(=O)cco1,1.5
O=C(O)c1cc(Br)c[nH]1,4.06
O=C(O)c1cc(Br)c[se]1,3.14
O=C(O)c1cc(Br)cc(Br)c1O,2.162
O=C(O)c1cc(Br)ccc1O,2.6513999999999998
O=C(O)c1cc(Br)cs1,3.11
O=C(O)c1cc(C(=O)O)c(C(=O)O)cc1C(=O)O,1.87
O=C(O)c1cc(C(=O)O)c(C(=O)O)cc1O,1.86
O=C(O)c1cc(C(=O)O)c(C(=O)O)nc1C(=O)O,
O=C(O)c1cc(C(=O)O)c(O)c(C(=O)O)c1,2.77
O=C(O)c1cc(Cl)c[nH]1,4.07
O=C(O)c1cc(Cl)ccc1Cl,2.466
O=C(O)c1cc(Cl)ccc1O,2.695
O=C(O)c1cc(I)cc(I)c1O,2.299
O=C(O)c1cc(I)ccc1O,2.6595000000000004
O=C(O)c1cc(N=Nc2ccc(S(=O)(=O)O)cc2)ccc1O,2.38
O=C(O)c1cc(O)c(O)c(O)c1,4.27
O=C(O)c1cc(O)c2ccccc2c1,4.25
O=C(O)c1cc(O)cc(O)c1,4.039
O=C(O)c1cc(O)cc2ccccc12,3.69
O=C(O)c1cc(O)ccc1O,2.9655
O=C(O)c1cc([N+](=O)[O-])c[nH]1,3.37
O=C(O)c1cc([N+](=O)[O-])c[se]1,2.74
O=C(O)c1cc([N+](=O)[O-])cc([N+](=O)[O-])c1O,0.7
O=C(O)c1cc([N+](=O)[O-])cc2ccccc12,2.83
O=C(O)c1cc([N+](=O)[O-])ccc1O,2.18
O=C(O)c1cc([N+](=O)[O-])cs1,2.835
O=C(O)c1cc2cc(Br)ccc2[nH]1,16.1
O=C(O)c1cc2cc([N+](=O)[O-])ccc2[nH]1,14.91
O=C(O)c1cc2ccccc2cc1O,2.75
O=C(O)c1cc[nH]n1,3.74
O=C(O)c1ccc(=O)oc1,3.26
O=C(O)c1ccc(Br)[nH]1,4.17
O=C(O)c1ccc(Br)[se]1,3.27
O=C(O)c1ccc(Br)c2ccccc12,3.37
O=C(O)c1ccc(Br)cc1,3.963
O=C(O)c1ccc(Br)cc1C(=O)O,2.5
O=C(O)c1ccc(Br)cc1O,2.669
O=C(O)c1ccc(Br)s1,3.245
O=C(O)c1ccc(C(=O)O)c(C(=O)O)c1,2.5300000000000002
O=C(O)c1ccc(C2CC2)cc1,4.44
O=C(O)c1ccc(C=C[N+](=O)[O-])cc1,3.94
O=C(O)c1ccc(Cl)[nH]1,4.32
O=C(O)c1ccc(Cl)[se]1,3.3
O=C(O)c1ccc(Cl)c(Cl)c1,3.64
O=C(O)c1ccc(Cl)c2ccccc12,3.36
O=C(O)c1ccc(Cl)cc1,3.988
O=C(O)c1ccc(Cl)cc1Cl,2.73
O=C(O)c1ccc(Cl)s1,3.3150000000000004
O=C(O)c1ccc(F)c2ccccc12,3.7
O=C(O)c1ccc(F)cc1,3.9074285714285715
O=C(O)c1ccc(I)cc1,3.9635
O=C(O)c1ccc(I)cc1O,2.75
O=C(O)c1ccc(O)c(=O)cc1,4.05
O=C(O)c1ccc(O)c(O)c1,4.3755
O=C(O)c1ccc(O)cc1,4.566666666666666
O=C(O)c1ccc(O)cc1O,3.20875
O=C(O)c1ccc([N+](=O)[O-])[nH]1,3.22
O=C(O)c1ccc([N+](=O)[O-])[se]1,2.63
O=C(O)c1ccc([N+](=O)[O-])c2ccccc12,2.8
O=C(O)c1ccc([N+](=O)[O-])cc1,3.2511666666666668
O=C(O)c1ccc([N+](=O)[O-])cc1C(=O)O,
O=C(O)c1ccc([N+](=O)[O-])cc1O,2.27
O=C(O)c1ccc([N+](=O)[O-])s1,2.68
O=C(O)c1ccc2c(c1)OCCO2,4.35
O=C(O)c1ccc2c(c1)OCO2,4.5
O=C(O)c1ccc2ccccc2c1,4.343666666666667
O=C(O)c1ccc2ccccc2n1,4.864
O=C(O)c1ccc2cccccc1-2,5.5
O=C(O)c1ccc2ncccc2c1,4.82
O=C(O)c1ccc2nccnc2c1,3.64
O=C(O)c1ccc[nH]1,4.475
O=C(O)c1ccc[se]1,3.6
O=C(O)c1cccc(Br)c1,3.813
O=C(O)c1cccc(Br)c1C(=O)O,2.27
O=C(O)c1cccc(C(=O)O)c1,3.7
O=C(O)c1cccc(C(=O)O)c1C(=O)O,2.84
O=C(O)c1cccc(C(=O)O)n1,4.6
O=C(O)c1cccc(C=C[N+](=O)[O-])c1,3.87
O=C(O)c1cccc(CO)n1,4.61
O=C(O)c1cccc(Cl)c1,3.8295
O=C(O)c1cccc(Cl)c1C(=O)O,
O=C(O)c1cccc(F)c1,3.626714285714286
O=C(O)c1cccc(I)c1O,2.52
O=C(O)c1cccc(O)c(=O)c1,3.42
O=C(O)c1cccc(O)c(=O)c1C(=O)O,3.24
O=C(O)c1cccc(O)c1,4.1899999999999995
O=C(O)c1cccc(O)c1O,2.914
O=C(O)c1cccc([N+](=O)[O-])c1,3.293333333333333
O=C(O)c1cccc([N+](=O)[O-])c1C(=O)O,
O=C(O)c1cccc([N+](=O)[O-])c1O,2.085
O=C(O)c1cccc2ccccc12,3.80925
O=C(O)c1cccc2cccnc12,6.8
O=C(O)c1cccc2nccnc12,4.026
O=C(O)c1ccccc(O)c1=O,3.2
O=C(O)c1ccccc1,4.093071428571428
O=C(O)c1ccccc1C(=O)O,2.813333333333333
O=C(O)c1ccccc1C(=O)c1ccccc1,3.536
O=C(O)c1ccccc1Cl,3.063333333333333
O=C(O)c1ccccc1Nc1ccccc1,3.925
O=C(O)c1ccccc1O,2.9423076923076925
O=C(O)c1ccccc1P(O)O,1.32
O=C(O)c1ccccc1[N+](=O)[O-],2.1083333333333334
O=C(O)c1cccccc1=O,3.73
O=C(O)c1ccccn1,5.3999999999999995
O=C(O)c1cccnc1,4.7725
O=C(O)c1cccnc1C(=O)O,4.75
O=C(O)c1ccco1,3.153
O=C(O)c1cccs1,3.5125
O=C(O)c1ccnc(C(=O)O)c1,2.2
O=C(O)c1ccncc1,4.876666666666666
O=C(O)c1ccncc1C(=O)O,2.95
O=C(O)c1ccncc1O,4.83
O=C(O)c1cn(-c2ccccc2)nn1,2.88
O=C(O)c1cnc2ccccc2n1,2.811666666666666
O=C(O)c1cncc(C(=O)O)c1,2.72
O=C(O)c1cncc(C(=O)O)c1C(=O)O,2.01
O=C(O)c1cocc1C(=O)O,1.44
O=C(O)c1csccc1=O,4.1
O=C(O)c1nc(C(=O)O)c(C(=O)O)c(C(=O)O)c1C(=O)O,0.5
O=C(O)c1nc2ccccc2nc1C(=O)O,1.71
O=C(O)c1nc2ccccc2nc1Cl,1.83
O=C(O)c1nc2ccccc2nc1O,2.58
O=C(O)c1ncccc1O,5.17
O=C(O)c1nnn(-c2ccccc2)c1C(=O)O,2.13
O=C(O)c1occc(=O)c1O,7.67
O=C/C(Cl)=C(/Cl)C(=O)O,4.2
O=C1CCC(C(=O)O)CC1,4.38
O=CC(=O)O,3.2199999999999998
O=CO,3.7448571428571427
O=Cc1ccc(C(=O)O)cc1,3.76
O=Cc1cccc(C(=O)O)c1,3.84
O[C@@H]1CC[C@H](CC1)C(=O)O,4.69
[C@@H]1([C@@H](CC1)C(=O)O)C(=O)O,3.94
[C@@H]1([C@@H](CC=CC1)C(=O)O)C(=O)O,3.89
[C@@H]1([C@@H](CCCC1)C(=O)O)C(=O)O,4.199999999999999
[C@@H]1([C@@H](CCCCC1)C(=O)O)C(=O)O,4.3
[C@@H]1([C@@H](CCCCCC1)C(=O)O)C(=O)O,4.37
[C@@H]1([C@H](CC1)C(=O)O)C(=O)O,4.16
[C@@H]1([C@H](CC=CC1)C(=O)O)C(=O)O,3.75
[C@@H]1([C@H](CCCC1)C(=O)O)C(=O)O,4.345000000000001
[C@@H]1([C@H](CCCCC1)C(=O)O)C(=O)O,3.87
[C@@H]1([C@H](CCCCCC1)C(=O)O)C(=O)O,3.99
[C@H]1(C[C@@H](C1)C(=O)O)C(=O)O,4.08
[C@H]1(C[C@H](C1)C(=O)O)C(=O)O,4.11
[N+](=O)([O-])/C=C/C(=O)O,2.58
[N+](=O)([O-])C1=CC=C(C=C1)[C@H]1[C@@H](C1)C(=O)O,4.45
[N+](=O)([O-])C=1C=C(C=CC1)[C@H]1[C@@H](C1)C(=O)O,4.41
[Se]1[C@H](CC[C@H]1C(=O)O)C(=O)O,3.24
