cas,smiles,input_canonical_smiles,canonical_smiles,MW,logP,TPSA,HBA,HBD,rotatable_bonds,aromatic_rings,FractionCSP3,formal_charge,acid_type,acid_group_count,acid_center_aromatic_flag,local_heteroatom_count,local_halogen_count,nearest_heteroatom_distance,local_conjugation,local_formal_charge,error
64-19-7,O=C(O)C,CC(=O)O,CC(=O)O,60.052,0.0909,37.3,1,1,0,0,0.5,0,0,1,0,1,0,2,1,0,
76-05-1,O=C(O)C(F)(F)F,O=C(O)C(F)(F)F,O=C(O)C(F)(F)F,114.022,0.6333,37.3,1,1,0,0,0.5,0,0,1,0,1,0,2,1,0,
56-40-6,O=C(O)CN,NCC(=O)O,NCC(=O)O,75.067,-0.9703,63.32,2,2,1,0,0.5,0,0,1,0,1,0,2,1,0,
72-19-5,O=C(O)C(N)C(O)C,CC(O)C(N)C(=O)O,CC(O)C(N)C(=O)O,119.12,-1.2209,83.55,3,3,2,0,0.75,0,0,1,0,1,0,2,1,0,
65-85-0,O=C(O)C=1C=CC=CC1,O=C(O)c1ccccc1,O=C(O)c1ccccc1,122.123,1.3848,37.3,1,1,1,1,0.0,0,0,1,0,1,0,2,1,0,
56-41-7,O=C(O)C(N)C,CC(N)C(=O)O,CC(N)C(=O)O,89.094,-0.5818,63.32,2,2,1,0,0.666667,0,0,1,0,1,0,2,1,0,
144-62-7,O=C(O)C(=O)O,O=C(O)C(=O)O,O=C(O)C(=O)O,90.034,-0.8444,74.6,2,2,0,0,0.0,0,0,2,0,2,0,4,2,0,
76-03-9,O=C(O)C(Cl)(Cl)Cl,O=C(O)C(Cl)(Cl)Cl,O=C(O)C(Cl)(Cl)Cl,163.387,1.4412,37.3,1,1,0,0,0.5,0,0,1,0,1,0,2,1,0,
110-15-6,O=C(O)CCC(=O)O,O=C(O)CCC(=O)O,O=C(O)CCC(=O)O,118.088,-0.0642,74.6,2,2,3,0,0.5,0,0,2,0,2,0,4,2,0,
77-92-9,O=C(O)CC(O)(C(=O)O)CC(=O)O,O=C(O)CC(O)(CC(=O)O)C(=O)O,O=C(O)CC(O)(CC(=O)O)C(=O)O,192.123,-1.2485,132.13,4,4,5,0,0.5,0,0,3,0,3,0,6,3,0,
59-67-6,O=C(O)C=1C=NC=CC1,O=C(O)c1cccnc1,O=C(O)c1cccnc1,123.111,0.7798,50.19,2,1,1,1,0.0,0,0,1,0,1,0,2,1,0,
69-72-7,O=C(O)C=1C=CC=CC1O,O=C(O)c1ccccc1O,O=C(O)c1ccccc1O,138.122,1.0904,57.53,2,2,1,1,0.0,0,0,1,0,1,0,2,1,0,
60-33-3,O=C(O)CCCCCCCC=CCC=CCCCCC,CCCCCC=CCC=CCCCCCCCC(=O)O,CCCCCC=CCC=CCCCCCCCC(=O)O,280.452,5.8845,37.3,1,1,14,0,0.722222,0,0,1,0,1,0,2,1,0,
87-69-4,O=C(O)C(O)C(O)C(=O)O,O=C(O)C(O)C(O)C(=O)O,O=C(O)C(O)C(O)C(=O)O,150.086,-2.1226,115.06,4,4,3,0,0.5,0,0,2,0,2,0,4,2,0,
6915-15-7,O=C(O)CC(O)C(=O)O,O=C(O)CC(O)C(=O)O,O=C(O)CC(O)C(=O)O,134.087,-1.0934,94.83,3,3,3,0,0.5,0,0,2,0,2,0,4,2,0,
56-12-2,O=C(O)CCCN,NCCCC(=O)O,NCCCC(=O)O,103.121,-0.1901,63.32,2,2,3,0,0.75,0,0,1,0,1,0,2,1,0,
79-14-1,O=C(O)CO,O=C(O)CO,O=C(O)CO,76.051,-0.9367,57.53,2,2,1,0,0.5,0,0,1,0,1,0,2,1,0,
60-00-4,O=C(O)CN(CC(=O)O)CCN(CC(=O)O)CC(=O)O,O=C(O)CN(CCN(CC(=O)O)CC(=O)O)CC(=O)O,O=C(O)CN(CCN(CC(=O)O)CC(=O)O)CC(=O)O,292.244,-2.0712,155.68,6,4,11,0,0.6,0,0,4,0,4,0,8,4,0,
60-32-2,O=C(O)CCCCCN,NCCCCCC(=O)O,NCCCCCC(=O)O,131.175,0.5901,63.32,2,2,5,0,0.833333,0,0,1,0,1,0,2,1,0,
99-96-7,O=C(O)C1=CC=C(O)C=C1,O=C(O)c1ccc(O)cc1,O=C(O)c1ccc(O)cc1,138.122,1.0904,57.53,2,2,1,1,0.0,0,0,1,0,1,0,2,1,0,
150-13-0,O=C(O)C1=CC=C(N)C=C1,Nc1ccc(C(=O)O)cc1,Nc1ccc(C(=O)O)cc1,137.138,0.967,63.32,2,2,1,1,0.0,0,0,1,0,1,0,2,1,0,
99-50-3,O=C(O)C1=CC=C(O)C(O)=C1,O=C(O)c1ccc(O)c(O)c1,O=C(O)c1ccc(O)c(O)c1,154.121,0.796,77.76,3,3,1,1,0.0,0,0,1,0,1,0,2,1,0,
1621-91-6,O=C(O)C1=NNC=C1,O=C(O)c1cc[nH]n1,O=C(O)c1cc[nH]n1,112.088,0.1079,65.98,2,2,1,1,0.0,0,0,1,0,1,0,2,1,0,
107-95-9,O=C(O)CCN,NCCC(=O)O,NCCC(=O)O,89.094,-0.5802,63.32,2,2,2,0,0.666667,0,0,1,0,1,0,2,1,0,
331-39-5,O=C(O)C=CC1=CC=C(O)C(O)=C1,O=C(O)C=Cc1ccc(O)c(O)c1,O=C(O)C=Cc1ccc(O)c(O)c1,180.159,1.1956,77.76,3,3,2,1,0.0,0,0,1,0,1,0,2,1,0,
97-67-6,O=C(O)CC(O)C(=O)O,O=C(O)CC(O)C(=O)O,O=C(O)CC(O)C(=O)O,134.087,-1.0934,94.83,3,3,3,0,0.5,0,0,2,0,2,0,4,2,0,
50-78-2,O=C(O)C=1C=CC=CC1OC(=O)C,CC(=O)Oc1ccccc1C(=O)O,CC(=O)Oc1ccccc1C(=O)O,180.159,1.3101,63.6,3,1,2,1,0.111111,0,0,1,0,1,0,2,1,0,
556-50-3,O=C(O)CNC(=O)CN,NCC(=O)NCC(=O)O,NCC(=O)NCC(=O)O,132.119,-1.8541,92.42,3,3,3,0,0.5,0,0,1,0,1,0,2,1,0,
123-99-9,O=C(O)CCCCCCCC(=O)O,O=C(O)CCCCCCCC(=O)O,O=C(O)CCCCCCCC(=O)O,188.223,1.8863,74.6,2,2,8,0,0.777778,0,0,2,0,2,0,4,2,0,
490-79-9,O=C(O)C1=CC(O)=CC=C1O,O=C(O)c1cc(O)ccc1O,O=C(O)c1cc(O)ccc1O,154.121,0.796,77.76,3,3,1,1,0.0,0,0,1,0,1,0,2,1,0,
90-64-2,O=C(O)C(O)C=1C=CC=CC1,O=C(O)C(O)c1ccccc1,O=C(O)C(O)c1ccccc1,152.149,0.8046,57.53,2,2,2,1,0.125,0,0,1,0,1,0,2,1,0,
89-00-9,O=C(O)C1=NC=CC=C1C(=O)O,O=C(O)c1cccnc1C(=O)O,O=C(O)c1cccnc1C(=O)O,167.12,0.478,87.49,3,2,2,1,0.0,0,0,2,0,2,0,4,2,0,
55-22-1,O=C(O)C=1C=CN=CC1,O=C(O)c1ccncc1,O=C(O)c1ccncc1,123.111,0.7798,50.19,2,1,1,1,0.0,0,0,1,0,1,0,2,1,0,
124-04-9,O=C(O)CCCCC(=O)O,O=C(O)CCCCC(=O)O,O=C(O)CCCCC(=O)O,146.142,0.716,74.6,2,2,5,0,0.666667,0,0,2,0,2,0,4,2,0,
338-69-2,O=C(O)C(N)C,CC(N)C(=O)O,CC(N)C(=O)O,89.094,-0.5818,63.32,2,2,1,0,0.666667,0,0,1,0,1,0,2,1,0,
874-24-8,O=C(O)C1=NC=CC=C1O,O=C(O)c1ncccc1O,O=C(O)c1ncccc1O,139.11,0.4854,70.42,3,2,1,1,0.0,0,0,1,0,1,0,2,1,0,
107-97-1,O=C(O)CNC,CNCC(=O)O,CNCC(=O)O,89.094,-0.7096,49.33,2,2,2,0,0.666667,0,0,1,0,1,0,2,1,0,
149-91-7,O=C(O)C1=CC(O)=C(O)C(O)=C1,O=C(O)c1cc(O)c(O)c(O)c1,O=C(O)c1cc(O)c(O)c(O)c1,170.12,0.5016,97.99,4,4,1,1,0.0,0,0,1,0,1,0,2,1,0,
634-97-9,O=C(O)C1=CC=CN1,O=C(O)c1ccc[nH]1,O=C(O)c1ccc[nH]1,111.1,0.7129,53.09,1,2,1,1,0.0,0,0,1,0,1,0,2,1,0,
121-34-6,O=C(O)C1=CC=C(O)C(OC)=C1,COc1cc(C(=O)O)ccc1O,COc1cc(C(=O)O)ccc1O,168.148,1.099,66.76,3,2,2,1,0.125,0,0,1,0,1,0,2,1,0,
611-71-2,O=C(O)C(O)C=1C=CC=CC1,O=C(O)C(O)c1ccccc1,O=C(O)C(O)c1ccccc1,152.149,0.8046,57.53,2,2,2,1,0.125,0,0,1,0,1,0,2,1,0,
100-09-4,O=C(O)C1=CC=C(OC)C=C1,COc1ccc(C(=O)O)cc1,COc1ccc(C(=O)O)cc1,152.149,1.3934,46.53,2,1,2,1,0.125,0,0,1,0,1,0,2,1,0,
99-10-5,O=C(O)C=1C=C(O)C=C(O)C1,O=C(O)c1cc(O)cc(O)c1,O=C(O)c1cc(O)cc(O)c1,154.121,0.796,77.76,3,3,1,1,0.0,0,0,1,0,1,0,2,1,0,
303-38-8,O=C(O)C=1C=CC=C(O)C1O,O=C(O)c1cccc(O)c1O,O=C(O)c1cccc(O)c1O,154.121,0.796,77.76,3,3,1,1,0.0,0,0,1,0,1,0,2,1,0,
23945-44-0,O=C(O)C1=CNC(=O)NC1=O,O=C(O)c1c[nH]c(=O)[nH]c1=O,O=C(O)c1c[nH]c(=O)[nH]c1=O,156.097,-1.2386,103.02,3,3,1,1,0.0,0,0,1,0,1,0,2,1,0,
98-98-6,O=C(O)C1=NC=CC=C1,O=C(O)c1ccccn1,O=C(O)c1ccccn1,123.111,0.7798,50.19,2,1,1,1,0.0,0,0,1,0,1,0,2,1,0,
86-87-3,O=C(O)CC1=CC=CC=2C=CC=CC21,O=C(O)Cc1cccc2ccccc12,O=C(O)Cc1cccc2ccccc12,186.21,2.4669,37.3,1,1,2,2,0.083333,0,0,1,0,1,0,2,1,0,
6089-09-4,O=C(O)CCC#C,C#CCCC(=O)O,C#CCCC(=O)O,98.101,0.4844,37.3,1,1,2,0,0.4,0,0,1,0,1,0,2,1,0,
24065-33-6,O=C(O)C=1SC(Cl)=CC1,O=C(O)c1ccc(Cl)s1,O=C(O)c1ccc(Cl)s1,162.597,2.0997,37.3,2,1,1,1,0.0,0,0,1,0,1,0,2,1,0,
530-57-4,O=C(O)C1=CC(OC)=C(O)C(OC)=C1,COc1cc(C(=O)O)cc(OC)c1O,COc1cc(C(=O)O)cc(OC)c1O,198.174,1.1076,75.99,4,2,3,1,0.222222,0,0,1,0,1,0,2,1,0,
619-66-9,O=CC1=CC=C(C=C1)C(=O)O,O=Cc1ccc(C(=O)O)cc1,O=Cc1ccc(C(=O)O)cc1,150.133,1.1973,54.37,2,1,2,1,0.0,0,0,1,0,1,0,2,1,0,
579-75-9,O=C(O)C=1C=CC=CC1OC,COc1ccccc1C(=O)O,COc1ccccc1C(=O)O,152.149,1.3934,46.53,2,1,2,1,0.125,0,0,1,0,1,0,2,1,0,
150-25-4,O=C(O)CN(CCO)CCO,O=C(O)CN(CCO)CCO,O=C(O)CN(CCO)CCO,163.173,-1.6424,81.0,4,3,6,0,0.833333,0,0,1,0,1,0,2,1,0,
93-07-2,O=C(O)C1=CC=C(OC)C(OC)=C1,COc1ccc(C(=O)O)cc1OC,COc1ccc(C(=O)O)cc1OC,182.175,1.402,55.76,3,1,3,1,0.222222,0,0,1,0,1,0,2,1,0,
93-10-7,O=C(O)C=1N=C2C=CC=CC2=CC1,O=C(O)c1ccc2ccccc2n1,O=C(O)c1ccc2ccccc2n1,173.171,1.933,50.19,2,1,1,2,0.0,0,0,1,0,1,0,2,1,0,
99-94-5,O=C(O)C1=CC=C(C=C1)C,Cc1ccc(C(=O)O)cc1,Cc1ccc(C(=O)O)cc1,136.15,1.69322,37.3,1,1,1,1,0.125,0,0,1,0,1,0,2,1,0,
74-11-3,O=C(O)C1=CC=C(Cl)C=C1,O=C(O)c1ccc(Cl)cc1,O=C(O)c1ccc(Cl)cc1,156.568,2.0382,37.3,1,1,1,1,0.0,0,0,1,0,1,0,2,1,0,
62-23-7,O=C(O)C1=CC=C(C=C1)N(=O)=O,O=C(O)c1ccc([N+](=O)[O-])cc1,O=C(O)c1ccc([N+](=O)[O-])cc1,167.12,1.293,80.44,3,1,2,1,0.0,0,0,1,0,1,0,2,1,0,
62-57-7,O=C(O)C(N)(C)C,CC(C)(N)C(=O)O,CC(C)(N)C(=O)O,103.121,-0.1917,63.32,2,2,1,0,0.75,0,0,1,0,1,0,2,1,0,
586-76-5,O=C(O)C1=CC=C(Br)C=C1,O=C(O)c1ccc(Br)cc1,O=C(O)c1ccc(Br)cc1,201.019,2.1473,37.3,1,1,1,1,0.0,0,0,1,0,1,0,2,1,0,
104-01-8,O=C(O)CC1=CC=C(OC)C=C1,COc1ccc(CC(=O)O)cc1,COc1ccc(CC(=O)O)cc1,166.176,1.3223,46.53,2,1,3,1,0.222222,0,0,1,0,1,0,2,1,0,
501-52-0,O=C(O)CCC=1C=CC=CC1,O=C(O)CCc1ccccc1,O=C(O)CCc1ccccc1,150.177,1.7038,37.3,1,1,3,1,0.222222,0,0,1,0,1,0,2,1,0,
50-84-0,O=C(O)C1=CC=C(Cl)C=C1Cl,O=C(O)c1ccc(Cl)cc1Cl,O=C(O)c1ccc(Cl)cc1Cl,191.013,2.6916,37.3,1,1,1,1,0.0,0,0,1,0,1,0,2,1,0,
581-96-4,O=C(O)CC=1C=CC=2C=CC=CC2C1,O=C(O)Cc1ccc2ccccc2c1,O=C(O)Cc1ccc2ccccc2c1,186.21,2.4669,37.3,1,1,2,2,0.083333,0,0,1,0,1,0,2,1,0,
111-16-0,O=C(O)CCCCCC(=O)O,O=C(O)CCCCCC(=O)O,O=C(O)CCCCCC(=O)O,160.169,1.1061,74.6,2,2,6,0,0.714286,0,0,2,0,2,0,4,2,0,
771-50-6,O=C(O)C1=CNC=2C=CC=CC21,O=C(O)c1c[nH]c2ccccc12,O=C(O)c1c[nH]c2ccccc12,161.16,1.8661,53.09,1,2,1,2,0.0,0,0,1,0,1,0,2,1,0,
879-65-2,O=C(O)C1=NC2=CC=CC=C2N=C1,O=C(O)c1cnc2ccccc2n1,O=C(O)c1cnc2ccccc2n1,174.159,1.328,63.08,3,1,1,2,0.0,0,0,1,0,1,0,2,1,0,
594-61-6,O=C(O)C(O)(C)C,CC(C)(O)C(=O)O,CC(C)(O)C(=O)O,104.105,-0.1581,57.53,2,2,1,0,0.75,0,0,1,0,1,0,2,1,0,
1492-24-6,O=C(O)C(N)CC,CCC(N)C(=O)O,CCC(N)C(=O)O,103.121,-0.1917,63.32,2,2,2,0,0.75,0,0,1,0,1,0,2,1,0,
118-91-2,O=C(O)C=1C=CC=CC1Cl,O=C(O)c1ccccc1Cl,O=C(O)c1ccccc1Cl,156.568,2.0382,37.3,1,1,1,1,0.0,0,0,1,0,1,0,2,1,0,
306-08-1,O=C(O)CC1=CC=C(O)C(OC)=C1,COc1cc(CC(=O)O)ccc1O,COc1cc(CC(=O)O)ccc1O,182.175,1.0279,66.76,3,2,3,1,0.222222,0,0,1,0,1,0,2,1,0,
123-76-2,O=C(O)CCC(=O)C,CC(=O)CCC(=O)O,CC(=O)CCC(=O)O,116.116,0.4402,54.37,2,1,3,0,0.6,0,0,1,0,1,0,2,1,0,
516-05-2,O=C(O)C(C(=O)O)C,CC(C(=O)O)C(=O)O,CC(C(=O)O)C(=O)O,118.088,-0.2083,74.6,2,2,2,0,0.5,0,0,2,0,2,0,4,2,0,
586-89-0,O=C(O)C1=CC=C(C=C1)C(=O)C,CC(=O)c1ccc(C(=O)O)cc1,CC(=O)c1ccc(C(=O)O)cc1,164.16,1.5874,54.37,2,1,2,1,0.111111,0,0,1,0,1,0,2,1,0,
118-41-2,O=C(O)C1=CC(OC)=C(OC)C(OC)=C1,COc1cc(C(=O)O)cc(OC)c1OC,COc1cc(C(=O)O)cc(OC)c1OC,212.201,1.4106,64.99,4,1,4,1,0.3,0,0,1,0,1,0,2,1,0,
89-86-1,O=C(O)C1=CC=C(O)C=C1O,O=C(O)c1ccc(O)cc1O,O=C(O)c1ccc(O)cc1O,154.121,0.796,77.76,3,3,1,1,0.0,0,0,1,0,1,0,2,1,0,
65-49-6,O=C(O)C1=CC=C(N)C=C1O,Nc1ccc(C(=O)O)c(O)c1,Nc1ccc(C(=O)O)c(O)c1,153.137,0.6726,83.55,3,3,1,1,0.0,0,0,1,0,1,0,2,1,0,
7254-19-5,O=C(O)C1=CC=2C=C(Br)C=CC2N1,O=C(O)c1cc2cc(Br)ccc2[nH]1,O=C(O)c1cc2cc(Br)ccc2[nH]1,240.056,2.6286,53.09,1,2,1,2,0.0,0,0,1,0,1,0,2,1,0,
556-33-2,O=C(O)CNC(=O)CNC(=O)CN,NCC(=O)NCC(=O)NCC(=O)O,NCC(=O)NCC(=O)NCC(=O)O,189.171,-2.7379,121.52,4,4,5,0,0.5,0,0,1,0,1,0,2,1,0,
10349-57-2,O=C(O)C1=CC=C2N=CC=CC2=C1,O=C(O)c1ccc2ncccc2c1,O=C(O)c1ccc2ncccc2c1,173.171,1.933,50.19,2,1,1,2,0.0,0,0,1,0,1,0,2,1,0,
302-72-7,O=C(O)C(N)C,CC(N)C(=O)O,CC(N)C(=O)O,89.094,-0.5818,63.32,2,2,1,0,0.666667,0,0,1,0,1,0,2,1,0,
1118-68-9,O=C(O)CN(C)C,CN(C)CC(=O)O,CN(C)CC(=O)O,103.121,-0.3674,40.54,2,1,2,0,0.75,0,0,1,0,1,0,2,1,0,
617-62-9,O=C(O)CCC(C(=O)O)C,CC(CCC(=O)O)C(=O)O,CC(CCC(=O)O)C(=O)O,146.142,0.5719,74.6,2,2,4,0,0.666667,0,0,2,0,2,0,4,2,0,
636-61-3,O=C(O)CC(O)C(=O)O,O=C(O)CC(O)C(=O)O,O=C(O)CC(O)C(=O)O,134.087,-1.0934,94.83,3,3,3,0,0.5,0,0,2,0,2,0,4,2,0,
632-20-2,O=C(O)C(N)C(O)C,CC(O)C(N)C(=O)O,CC(O)C(N)C(=O)O,119.12,-1.2209,83.55,3,3,2,0,0.75,0,0,1,0,1,0,2,1,0,
110-94-1,O=C(O)CCCC(=O)O,O=C(O)CCCC(=O)O,O=C(O)CCCC(=O)O,132.115,0.3259,74.6,2,2,4,0,0.6,0,0,2,0,2,0,4,2,0,
98-89-5,O=C(O)C1CCCCC1,O=C(O)C1CCCCC1,O=C(O)C1CCCCC1,128.171,1.6513,37.3,1,1,1,0,0.857143,0,0,1,0,1,0,2,1,0,
88-14-2,O=C(O)C=1OC=CC1,O=C(O)c1ccco1,O=C(O)c1ccco1,112.084,0.9778,50.44,2,1,1,1,0.0,0,0,1,0,1,0,2,1,0,
499-83-2,O=C(O)C=1N=C(C=CC1)C(=O)O,O=C(O)c1cccc(C(=O)O)n1,O=C(O)c1cccc(C(=O)O)n1,167.12,0.478,87.49,3,2,2,1,0.0,0,0,2,0,2,0,4,2,0,
99-05-8,O=C(O)C=1C=CC=C(N)C1,Nc1cccc(C(=O)O)c1,Nc1cccc(C(=O)O)c1,137.138,0.967,63.32,2,2,1,1,0.0,0,0,1,0,1,0,2,1,0,
93-09-4,O=C(O)C=1C=CC=2C=CC=CC2C1,O=C(O)c1ccc2ccccc2c1,O=C(O)c1ccc2ccccc2c1,172.183,2.538,37.3,1,1,1,2,0.0,0,0,1,0,1,0,2,1,0,
552-16-9,O=C(O)C=1C=CC=CC1N(=O)=O,O=C(O)c1ccccc1[N+](=O)[O-],O=C(O)c1ccccc1[N+](=O)[O-],167.12,1.293,80.44,3,1,2,1,0.0,0,0,1,0,1,0,2,1,0,
446-08-2,O=C(O)C1=CC(F)=CC=C1N,Nc1ccc(F)cc1C(=O)O,Nc1ccc(F)cc1C(=O)O,155.128,1.1061,63.32,2,2,1,1,0.0,0,0,1,0,1,0,2,1,0,
127-17-3,O=C(O)C(=O)C,CC(=O)C(=O)O,CC(=O)C(=O)O,88.062,-0.34,54.37,2,1,1,0,0.333333,0,0,1,0,1,0,2,1,0,
541-48-0,O=C(O)CC(N)C,CC(N)CC(=O)O,CC(N)CC(=O)O,103.121,-0.1917,63.32,2,2,2,0,0.75,0,0,1,0,1,0,2,1,0,
456-22-4,O=C(O)C1=CC=C(F)C=C1,O=C(O)c1ccc(F)cc1,O=C(O)c1ccc(F)cc1,140.113,1.5239,37.3,1,1,1,1,0.0,0,0,1,0,1,0,2,1,0,
56-69-9,O=C(O)C(N)CC1=CNC=2C=CC(O)=CC21,NC(Cc1c[nH]c2ccc(O)cc12)C(=O)O,NC(Cc1c[nH]c2ccc(O)cc12)C(=O)O,220.228,0.8279,99.34,3,4,3,2,0.181818,0,0,1,0,1,0,2,1,0,
97-61-0,O=C(O)C(C)CCC,CCCC(C)C(=O)O,CCCC(C)C(=O)O,116.16,1.5072,37.3,1,1,3,0,0.833333,0,0,1,0,1,0,2,1,0,
492-37-5,O=C(O)C(C=1C=CC=CC1)C,CC(C(=O)O)c1ccccc1,CC(C(=O)O)c1ccccc1,150.177,1.8747,37.3,1,1,2,1,0.222222,0,0,1,0,1,0,2,1,0,
2612-02-4,O=C(O)C1=CC(OC)=CC=C1O,COc1ccc(O)c(C(=O)O)c1,COc1ccc(O)c(C(=O)O)c1,168.148,1.099,66.76,3,2,2,1,0.125,0,0,1,0,1,0,2,1,0,
99-06-9,O=C(O)C=1C=CC=C(O)C1,O=C(O)c1cccc(O)c1,O=C(O)c1cccc(O)c1,138.122,1.0904,57.53,2,2,1,1,0.0,0,0,1,0,1,0,2,1,0,
4350-09-8,O=C(O)C(N)CC1=CNC=2C=CC(O)=CC21,NC(Cc1c[nH]c2ccc(O)cc12)C(=O)O,NC(Cc1c[nH]c2ccc(O)cc12)C(=O)O,220.228,0.8279,99.34,3,4,3,2,0.181818,0,0,1,0,1,0,2,1,0,
116-53-0,O=C(O)C(C)CC,CCC(C)C(=O)O,CCC(C)C(=O)O,102.133,1.1171,37.3,1,1,2,0,0.8,0,0,1,0,1,0,2,1,0,
577-56-0,O=C(O)C=1C=CC=CC1C(=O)C,CC(=O)c1ccccc1C(=O)O,CC(=O)c1ccccc1C(=O)O,164.16,1.5874,54.37,2,1,2,1,0.111111,0,0,1,0,1,0,2,1,0,
619-04-5,O=C(O)C1=CC=C(C(=C1)C)C,Cc1ccc(C(=O)O)cc1C,Cc1ccc(C(=O)O)cc1C,150.177,2.00164,37.3,1,1,1,1,0.222222,0,0,1,0,1,0,2,1,0,
97-65-4,O=C(O)C(=C)CC(=O)O,C=C(CC(=O)O)C(=O)O,C=C(CC(=O)O)C(=O)O,130.099,0.1019,74.6,2,2,3,0,0.2,0,0,2,0,2,0,4,2,0,
536-66-3,O=C(O)C1=CC=C(C=C1)C(C)C,CC(C)c1ccc(C(=O)O)cc1,CC(C)c1ccc(C(=O)O)cc1,164.204,2.5082,37.3,1,1,2,1,0.3,0,0,1,0,1,0,2,1,0,
83-40-9,O=C(O)C1=CC=CC(=C1O)C,Cc1cccc(C(=O)O)c1O,Cc1cccc(C(=O)O)c1O,152.149,1.39882,57.53,2,2,1,1,0.125,0,0,1,0,1,0,2,1,0,
1466-76-8,O=C(O)C=1C(OC)=CC=CC1OC,COc1cccc(OC)c1C(=O)O,COc1cccc(OC)c1C(=O)O,182.175,1.402,55.76,3,1,3,1,0.222222,0,0,1,0,1,0,2,1,0,
17199-29-0,O=C(O)C(O)C=1C=CC=CC1,O=C(O)C(O)c1ccccc1,O=C(O)C(O)c1ccccc1,152.149,0.8046,57.53,2,2,2,1,0.125,0,0,1,0,1,0,2,1,0,
1878-66-6,O=C(O)CC1=CC=C(Cl)C=C1,O=C(O)Cc1ccc(Cl)cc1,O=C(O)Cc1ccc(Cl)cc1,170.595,1.9671,37.3,1,1,2,1,0.125,0,0,1,0,1,0,2,1,0,
635-21-2,O=C(O)C1=CC(Cl)=CC=C1N,Nc1ccc(Cl)cc1C(=O)O,Nc1ccc(Cl)cc1C(=O)O,171.583,1.6204,63.32,2,2,1,1,0.0,0,0,1,0,1,0,2,1,0,
20776-50-5,O=C(O)C1=CC=C(Br)C=C1N,Nc1cc(Br)ccc1C(=O)O,Nc1cc(Br)ccc1C(=O)O,216.034,1.7295,63.32,2,2,1,1,0.0,0,0,1,0,1,0,2,1,0,
104-03-0,O=C(O)CC1=CC=C(C=C1)N(=O)=O,O=C(O)Cc1ccc([N+](=O)[O-])cc1,O=C(O)Cc1ccc([N+](=O)[O-])cc1,181.147,1.2219,80.44,3,1,3,1,0.125,0,0,1,0,1,0,2,1,0,
96-97-9,O=C(O)C1=CC(=CC=C1O)N(=O)=O,O=C(O)c1cc([N+](=O)[O-])ccc1O,O=C(O)c1cc([N+](=O)[O-])ccc1O,183.119,0.9986,100.67,4,2,2,1,0.0,0,0,1,0,1,0,2,1,0,
527-72-0,O=C(O)C=1SC=CC1,O=C(O)c1cccs1,O=C(O)c1cccs1,128.152,1.4463,37.3,2,1,1,1,0.0,0,0,1,0,1,0,2,1,0,
34592-47-7,O=C(O)C1NCSC1,O=C(O)C1CSCN1,O=C(O)C1CSCN1,133.172,-0.2665,49.33,3,2,1,0,0.75,0,0,1,0,1,0,2,1,0,
16694-18-1,O=C(O)C=1SC=C(Br)C1,O=C(O)c1cc(Br)cs1,O=C(O)c1cc(Br)cs1,207.048,2.2088,37.3,2,1,1,1,0.0,0,0,1,0,1,0,2,1,0,
94-53-1,O=C(O)C1=CC=C2OCOC2=C1,O=C(O)c1ccc2c(c1)OCO2,O=C(O)c1ccc2c(c1)OCO2,166.132,1.1135,55.76,3,1,1,1,0.125,0,0,1,0,1,0,2,1,0,
94-75-7,O=C(O)COC1=CC=C(Cl)C=C1Cl,O=C(O)COc1ccc(Cl)cc1Cl,O=C(O)COc1ccc(Cl)cc1Cl,221.039,2.4568,46.53,2,1,3,1,0.125,0,0,1,0,1,0,2,1,0,
79-09-4,O=C(O)CC,CCC(=O)O,CCC(=O)O,74.079,0.481,37.3,1,1,1,0,0.666667,0,0,1,0,1,0,2,1,0,
4839-46-7,O=C(O)CC(C)(C)CC(=O)O,CC(C)(CC(=O)O)CC(=O)O,CC(C)(CC(=O)O)CC(=O)O,160.169,0.962,74.6,2,2,4,0,0.714286,0,0,2,0,2,0,4,2,0,
111-20-6,O=C(O)CCCCCCCCC(=O)O,O=C(O)CCCCCCCCC(=O)O,O=C(O)CCCCCCCCC(=O)O,202.25,2.2764,74.6,2,2,9,0,0.8,0,0,2,0,2,0,4,2,0,
50-30-6,O=C(O)C=1C(Cl)=CC=CC1Cl,O=C(O)c1c(Cl)cccc1Cl,O=C(O)c1c(Cl)cccc1Cl,191.013,2.6916,37.3,1,1,1,1,0.0,0,0,1,0,1,0,2,1,0,
535-80-8,O=C(O)C=1C=CC=C(Cl)C1,O=C(O)c1cccc(Cl)c1,O=C(O)c1cccc(Cl)c1,156.568,2.0382,37.3,1,1,1,1,0.0,0,0,1,0,1,0,2,1,0,
89-77-0,O=C(O)C1=CC=C(Cl)C=C1N,Nc1cc(Cl)ccc1C(=O)O,Nc1cc(Cl)ccc1C(=O)O,171.583,1.6204,63.32,2,2,1,1,0.0,0,0,1,0,1,0,2,1,0,
394-31-0,O=C(O)C1=CC(O)=CC=C1N,Nc1ccc(O)cc1C(=O)O,Nc1ccc(O)cc1C(=O)O,153.137,0.6726,83.55,3,3,1,1,0.0,0,0,1,0,1,0,2,1,0,
91-40-7,O=C(O)C=1C=CC=CC1NC=2C=CC=CC2,O=C(O)c1ccccc1Nc1ccccc1,O=C(O)c1ccccc1Nc1ccccc1,213.236,3.1284,49.33,2,2,3,2,0.0,0,0,1,0,1,0,2,1,0,
2835-81-6,O=C(O)C(N)CC,CCC(N)C(=O)O,CCC(N)C(=O)O,103.121,-0.1917,63.32,2,2,2,0,0.75,0,0,1,0,1,0,2,1,0,
1132-21-4,O=C(O)C=1C=C(OC)C=C(OC)C1,COc1cc(OC)cc(C(=O)O)c1,COc1cc(OC)cc(C(=O)O)c1,182.175,1.402,55.76,3,1,3,1,0.222222,0,0,1,0,1,0,2,1,0,
934-60-1,O=C(O)C=1N=C(C=CC1)C,Cc1cccc(C(=O)O)n1,Cc1cccc(C(=O)O)n1,137.138,1.08822,50.19,2,1,1,1,0.142857,0,0,1,0,1,0,2,1,0,
2941-78-8,O=C(O)C1=CC(=CC=C1N)C,Cc1ccc(N)c(C(=O)O)c1,Cc1ccc(N)c(C(=O)O)c1,151.165,1.27542,63.32,2,2,1,1,0.125,0,0,1,0,1,0,2,1,0,
7311-63-9,O=C(O)C=1SC(Br)=CC1,O=C(O)c1ccc(Br)s1,O=C(O)c1ccc(Br)s1,207.048,2.2088,37.3,2,1,1,1,0.0,0,0,1,0,1,0,2,1,0,
65-86-1,O=C1C=C(NC(=O)N1)C(=O)O,O=C(O)c1cc(=O)[nH]c(=O)[nH]1,O=C(O)c1cc(=O)[nH]c(=O)[nH]1,156.097,-1.2386,103.02,3,3,1,1,0.0,0,0,1,0,1,0,2,1,0,
122-59-8,O=C(O)COC=1C=CC=CC1,O=C(O)COc1ccccc1,O=C(O)COc1ccccc1,152.149,1.15,46.53,2,1,3,1,0.125,0,0,1,0,1,0,2,1,0,
585-76-2,O=C(O)C=1C=CC=C(Br)C1,O=C(O)c1cccc(Br)c1,O=C(O)c1cccc(Br)c1,201.019,2.1473,37.3,1,1,1,1,0.0,0,0,1,0,1,0,2,1,0,
92-70-6,O=C(O)C1=CC=2C=CC=CC2C=C1O,O=C(O)c1cc2ccccc2cc1O,O=C(O)c1cc2ccccc2cc1O,188.182,2.2436,57.53,2,2,1,2,0.0,0,0,1,0,1,0,2,1,0,
79-43-6,O=C(O)C(Cl)Cl,O=C(O)C(Cl)Cl,O=C(O)C(Cl)Cl,128.942,0.8747,37.3,1,1,1,0,0.5,0,0,1,0,1,0,2,1,0,
328-42-7,O=C(O)C(=O)CC(=O)O,O=C(O)CC(=O)C(=O)O,O=C(O)CC(=O)C(=O)O,132.071,-0.8852,91.67,3,2,3,0,0.25,0,0,2,0,2,0,4,2,0,
444-27-9,O=C(O)C1NCSC1,O=C(O)C1CSCN1,O=C(O)C1CSCN1,133.172,-0.2665,49.33,3,2,1,0,0.75,0,0,1,0,1,0,2,1,0,
1918-77-0,O=C(O)CC=1SC=CC1,O=C(O)Cc1cccs1,O=C(O)Cc1cccs1,142.179,1.3752,37.3,2,1,2,1,0.166667,0,0,1,0,1,0,2,1,0,
4294-95-5,O=C(O)C1=CC=C(OC)C=C1N,COc1ccc(C(=O)O)c(N)c1,COc1ccc(C(=O)O)c(N)c1,167.164,0.9756,72.55,3,2,2,1,0.125,0,0,1,0,1,0,2,1,0,
77-95-2,O=C(O)C1(O)CC(O)C(O)C(O)C1,O=C(O)C1(O)CC(O)C(O)C(O)C1,O=C(O)C1(O)CC(O)C(O)C(O)C1,192.167,-2.3214,118.22,5,5,1,0,0.857143,0,0,1,0,1,0,2,1,0,
1521-38-6,O=C(O)C=1C=CC=C(OC)C1OC,COc1cccc(C(=O)O)c1OC,COc1cccc(C(=O)O)c1OC,182.175,1.402,55.76,3,1,3,1,0.222222,0,0,1,0,1,0,2,1,0,
321-14-2,O=C(O)C1=CC(Cl)=CC=C1O,O=C(O)c1cc(Cl)ccc1O,O=C(O)c1cc(Cl)ccc1O,172.567,1.7438,57.53,2,2,1,1,0.0,0,0,1,0,1,0,2,1,0,
446-32-2,O=C(O)C1=CC=C(F)C=C1N,Nc1cc(F)ccc1C(=O)O,Nc1cc(F)ccc1C(=O)O,155.128,1.1061,63.32,2,2,1,1,0.0,0,0,1,0,1,0,2,1,0,
490-11-9,O=C(O)C=1C=NC=CC1C(=O)O,O=C(O)c1ccncc1C(=O)O,O=C(O)c1ccncc1C(=O)O,167.12,0.478,87.49,3,2,2,1,0.0,0,0,2,0,2,0,4,2,0,
121-92-6,O=C(O)C1=CC=CC(=C1)N(=O)=O,O=C(O)c1cccc([N+](=O)[O-])c1,O=C(O)c1cccc([N+](=O)[O-])c1,167.12,1.293,80.44,3,1,2,1,0.0,0,0,1,0,1,0,2,1,0,
147-71-7,O=C(O)C(O)C(O)C(=O)O,O=C(O)C(O)C(O)C(=O)O,O=C(O)C(O)C(O)C(=O)O,150.086,-2.1226,115.06,4,4,3,0,0.5,0,0,2,0,2,0,4,2,0,
123-93-3,O=C(O)CSCC(=O)O,O=C(O)CSCC(=O)O,O=C(O)CSCC(=O)O,150.155,-0.1112,74.6,3,2,4,0,0.5,0,0,2,0,2,0,4,2,0,
505-48-6,O=C(O)CCCCCCC(=O)O,O=C(O)CCCCCCC(=O)O,O=C(O)CCCCCCC(=O)O,174.196,1.4962,74.6,2,2,7,0,0.75,0,0,2,0,2,0,4,2,0,
660-88-8,O=C(O)CCCCN,NCCCCC(=O)O,NCCCCC(=O)O,117.148,0.2,63.32,2,2,4,0,0.8,0,0,1,0,1,0,2,1,0,
2305-36-4,O=C(O)C1=CC=C(C=C1N)C,Cc1ccc(C(=O)O)c(N)c1,Cc1ccc(C(=O)O)c(N)c1,151.165,1.27542,63.32,2,2,1,1,0.125,0,0,1,0,1,0,2,1,0,
499-81-0,O=C(O)C1=CN=CC(=C1)C(=O)O,O=C(O)c1cncc(C(=O)O)c1,O=C(O)c1cncc(C(=O)O)c1,167.12,0.478,87.49,3,2,2,1,0.0,0,0,2,0,2,0,4,2,0,
645-08-9,O=C(O)C1=CC=C(OC)C(O)=C1,COc1ccc(C(=O)O)cc1O,COc1ccc(C(=O)O)cc1O,168.148,1.099,66.76,3,2,2,1,0.125,0,0,1,0,1,0,2,1,0,
637-44-5,O=C(O)C#CC=1C=CC=CC1,O=C(O)C#Cc1ccccc1,O=C(O)C#Cc1ccccc1,146.145,1.1227,37.3,1,1,0,1,0.0,0,0,1,0,1,0,2,1,0,
614-19-7,O=C(O)CC(N)C=1C=CC=CC1,NC(CC(=O)O)c1ccccc1,NC(CC(=O)O)c1ccccc1,165.192,1.1611,63.32,2,2,3,1,0.222222,0,0,1,0,1,0,2,1,0,
138-41-0,O=C(O)C1=CC=C(C=C1)S(=O)(=O)N,NS(=O)(=O)c1ccc(C(=O)O)cc1,NS(=O)(=O)c1ccc(C(=O)O)cc1,201.203,0.0322,97.46,3,2,2,1,0.0,0,0,1,0,1,0,2,1,0,
2019-34-3,O=C(O)CCC1=CC=C(Cl)C=C1,O=C(O)CCc1ccc(Cl)cc1,O=C(O)CCc1ccc(Cl)cc1,184.622,2.3572,37.3,1,1,3,1,0.222222,0,0,1,0,1,0,2,1,0,
609-99-4,O=C(O)C=1C=C(C=C(C1O)N(=O)=O)N(=O)=O,O=C(O)c1cc([N+](=O)[O-])cc([N+](=O)[O-])c1O,O=C(O)c1cc([N+](=O)[O-])cc([N+](=O)[O-])c1O,228.116,0.9068,143.81,6,2,3,1,0.0,0,0,1,0,1,0,2,1,0,
600-18-0,O=C(O)C(=O)CC,CCC(=O)C(=O)O,CCC(=O)C(=O)O,102.089,0.0501,54.37,2,1,2,0,0.5,0,0,1,0,1,0,2,1,0,
28954-12-3,O=C(O)C(N)C(O)C,CC(O)C(N)C(=O)O,CC(O)C(N)C(=O)O,119.12,-1.2209,83.55,3,3,2,0,0.75,0,0,1,0,1,0,2,1,0,
121-91-5,O=C(O)C1=CC=CC(=C1)C(=O)O,O=C(O)c1cccc(C(=O)O)c1,O=C(O)c1cccc(C(=O)O)c1,166.132,1.083,74.6,2,2,2,1,0.0,0,0,2,0,2,0,4,2,0,
3235-69-6,O=C(O)CN1CCOCC1,O=C(O)CN1CCOCC1,O=C(O)CN1CCOCC1,145.158,-0.5968,49.77,3,1,2,0,0.833333,0,0,1,0,1,0,2,1,0,
103-01-5,O=C(O)CNC=1C=CC=CC1,O=C(O)CNc1ccccc1,O=C(O)CNc1ccccc1,151.165,1.1831,49.33,2,2,3,1,0.125,0,0,1,0,1,0,2,1,0,
455-38-9,O=C(O)C=1C=CC=C(F)C1,O=C(O)c1cccc(F)c1,O=C(O)c1cccc(F)c1,140.113,1.5239,37.3,1,1,1,1,0.0,0,0,1,0,1,0,2,1,0,
1877-73-2,O=C(O)CC=1C=CC=C(C1)N(=O)=O,O=C(O)Cc1cccc([N+](=O)[O-])c1,O=C(O)Cc1cccc([N+](=O)[O-])c1,181.147,1.2219,80.44,3,1,3,1,0.125,0,0,1,0,1,0,2,1,0,
590-93-2,O=C(O)C#CC,CC#CC(=O)O,CC#CC(=O)O,84.074,0.0943,37.3,1,1,0,0,0.25,0,0,1,0,1,0,2,1,0,
105-43-1,O=C(O)CC(C)CC,CCC(C)CC(=O)O,CCC(C)CC(=O)O,116.16,1.5072,37.3,1,1,3,0,0.833333,0,0,1,0,1,0,2,1,0,
118-90-1,O=C(O)C=1C=CC=CC1C,Cc1ccccc1C(=O)O,Cc1ccccc1C(=O)O,136.15,1.69322,37.3,1,1,1,1,0.125,0,0,1,0,1,0,2,1,0,
622-47-9,O=C(O)CC1=CC=C(C=C1)C,Cc1ccc(CC(=O)O)cc1,Cc1ccc(CC(=O)O)cc1,150.177,1.62212,37.3,1,1,2,1,0.222222,0,0,1,0,1,0,2,1,0,
98-73-7,O=C(O)C1=CC=C(C=C1)C(C)(C)C,CC(C)(C)c1ccc(C(=O)O)cc1,CC(C)(C)c1ccc(C(=O)O)cc1,178.231,2.6823,37.3,1,1,1,1,0.363636,0,0,1,0,1,0,2,1,0,
1929-29-9,O=C(O)CCC1=CC=C(OC)C=C1,COc1ccc(CCC(=O)O)cc1,COc1ccc(CCC(=O)O)cc1,180.203,1.7124,46.53,2,1,4,1,0.3,0,0,1,0,1,0,2,1,0,
5794-88-7,O=C(O)C1=CC(Br)=CC=C1N,Nc1ccc(Br)cc1C(=O)O,Nc1ccc(Br)cc1C(=O)O,216.034,1.7295,63.32,2,2,1,1,0.0,0,0,1,0,1,0,2,1,0,
492-86-4,O=C(O)C(O)C1=CC=C(Cl)C=C1,O=C(O)C(O)c1ccc(Cl)cc1,O=C(O)C(O)c1ccc(Cl)cc1,186.594,1.458,57.53,2,2,2,1,0.125,0,0,1,0,1,0,2,1,0,
122-88-3,O=C(O)COC1=CC=C(Cl)C=C1,O=C(O)COc1ccc(Cl)cc1,O=C(O)COc1ccc(Cl)cc1,186.594,1.8034,46.53,2,1,3,1,0.125,0,0,1,0,1,0,2,1,0,
541-47-9,O=C(O)C=C(C)C,CC(C)=CC(=O)O,CC(C)=CC(=O)O,100.117,1.0372,37.3,1,1,1,0,0.4,0,0,1,0,1,0,2,1,0,
304-55-2,O=C(O)C(S)C(S)C(=O)O,O=C(O)C(S)C(S)C(=O)O,O=C(O)C(S)C(S)C(=O)O,182.222,-0.2476,74.6,4,4,3,0,0.5,0,0,2,0,2,0,4,2,0,
586-38-9,O=C(O)C=1C=CC=C(OC)C1,COc1cccc(C(=O)O)c1,COc1cccc(C(=O)O)c1,152.149,1.3934,46.53,2,1,2,1,0.125,0,0,1,0,1,0,2,1,0,
6705-03-9,O=C(O)C1=CC(OC)=CC=C1N,COc1ccc(N)c(C(=O)O)c1,COc1ccc(N)c(C(=O)O)c1,167.164,0.9756,72.55,3,2,2,1,0.125,0,0,1,0,1,0,2,1,0,
4442-54-0,O=C(O)C1=CC=C2OCCOC2=C1,O=C(O)c1ccc2c(c1)OCCO2,O=C(O)c1ccc2c(c1)OCCO2,180.159,1.156,55.76,3,1,1,1,0.222222,0,0,1,0,1,0,2,1,0,
625-45-6,O=C(O)COC,COCC(=O)O,COCC(=O)O,90.078,-0.2826,46.53,2,1,2,0,0.666667,0,0,1,0,1,0,2,1,0,
2623-91-8,O=C(O)C(N)CC,CCC(N)C(=O)O,CCC(N)C(=O)O,103.121,-0.1917,63.32,2,2,2,0,0.75,0,0,1,0,1,0,2,1,0,
2345-34-8,O=C(O)C1=CC=C(OC(=O)C)C=C1,CC(=O)Oc1ccc(C(=O)O)cc1,CC(=O)Oc1ccc(C(=O)O)cc1,180.159,1.3101,63.6,3,1,2,1,0.111111,0,0,1,0,1,0,2,1,0,
53293-00-8,O=C(O)CCCC#C,C#CCCCC(=O)O,C#CCCCC(=O)O,112.128,0.8745,37.3,1,1,3,0,0.5,0,0,1,0,1,0,2,1,0,
303-07-1,O=C(O)C=1C(O)=CC=CC1O,O=C(O)c1c(O)cccc1O,O=C(O)c1c(O)cccc1O,154.121,0.796,77.76,3,3,1,1,0.0,0,0,1,0,1,0,2,1,0,
86-55-5,O=C(O)C1=CC=CC=2C=CC=CC21,O=C(O)c1cccc2ccccc12,O=C(O)c1cccc2ccccc12,172.183,2.538,37.3,1,1,1,2,0.0,0,0,1,0,1,0,2,1,0,
85-38-1,O=C(O)C1=CC=CC(=C1O)N(=O)=O,O=C(O)c1cccc([N+](=O)[O-])c1O,O=C(O)c1cccc([N+](=O)[O-])c1O,183.119,0.9986,100.67,4,2,2,1,0.0,0,0,1,0,1,0,2,1,0,
142-62-1,O=C(O)CCCCC,CCCCCC(=O)O,CCCCCC(=O)O,116.16,1.6513,37.3,1,1,4,0,0.833333,0,0,1,0,1,0,2,1,0,
111-14-8,O=C(O)CCCCCC,CCCCCCC(=O)O,CCCCCCC(=O)O,130.187,2.0414,37.3,1,1,5,0,0.857143,0,0,1,0,1,0,2,1,0,
711-02-4,O=C(O)C12CCC(C(=O)O)(CC1)CC2,O=C(O)C12CCC(C(=O)O)(CC1)CC2,O=C(O)C12CCC(C(=O)O)(CC1)CC2,198.218,1.4962,74.6,2,2,2,0,0.8,0,0,2,0,2,0,4,2,0,
619-84-1,O=C(O)C1=CC=C(C=C1)N(C)C,CN(C)c1ccc(C(=O)O)cc1,CN(C)c1ccc(C(=O)O)cc1,165.192,1.4508,40.54,2,1,2,1,0.222222,0,0,1,0,1,0,2,1,0,
602-94-8,O=C(O)C=1C(F)=C(F)C(F)=C(F)C1F,O=C(O)c1c(F)c(F)c(F)c(F)c1F,O=C(O)c1c(F)c(F)c(F)c(F)c1F,212.073,2.0803,37.3,1,1,1,1,0.0,0,0,1,0,1,0,2,1,0,
405-50-5,O=C(O)CC1=CC=C(F)C=C1,O=C(O)Cc1ccc(F)cc1,O=C(O)Cc1ccc(F)cc1,154.14,1.4528,37.3,1,1,2,1,0.125,0,0,1,0,1,0,2,1,0,
109-52-4,O=C(O)CCCC,CCCCC(=O)O,CCCCC(=O)O,102.133,1.2612,37.3,1,1,3,0,0.8,0,0,1,0,1,0,2,1,0,
1918-79-2,O=C(O)C=1SC(=CC1)C,Cc1ccc(C(=O)O)s1,Cc1ccc(C(=O)O)s1,142.179,1.75472,37.3,2,1,1,1,0.166667,0,0,1,0,1,0,2,1,0,
480-63-7,O=C(O)C=1C(=CC(=CC1C)C)C,Cc1cc(C)c(C(=O)O)c(C)c1,Cc1cc(C)c(C(=O)O)c(C)c1,164.204,2.31006,37.3,1,1,1,1,0.3,0,0,1,0,1,0,2,1,0,
874-61-3,O=C(O)C1CCC(=O)CC1,O=C1CCC(C(=O)O)CC1,O=C1CCC(C(=O)O)CC1,142.154,0.8303,54.37,2,1,1,0,0.714286,0,0,1,0,1,0,2,1,0,
500-05-0,O=C1OC=C(C=C1)C(=O)O,O=C(O)c1ccc(=O)oc1,O=C(O)c1ccc(=O)oc1,140.094,0.338,67.51,3,1,1,1,0.0,0,0,1,0,1,0,2,1,0,
6317-37-9,O=C(O)C=1SC(=CC1)N(=O)=O,O=C(O)c1ccc([N+](=O)[O-])s1,O=C(O)c1ccc([N+](=O)[O-])s1,173.149,1.3545,80.44,4,1,2,1,0.0,0,0,1,0,1,0,2,1,0,
619-21-6,O=CC1=CC=CC(=C1)C(=O)O,O=Cc1cccc(C(=O)O)c1,O=Cc1cccc(C(=O)O)c1,150.133,1.1973,54.37,2,1,2,1,0.0,0,0,1,0,1,0,2,1,0,
331-25-9,O=C(O)CC=1C=CC=C(F)C1,O=C(O)Cc1cccc(F)c1,O=C(O)Cc1cccc(F)c1,154.14,1.4528,37.3,1,1,2,1,0.125,0,0,1,0,1,0,2,1,0,
619-17-0,O=C(O)C1=CC=C(C=C1N)N(=O)=O,Nc1cc([N+](=O)[O-])ccc1C(=O)O,Nc1cc([N+](=O)[O-])ccc1C(=O)O,182.135,0.8752,106.46,4,2,2,1,0.0,0,0,1,0,1,0,2,1,0,
75-98-9,O=C(O)C(C)(C)C,CC(C)(C)C(=O)O,CC(C)(C)C(=O)O,102.133,1.1171,37.3,1,1,0,0,0.8,0,0,1,0,1,0,2,1,0,
68-11-1,O=C(O)CS,O=C(O)CS,O=C(O)CS,92.119,0.0008,37.3,2,2,1,0,0.5,0,0,1,0,1,0,2,1,0,
107-92-6,O=C(O)CCC,CCCC(=O)O,CCCC(=O)O,88.106,0.8711,37.3,1,1,2,0,0.75,0,0,1,0,1,0,2,1,0,
24830-94-2,O=C(O)C(N)C(O)C,CC(O)C(N)C(=O)O,CC(O)C(N)C(=O)O,119.12,-1.2209,83.55,3,3,2,0,0.75,0,0,1,0,1,0,2,1,0,
499-06-9,O=C(O)C=1C=C(C=C(C1)C)C,Cc1cc(C)cc(C(=O)O)c1,Cc1cc(C)cc(C(=O)O)c1,150.177,2.00164,37.3,1,1,1,1,0.222222,0,0,1,0,1,0,2,1,0,
632-46-2,O=C(O)C=1C(=CC=CC1C)C,Cc1cccc(C)c1C(=O)O,Cc1cccc(C)c1C(=O)O,150.177,2.00164,37.3,1,1,1,1,0.222222,0,0,1,0,1,0,2,1,0,
610-72-0,O=C(O)C1=CC(=CC=C1C)C,Cc1ccc(C)c(C(=O)O)c1,Cc1ccc(C)c(C(=O)O)c1,150.177,2.00164,37.3,1,1,1,1,0.222222,0,0,1,0,1,0,2,1,0,
99-64-9,O=C(O)C1=CC=CC(=C1)N(C)C,CN(C)c1cccc(C(=O)O)c1,CN(C)c1cccc(C(=O)O)c1,165.192,1.4508,40.54,2,1,2,1,0.222222,0,0,1,0,1,0,2,1,0,
4767-03-7,O=C(O)C(C)(CO)CO,CC(CO)(CO)C(=O)O,CC(CO)(CO)C(=O)O,134.131,-0.9381,77.76,3,3,3,0,0.8,0,0,1,0,1,0,2,1,0,
498-21-5,O=C(O)CC(C(=O)O)C,CC(CC(=O)O)C(=O)O,CC(CC(=O)O)C(=O)O,132.115,0.1818,74.6,2,2,3,0,0.6,0,0,2,0,2,0,4,2,0,
142-73-4,O=C(O)CNCC(=O)O,O=C(O)CNCC(=O)O,O=C(O)CNCC(=O)O,133.103,-1.2548,86.63,3,3,4,0,0.5,0,0,2,0,2,0,4,2,0,
50-85-1,O=C(O)C1=CC=C(C=C1O)C,Cc1ccc(C(=O)O)c(O)c1,Cc1ccc(C(=O)O)c(O)c1,152.149,1.39882,57.53,2,2,1,1,0.125,0,0,1,0,1,0,2,1,0,
86-59-9,O=C(O)C1=CC=CC2=CC=CN=C21,O=C(O)c1cccc2cccnc12,O=C(O)c1cccc2cccnc12,173.171,1.933,50.19,2,1,1,2,0.0,0,0,1,0,1,0,2,1,0,
16642-79-8,O=C(O)CCC1=CC=C(C=C1)N(=O)=O,O=C(O)CCc1ccc([N+](=O)[O-])cc1,O=C(O)CCc1ccc([N+](=O)[O-])cc1,195.174,1.612,80.44,3,1,4,1,0.222222,0,0,1,0,1,0,2,1,0,
133-37-9,O=C(O)C(O)C(O)C(=O)O,O=C(O)C(O)C(O)C(=O)O,O=C(O)C(O)C(O)C(=O)O,150.086,-2.1226,115.06,4,4,3,0,0.5,0,0,2,0,2,0,4,2,0,
7782-24-3,O=C(O)C(C=1C=CC=CC1)C,CC(C(=O)O)c1ccccc1,CC(C(=O)O)c1ccccc1,150.177,1.8747,37.3,1,1,2,1,0.222222,0,0,1,0,1,0,2,1,0,
611-01-8,O=C(O)C1=CC=C(C=C1C)C,Cc1ccc(C(=O)O)c(C)c1,Cc1ccc(C(=O)O)c(C)c1,150.177,2.00164,37.3,1,1,1,1,0.222222,0,0,1,0,1,0,2,1,0,
603-79-2,O=C(O)C1=CC=CC(=C1C)C,Cc1cccc(C(=O)O)c1C,Cc1cccc(C(=O)O)c1C,150.177,2.00164,37.3,1,1,1,1,0.222222,0,0,1,0,1,0,2,1,0,
91-52-1,O=C(O)C1=CC=C(OC)C=C1OC,COc1ccc(C(=O)O)c(OC)c1,COc1ccc(C(=O)O)c(OC)c1,182.175,1.402,55.76,3,1,3,1,0.222222,0,0,1,0,1,0,2,1,0,
499-80-9,O=C(O)C1=NC=CC(=C1)C(=O)O,O=C(O)c1ccnc(C(=O)O)c1,O=C(O)c1ccnc(C(=O)O)c1,167.12,0.478,87.49,3,2,2,1,0.0,0,0,2,0,2,0,4,2,0,
619-19-2,O=C(O)C1=CC=C(C=C1O)N(=O)=O,O=C(O)c1ccc([N+](=O)[O-])cc1O,O=C(O)c1ccc([N+](=O)[O-])cc1O,183.119,0.9986,100.67,4,2,2,1,0.0,0,0,1,0,1,0,2,1,0,
79-08-3,O=C(O)CBr,O=C(O)CBr,O=C(O)CBr,138.948,0.4659,37.3,1,1,1,0,0.5,0,0,1,0,1,0,2,1,0,
141-82-2,O=C(O)CC(=O)O,O=C(O)CC(=O)O,O=C(O)CC(=O)O,104.061,-0.4543,74.6,2,2,2,0,0.333333,0,0,2,0,2,0,4,2,0,
601-75-2,O=C(O)C(C(=O)O)CC,CCC(C(=O)O)C(=O)O,CCC(C(=O)O)C(=O)O,132.115,0.1818,74.6,2,2,3,0,0.6,0,0,2,0,2,0,4,2,0,
80-68-2,O=C(O)C(N)C(O)C,CC(O)C(N)C(=O)O,CC(O)C(N)C(=O)O,119.12,-1.2209,83.55,3,3,2,0,0.75,0,0,1,0,1,0,2,1,0,
565-71-9,O=C(O)C(O)CN,NCC(O)C(=O)O,NCC(O)C(=O)O,105.093,-1.6094,83.55,3,3,2,0,0.666667,0,0,1,0,1,0,2,1,0,
70-49-5,O=C(O)CC(S)C(=O)O,O=C(O)CC(S)C(=O)O,O=C(O)CC(S)C(=O)O,150.155,-0.1559,74.6,3,3,3,0,0.5,0,0,2,0,2,0,4,2,0,
567-61-3,O=C(O)C=1C(O)=CC=CC1C,Cc1cccc(O)c1C(=O)O,Cc1cccc(O)c1C(=O)O,152.149,1.39882,57.53,2,2,1,1,0.125,0,0,1,0,1,0,2,1,0,
2237-36-7,O=C(O)C1=CC=C(OC)C=C1O,COc1ccc(C(=O)O)c(O)c1,COc1ccc(C(=O)O)c(O)c1,168.148,1.099,66.76,3,2,2,1,0.125,0,0,1,0,1,0,2,1,0,
1878-65-5,O=C(O)CC=1C=CC=C(Cl)C1,O=C(O)Cc1cccc(Cl)c1,O=C(O)Cc1cccc(Cl)c1,170.595,1.9671,37.3,1,1,2,1,0.125,0,0,1,0,1,0,2,1,0,
52950-18-2,O=C(O)C(O)C=1C=CC=CC1Cl,O=C(O)C(O)c1ccccc1Cl,O=C(O)C(O)c1ccccc1Cl,186.594,1.458,57.53,2,2,2,1,0.125,0,0,1,0,1,0,2,1,0,
16650-55-8,O=C(O)C1=CC=C(Br)C=2C=CC=CC12,O=C(O)c1ccc(Br)c2ccccc12,O=C(O)c1ccc(Br)c2ccccc12,251.079,3.3005,37.3,1,1,1,2,0.0,0,0,1,0,1,0,2,1,0,
381-73-7,O=C(O)C(F)F,O=C(O)C(F)F,O=C(O)C(F)F,96.032,0.3361,37.3,1,1,1,0,0.5,0,0,1,0,1,0,2,1,0,
20485-43-2,O=C(O)C1=NC=CN1C,Cn1ccnc1C(=O)O,Cn1ccnc1C(=O)O,126.115,0.1183,55.12,2,1,1,1,0.2,0,0,1,0,1,0,2,1,0,
6940-50-7,O=C(O)C(O)C1=CC=C(Br)C=C1,O=C(O)C(O)c1ccc(Br)cc1,O=C(O)C(O)c1ccc(Br)cc1,231.045,1.5671,57.53,2,2,2,1,0.125,0,0,1,0,1,0,2,1,0,
2510-32-9,O=C(O)C=1OC=NC1C,Cc1ncoc1C(=O)O,Cc1ncoc1C(=O)O,127.099,0.68122,63.33,3,1,1,1,0.2,0,0,1,0,1,0,2,1,0,
99-04-7,O=C(O)C1=CC=CC(=C1)C,Cc1cccc(C(=O)O)c1,Cc1cccc(C(=O)O)c1,136.15,1.69322,37.3,1,1,1,1,0.125,0,0,1,0,1,0,2,1,0,
50-79-3,O=C(O)C1=CC(Cl)=CC=C1Cl,O=C(O)c1cc(Cl)ccc1Cl,O=C(O)c1cc(Cl)ccc1Cl,191.013,2.6916,37.3,1,1,1,1,0.0,0,0,1,0,1,0,2,1,0,
40856-44-8,O=C(O)CC(N)C=1C=CC=CC1,NC(CC(=O)O)c1ccccc1,NC(CC(=O)O)c1ccccc1,165.192,1.1611,63.32,2,2,3,1,0.222222,0,0,1,0,1,0,2,1,0,
3128-06-1,O=C(O)CCCC(=O)C,CC(=O)CCCC(=O)O,CC(=O)CCCC(=O)O,130.143,0.8303,54.37,2,1,4,0,0.666667,0,0,1,0,1,0,2,1,0,
107-96-0,O=C(O)CCS,O=C(O)CCS,O=C(O)CCS,106.146,0.3909,37.3,2,2,2,0,0.666667,0,0,1,0,1,0,2,1,0,
2345-51-9,O=C(O)CC#C,C#CCC(=O)O,C#CCC(=O)O,84.074,0.0943,37.3,1,1,1,0,0.25,0,0,1,0,1,0,2,1,0,
1505-50-6,O=C(O)CCC1=CC=C(C=C1)C,Cc1ccc(CCC(=O)O)cc1,Cc1ccc(CCC(=O)O)cc1,164.204,2.01222,37.3,1,1,3,1,0.3,0,0,1,0,1,0,2,1,0,
10128-71-9,O=C(O)C=1C=CN=CC1O,O=C(O)c1ccncc1O,O=C(O)c1ccncc1O,139.11,0.4854,70.42,3,2,1,1,0.0,0,0,1,0,1,0,2,1,0,
7170-38-9,O=C(O)CCOC=1C=CC=CC1,O=C(O)CCOc1ccccc1,O=C(O)CCOc1ccccc1,166.176,1.5401,46.53,2,1,4,1,0.222222,0,0,1,0,1,0,2,1,0,
618-84-8,O=C(O)C1=CC(N)=CC(=C1)N(=O)=O,Nc1cc(C(=O)O)cc([N+](=O)[O-])c1,Nc1cc(C(=O)O)cc([N+](=O)[O-])c1,182.135,0.8752,106.46,4,2,2,1,0.0,0,0,1,0,1,0,2,1,0,
85-52-9,O=C(O)C=1C=CC=CC1C(=O)C=2C=CC=CC2,O=C(O)c1ccccc1C(=O)c1ccccc1,O=C(O)c1ccccc1C(=O)c1ccccc1,226.231,2.6158,54.37,2,1,3,2,0.0,0,0,1,0,1,0,2,1,0,
79-31-2,O=C(O)C(C)C,CC(C)C(=O)O,CC(C)C(=O)O,88.106,0.727,37.3,1,1,1,0,0.75,0,0,1,0,1,0,2,1,0,
79-11-8,O=C(O)CCl,O=C(O)CCl,O=C(O)CCl,94.497,0.3098,37.3,1,1,1,0,0.5,0,0,1,0,1,0,2,1,0,
586-42-5,O=C(O)C1=CC=CC(=C1)C(=O)C,CC(=O)c1cccc(C(=O)O)c1,CC(=O)c1cccc(C(=O)O)c1,164.16,1.5874,54.37,2,1,2,1,0.111111,0,0,1,0,1,0,2,1,0,
7170-36-7,O=C(O)C=1N=C(C=CC1)C(=O)OC,COC(=O)c1cccc(C(=O)O)n1,COC(=O)c1cccc(C(=O)O)n1,181.147,0.5664,76.49,4,1,2,1,0.125,0,0,1,0,1,0,2,1,0,
3937-96-0,O=C(O)CS(=O)(=O)C1=CC=C(C=C1)C,Cc1ccc(S(=O)(=O)CC(=O)O)cc1,Cc1ccc(S(=O)(=O)CC(=O)O)cc1,214.242,0.85332,71.44,3,1,3,1,0.222222,0,0,1,0,1,0,2,1,0,
103-04-8,O=C(O)CSC=1C=CC=CC1,O=C(O)CSc1ccccc1,O=C(O)CSc1ccccc1,168.217,1.8633,37.3,2,1,3,1,0.125,0,0,1,0,1,0,2,1,0,
94-74-6,O=C(O)COC1=CC=C(Cl)C=C1C,Cc1cc(Cl)ccc1OCC(=O)O,Cc1cc(Cl)ccc1OCC(=O)O,200.621,2.11182,46.53,2,1,3,1,0.222222,0,0,1,0,1,0,2,1,0,
3147-55-5,O=C(O)C=1C=C(Br)C=C(Br)C1O,O=C(O)c1cc(Br)cc(Br)c1O,O=C(O)c1cc(Br)cc(Br)c1O,295.914,2.6154,57.53,2,2,1,1,0.0,0,0,1,0,1,0,2,1,0,
1643-26-1,O=C(O)CCC=1C=CC=CC1F,O=C(O)CCc1ccccc1F,O=C(O)CCc1ccccc1F,168.167,1.8429,37.3,1,1,3,1,0.222222,0,0,1,0,1,0,2,1,0,
626-51-7,O=C(O)CC(C)CC(=O)O,CC(CC(=O)O)CC(=O)O,CC(CC(=O)O)CC(=O)O,146.142,0.5719,74.6,2,2,4,0,0.666667,0,0,2,0,2,0,4,2,0,
13041-62-8,O=C(O)C1=CC=C(OC)C=2C=CC=CC12,COc1ccc(C(=O)O)c2ccccc12,COc1ccc(C(=O)O)c2ccccc12,202.209,2.5466,46.53,2,1,2,2,0.083333,0,0,1,0,1,0,2,1,0,
6925-00-4,O=C(O)C1=CC=C2N=CC=NC2=C1,O=C(O)c1ccc2nccnc2c1,O=C(O)c1ccc2nccnc2c1,174.159,1.328,63.08,3,1,1,2,0.0,0,0,1,0,1,0,2,1,0,
10421-85-9,O=C(O)C(O)C=1C=CC=CC1Cl,O=C(O)C(O)c1ccccc1Cl,O=C(O)C(O)c1ccccc1Cl,186.594,1.458,57.53,2,2,2,1,0.125,0,0,1,0,1,0,2,1,0,
111-17-1,O=C(O)CCSCCC(=O)O,O=C(O)CCSCCC(=O)O,O=C(O)CCSCCC(=O)O,178.209,0.669,74.6,3,2,6,0,0.666667,0,0,2,0,2,0,4,2,0,
51-44-5,O=C(O)C1=CC=C(Cl)C(Cl)=C1,O=C(O)c1ccc(Cl)c(Cl)c1,O=C(O)c1ccc(Cl)c(Cl)c1,191.013,2.6916,37.3,1,1,1,1,0.0,0,0,1,0,1,0,2,1,0,
89-55-4,O=C(O)C1=CC(Br)=CC=C1O,O=C(O)c1cc(Br)ccc1O,O=C(O)c1cc(Br)ccc1O,217.018,1.8529,57.53,2,2,1,1,0.0,0,0,1,0,1,0,2,1,0,
588-32-9,O=C(O)COC=1C=CC=C(Cl)C1,O=C(O)COc1cccc(Cl)c1,O=C(O)COc1cccc(Cl)c1,186.594,1.8034,46.53,2,1,3,1,0.125,0,0,1,0,1,0,2,1,0,
16730-20-4,O=C(O)C1=CC=2C=C(C=CC2N1)N(=O)=O,O=C(O)c1cc2cc([N+](=O)[O-])ccc2[nH]1,O=C(O)c1cc2cc([N+](=O)[O-])ccc2[nH]1,206.157,1.7743,96.23,3,2,2,2,0.0,0,0,1,0,1,0,2,1,0,
298-12-4,O=CC(=O)O,O=CC(=O)O,O=CC(=O)O,74.035,-0.7301,54.37,2,1,1,0,0.0,0,0,1,0,1,0,2,1,0,
595-37-9,O=C(O)C(C)(C)CC,CCC(C)(C)C(=O)O,CCC(C)(C)C(=O)O,116.16,1.5072,37.3,1,1,2,0,0.833333,0,0,1,0,1,0,2,1,0,
627-03-2,O=C(O)COCC,CCOCC(=O)O,CCOCC(=O)O,104.105,0.1075,46.53,2,1,3,0,0.75,0,0,1,0,1,0,2,1,0,
119-68-6,O=C(O)C=1C=CC=CC1NC,CNc1ccccc1C(=O)O,CNc1ccccc1C(=O)O,151.165,1.4265,49.33,2,2,2,1,0.125,0,0,1,0,1,0,2,1,0,
138-60-3,O=C1C=C(NC(=C1)C(=O)O)C(=O)O,O=C(O)c1cc(=O)cc(C(=O)O)[nH]1,O=C(O)c1cc(=O)cc(C(=O)O)[nH]1,183.119,-0.2287,107.46,3,3,2,1,0.0,0,0,2,0,2,0,4,2,0,
487-54-7,O=C(O)CNC(=O)C=1C=CC=CC1O,O=C(O)CNC(=O)c1ccccc1O,O=C(O)CNC(=O)c1ccccc1O,195.174,0.2066,86.63,3,3,3,1,0.111111,0,0,1,0,1,0,2,1,0,
595-46-0,O=C(O)C(C(=O)O)(C)C,CC(C)(C(=O)O)C(=O)O,CC(C)(C(=O)O)C(=O)O,132.115,0.1818,74.6,2,2,2,0,0.6,0,0,2,0,2,0,4,2,0,
7782-26-5,O=C(O)C(C=1C=CC=CC1)C,CC(C(=O)O)c1ccccc1,CC(C(=O)O)c1ccccc1,150.177,1.8747,37.3,1,1,2,1,0.222222,0,0,1,0,1,0,2,1,0,
610-16-2,O=C(O)C=1C=CC=CC1N(C)C,CN(C)c1ccccc1C(=O)O,CN(C)c1ccccc1C(=O)O,165.192,1.4508,40.54,2,1,2,1,0.222222,0,0,1,0,1,0,2,1,0,
1666-28-0,O=C(O)C1=CC=C(Br)C=C1O,O=C(O)c1ccc(Br)cc1O,O=C(O)c1ccc(Br)cc1O,217.018,1.8529,57.53,2,2,1,1,0.0,0,0,1,0,1,0,2,1,0,
573-03-5,O=C(O)C1=CC=C(F)C=2C=CC=CC12,O=C(O)c1ccc(F)c2ccccc12,O=C(O)c1ccc(F)c2ccccc12,190.173,2.6771,37.3,1,1,1,2,0.0,0,0,1,0,1,0,2,1,0,
1664-57-9,O=C(O)CCC=1C=CC=C(C1)N(=O)=O,O=C(O)CCc1cccc([N+](=O)[O-])c1,O=C(O)CCc1cccc([N+](=O)[O-])c1,195.174,1.612,80.44,3,1,4,1,0.222222,0,0,1,0,1,0,2,1,0,
372-09-8,N#CCC(=O)O,N#CCC(=O)O,N#CCC(=O)O,85.062,-0.01532,61.09,2,1,1,0,0.333333,0,0,1,0,1,0,2,1,0,
4593-90-2,O=C(O)CC(C=1C=CC=CC1)C,CC(CC(=O)O)c1ccccc1,CC(CC(=O)O)c1ccccc1,164.204,2.2648,37.3,1,1,3,1,0.3,0,0,1,0,1,0,2,1,0,
30964-00-2,O=C(O)CCCCC#C,C#CCCCCC(=O)O,C#CCCCCC(=O)O,126.155,1.2646,37.3,1,1,4,0,0.571429,0,0,1,0,1,0,2,1,0,
616-75-1,O=C(O)C(C(=O)O)CC=1C=CC=CC1,O=C(O)C(Cc1ccccc1)C(=O)O,O=C(O)C(Cc1ccccc1)C(=O)O,194.186,1.0145,74.6,2,2,4,1,0.2,0,0,2,0,2,0,4,2,0,
52950-19-3,O=C(O)C(O)C=1C=CC=CC1Cl,O=C(O)C(O)c1ccccc1Cl,O=C(O)C(O)c1ccccc1Cl,186.594,1.458,57.53,2,2,2,1,0.125,0,0,1,0,1,0,2,1,0,
3775-73-3,O=C(O)CC(N)C,CC(N)CC(=O)O,CC(N)CC(=O)O,103.121,-0.1917,63.32,2,2,2,0,0.75,0,0,1,0,1,0,2,1,0,
22287-28-1,O=C(O)C12CC(C1)C2,O=C(O)C12CC(C1)C2,O=C(O)C12CC(C1)C2,112.128,0.8711,37.3,1,1,1,0,0.833333,0,0,1,0,1,0,2,1,0,
89-56-5,O=C(O)C1=CC(=CC=C1O)C,Cc1ccc(O)c(C(=O)O)c1,Cc1ccc(O)c(C(=O)O)c1,152.149,1.39882,57.53,2,2,1,1,0.125,0,0,1,0,1,0,2,1,0,
79-10-7,O=C(O)C=C,C=CC(=O)O,C=CC(=O)O,72.063,0.257,37.3,1,1,1,0,0.0,0,0,1,0,1,0,2,1,0,
627-01-0,O=C(O)CNCC,CCNCC(=O)O,CCNCC(=O)O,103.121,-0.3195,49.33,2,2,3,0,0.75,0,0,1,0,1,0,2,1,0,
528-90-5,O=C(O)C=1C=C(C(=CC1C)C)C,Cc1cc(C)c(C(=O)O)cc1C,Cc1cc(C)c(C(=O)O)cc1C,164.204,2.31006,37.3,1,1,1,1,0.3,0,0,1,0,1,0,2,1,0,
16841-19-3,O=C(O)C1(O)CCCC1,O=C(O)C1(O)CCCC1,O=C(O)C1(O)CCCC1,130.143,0.3761,57.53,2,2,1,0,0.833333,0,0,1,0,1,0,2,1,0,
926-77-2,O=C(O)C(NC(=O)CN)C,CC(NC(=O)CN)C(=O)O,CC(NC(=O)CN)C(=O)O,146.146,-1.4656,92.42,3,3,3,0,0.6,0,0,1,0,1,0,2,1,0,
883-62-5,O=C(O)C1=CC=2C=CC=CC2C=C1OC,COc1cc2ccccc2cc1C(=O)O,COc1cc2ccccc2cc1C(=O)O,202.209,2.5466,46.53,2,1,2,2,0.083333,0,0,1,0,1,0,2,1,0,
3813-52-3,O=C(O)C1C2C=CC(C2)C1C(=O)O,O=C(O)C1C2C=CC(C2)C1C(=O)O,O=C(O)C1C2C=CC(C2)C1C(=O)O,182.175,0.5939,74.6,2,2,2,0,0.555556,0,0,2,0,2,0,4,2,0,
637-84-3,O=C(O)CNC(=O)CNC(=O)CNC(=O)CN,NCC(=O)NCC(=O)NCC(=O)NCC(=O)O,NCC(=O)NCC(=O)NCC(=O)NCC(=O)O,246.223,-3.6217,150.62,5,5,7,0,0.5,0,0,1,0,1,0,2,1,0,
652-18-6,O=C(O)C=1C(F)=C(F)C=C(F)C1F,O=C(O)c1c(F)c(F)cc(F)c1F,O=C(O)c1c(F)c(F)cc(F)c1F,194.083,1.9412,37.3,1,1,1,1,0.0,0,0,1,0,1,0,2,1,0,
495-78-3,O=C(O)CCC=1C=CC=CC1O,O=C(O)CCc1ccccc1O,O=C(O)CCc1ccccc1O,166.176,1.4094,57.53,2,2,3,1,0.222222,0,0,1,0,1,0,2,1,0,
10541-83-0,O=C(O)C1=CC=C(C=C1)NC,CNc1ccc(C(=O)O)cc1,CNc1ccc(C(=O)O)cc1,151.165,1.4265,49.33,2,2,2,1,0.125,0,0,1,0,1,0,2,1,0,
23229-72-3,O=C(O)C=1SC(=CC1)CC,CCc1ccc(C(=O)O)s1,CCc1ccc(C(=O)O)s1,156.206,2.0087,37.3,2,1,2,1,0.285714,0,0,1,0,1,0,2,1,0,
17874-79-2,O=C(O)C1=NC=C(C=C1)C(=O)OC,COC(=O)c1ccc(C(=O)O)nc1,COC(=O)c1ccc(C(=O)O)nc1,181.147,0.5664,76.49,4,1,2,1,0.125,0,0,1,0,1,0,2,1,0,
395-33-5,O=C(O)C(O)C1=CC=C(F)C=C1,O=C(O)C(O)c1ccc(F)cc1,O=C(O)C(O)c1ccc(F)cc1,170.139,0.9437,57.53,2,2,2,1,0.125,0,0,1,0,1,0,2,1,0,
15115-58-9,O=C(O)CCC=1C=CC=CC1Br,O=C(O)CCc1ccccc1Br,O=C(O)CCc1ccccc1Br,229.073,2.4663,37.3,1,1,3,1,0.222222,0,0,1,0,1,0,2,1,0,
1798-11-4,O=C(O)COC1=CC=C(C=C1)N(=O)=O,O=C(O)COc1ccc([N+](=O)[O-])cc1,O=C(O)COc1ccc([N+](=O)[O-])cc1,197.146,1.0582,89.67,4,1,4,1,0.125,0,0,1,0,1,0,2,1,0,
1730-91-2,O=C(O)C(C)CC,CCC(C)C(=O)O,CCC(C)C(=O)O,102.133,1.1171,37.3,1,1,2,0,0.8,0,0,1,0,1,0,2,1,0,
3695-73-6,O=C(O)C(NC(=O)CN)C,CC(NC(=O)CN)C(=O)O,CC(NC(=O)CN)C(=O)O,146.146,-1.4656,92.42,3,3,3,0,0.6,0,0,1,0,1,0,2,1,0,
67-21-0,O=C(O)C(N)CCSCC,CCSCCC(N)C(=O)O,CCSCCC(N)C(=O)O,163.242,0.5415,63.32,3,2,5,0,0.833333,0,0,1,0,1,0,2,1,0,
15959-93-0,O=C(O)C(N)CC(F)(F)F,NC(CC(F)(F)F)C(=O)O,NC(CC(F)(F)F)C(=O)O,157.091,0.3507,63.32,2,2,2,0,0.75,0,0,1,0,1,0,2,1,0,
10502-44-0,O=C(O)C(O)C1=CC=C(OC)C=C1,COc1ccc(C(O)C(=O)O)cc1,COc1ccc(C(O)C(=O)O)cc1,182.175,0.8132,66.76,3,2,3,1,0.222222,0,0,1,0,1,0,2,1,0,
2613-89-0,O=C(O)C(C(=O)O)C=1C=CC=CC1,O=C(O)C(C(=O)O)c1ccccc1,O=C(O)C(C(=O)O)c1ccccc1,180.159,0.9394,74.6,2,2,3,1,0.111111,0,0,2,0,2,0,4,2,0,
506-21-8,O=C(O)CCCCCCCC=CCC=CCCCCC,CCCCCC=CCC=CCCCCCCCC(=O)O,CCCCCC=CCC=CCCCCCCCC(=O)O,280.452,5.8845,37.3,1,1,14,0,0.722222,0,0,1,0,1,0,2,1,0,
652-34-6,O=C(O)C1=C(F)C(F)=C(O)C(F)=C1F,O=C(O)c1c(F)c(F)c(O)c(F)c1F,O=C(O)c1c(F)c(F)c(O)c(F)c1F,210.082,1.6468,57.53,2,2,1,1,0.0,0,0,1,0,1,0,2,1,0,
5930-93-8,O=C(O)C1=CC(=CN1)N(=O)=O,O=C(O)c1cc([N+](=O)[O-])c[nH]1,O=C(O)c1cc([N+](=O)[O-])c[nH]1,156.097,0.6211,96.23,3,2,2,1,0.0,0,0,1,0,1,0,2,1,0,
3987-53-9,O=C(O)CN(CC(=O)O)CC=1C=CC=CC1,O=C(O)CN(CC(=O)O)Cc1ccccc1,O=C(O)CN(CC(=O)O)Cc1ccccc1,223.228,0.6578,77.84,3,2,6,1,0.272727,0,0,2,0,2,0,4,2,0,
601-79-6,O=C(O)C(C(=O)O)C(C)C,CC(C)C(C(=O)O)C(=O)O,CC(C)C(C(=O)O)C(=O)O,146.142,0.4278,74.6,2,2,3,0,0.666667,0,0,2,0,2,0,4,2,0,
25055-86-1,O=C(O)CCC1(N=N1)C,CC1(CCC(=O)O)N=N1,CC1(CCC(=O)O)N=N1,128.131,1.0332,62.02,3,1,3,0,0.8,0,0,1,0,1,0,2,1,0,
5657-17-0,O=C(O)CNCCNCC(=O)O,O=C(O)CNCCNCC(=O)O,O=C(O)CNCCNCC(=O)O,176.172,-1.6652,98.66,4,4,7,0,0.666667,0,0,2,0,2,0,4,2,0,
16034-49-4,O=C(O)CN1N=C(C=C1C)C,Cc1cc(C)n(CC(=O)O)n1,Cc1cc(C)n(CC(=O)O)n1,154.169,0.58454,55.12,2,1,2,1,0.428571,0,0,1,0,1,0,2,1,0,
13921-90-9,O=C(O)CC(N)C=1C=CC=CC1,NC(CC(=O)O)c1ccccc1,NC(CC(=O)O)c1ccccc1,165.192,1.1611,63.32,2,2,3,1,0.222222,0,0,1,0,1,0,2,1,0,
7164-43-4,O=C(O)C=1NC(=O)NC(=O)C1N,Nc1c(C(=O)O)[nH]c(=O)[nH]c1=O,Nc1c(C(=O)O)[nH]c(=O)[nH]c1=O,171.112,-1.6564,129.04,4,4,1,1,0.0,0,0,1,0,1,0,2,1,0,
1798-82-9,O=C(O)C1=CC=C(C=C1)C2CC2,O=C(O)c1ccc(C2CC2)cc1,O=C(O)c1ccc(C2CC2)cc1,162.188,2.2622,37.3,1,1,2,1,0.3,0,0,1,0,1,0,2,1,0,
6924-66-9,O=C(O)C=1C=CC=C2N=CC=NC21,O=C(O)c1cccc2nccnc12,O=C(O)c1cccc2nccnc12,174.159,1.328,63.08,3,1,1,2,0.0,0,0,1,0,1,0,2,1,0,
1013-04-3,O=C(O)C1=CC=C(Cl)C=2C=CC=CC12,O=C(O)c1ccc(Cl)c2ccccc12,O=C(O)c1ccc(Cl)c2ccccc12,206.628,3.1914,37.3,1,1,1,2,0.0,0,0,1,0,1,0,2,1,0,
471-25-0,O=C(O)C#C,C#CC(=O)O,C#CC(=O)O,70.047,-0.2958,37.3,1,1,0,0,0.0,0,0,1,0,1,0,2,1,0,
22426-30-8,N#CC(C(=O)O)(C)C,CC(C)(C#N)C(=O)O,CC(C)(C#N)C(=O)O,113.116,0.62078,61.09,2,1,1,0,0.6,0,0,1,0,1,0,2,1,0,
3739-30-8,O=C(O)C(O)(C)CC,CCC(C)(O)C(=O)O,CCC(C)(O)C(=O)O,118.132,0.232,57.53,2,2,2,0,0.8,0,0,1,0,1,0,2,1,0,
14542-16-6,O=C(O)C1=NC(=CS1)C,Cc1csc(C(=O)O)n1,Cc1csc(C(=O)O)n1,143.167,1.14972,50.19,3,1,1,1,0.2,0,0,1,0,1,0,2,1,0,
1457-59-6,O=C(O)C=1NC=NC1C,Cc1nc[nH]c1C(=O)O,Cc1nc[nH]c1C(=O)O,126.115,0.41632,65.98,2,2,1,1,0.2,0,0,1,0,1,0,2,1,0,
652-32-4,O=C(O)C1=C(F)C(F)=C(C(F)=C1F)C,Cc1c(F)c(F)c(C(=O)O)c(F)c1F,Cc1c(F)c(F)c(C(=O)O)c(F)c1F,208.11,2.24962,37.3,1,1,1,1,0.125,0,0,1,0,1,0,2,1,0,
3235-67-4,O=C(O)CN1CCCCC1,O=C(O)CN1CCCCC1,O=C(O)CN1CCCCC1,143.186,0.5569,40.54,2,1,2,0,0.857143,0,0,1,0,1,0,2,1,0,
3959-23-7,O=C(O)CS(=O)(=O)C=1C=CC=CC1,O=C(O)CS(=O)(=O)c1ccccc1,O=C(O)CS(=O)(=O)c1ccccc1,200.215,0.5449,71.44,3,1,3,1,0.125,0,0,1,0,1,0,2,1,0,
4165-96-2,O=C(O)CC(C=1C=CC=CC1)CC(=O)O,O=C(O)CC(CC(=O)O)c1ccccc1,O=C(O)CC(CC(=O)O)c1ccccc1,208.213,1.7196,74.6,2,2,5,1,0.272727,0,0,2,0,2,0,4,2,0,
3775-72-2,O=C(O)CC(N)C,CC(N)CC(=O)O,CC(N)CC(=O)O,103.121,-0.1917,63.32,2,2,2,0,0.75,0,0,1,0,1,0,2,1,0,
80-69-3,O=C(O)C(O)C(=O)O,O=C(O)C(O)C(=O)O,O=C(O)C(O)C(=O)O,120.06,-1.4835,94.83,3,3,2,0,0.333333,0,0,2,0,2,0,4,2,0,
13073-35-3,O=C(O)C(N)CCSCC,CCSCCC(N)C(=O)O,CCSCCC(N)C(=O)O,163.242,0.5415,63.32,3,2,5,0,0.833333,0,0,1,0,1,0,2,1,0,
56961-31-0,O=C(O)C=1C(Cl)=CC=CC1O,O=C(O)c1c(O)cccc1Cl,O=C(O)c1c(O)cccc1Cl,172.567,1.7438,57.53,2,2,1,1,0.0,0,0,1,0,1,0,2,1,0,
24195-03-7,O=C(O)C1=NC=CC(=C1)C(=O)OC,COC(=O)c1ccnc(C(=O)O)c1,COC(=O)c1ccnc(C(=O)O)c1,181.147,0.5664,76.49,4,1,2,1,0.125,0,0,1,0,1,0,2,1,0,
76-04-0,O=C(O)C(F)(F)Cl,O=C(O)C(F)(F)Cl,O=C(O)C(F)(F)Cl,130.477,0.9026,37.3,1,1,1,0,0.5,0,0,1,0,1,0,2,1,0,
14282-78-1,O=C(O)C=1SC=C(C1)C,Cc1csc(C(=O)O)c1,Cc1csc(C(=O)O)c1,142.179,1.75472,37.3,2,1,1,1,0.166667,0,0,1,0,1,0,2,1,0,
1878-81-5,O=C(O)COC1=CC=C(C=C1)C(=O)C,CC(=O)c1ccc(OCC(=O)O)cc1,CC(=O)c1ccc(OCC(=O)O)cc1,194.186,1.3526,63.6,3,1,4,1,0.2,0,0,1,0,1,0,2,1,0,
15448-77-8,O=C(O)C12CCC(C(=O)OC)(CC1)C2,COC(=O)C12CCC(C(=O)O)(CC1)C2,COC(=O)C12CCC(C(=O)O)(CC1)C2,198.218,1.1945,63.6,3,1,2,0,0.8,0,0,1,0,1,0,2,1,0,
7498-54-6,O=C(O)C1=CC=CC(=C1)C(C)(C)C,CC(C)(C)c1cccc(C(=O)O)c1,CC(C)(C)c1cccc(C(=O)O)c1,178.231,2.6823,37.3,1,1,1,1,0.363636,0,0,1,0,1,0,2,1,0,
15785-54-3,O=C(O)C1=CC(OC)=C(O)C(=C1)N(=O)=O,COc1cc(C(=O)O)cc([N+](=O)[O-])c1O,COc1cc(C(=O)O)cc([N+](=O)[O-])c1O,213.145,1.0072,109.9,5,2,3,1,0.125,0,0,1,0,1,0,2,1,0,
1878-88-2,O=C(O)COC1=CC=CC(=C1)N(=O)=O,O=C(O)COc1cccc([N+](=O)[O-])c1,O=C(O)COc1cccc([N+](=O)[O-])c1,197.146,1.0582,89.67,4,1,4,1,0.125,0,0,1,0,1,0,2,1,0,
75-75-2,O=S(=O)(O)C,CS(=O)(=O)O,CS(=O)(=O)O,96.107,-0.496,54.37,2,1,0,0,1.0,0,1,1,0,3,0,1,0,0,
107-35-7,O=S(=O)(O)CCN,NCCS(=O)(=O)O,NCCS(=O)(=O)O,125.149,-1.1671,80.39,3,2,2,0,1.0,0,1,1,0,3,0,1,0,0,
121-57-3,O=S(=O)(O)C1=CC=C(N)C=C1,Nc1ccc(S(=O)(=O)O)cc1,Nc1ccc(S(=O)(=O)O)cc1,173.193,0.5155,80.39,3,2,1,1,0.0,0,1,1,0,3,0,1,1,0,
636-73-7,O=S(=O)(O)C=1C=NC=CC1,O=S(=O)(O)c1cccnc1,O=S(=O)(O)c1cccnc1,159.166,0.3283,67.26,3,1,1,1,0.0,0,1,1,0,3,0,1,1,0,
98-71-5,O=S(=O)(O)C1=CC=C(C=C1)NN,NNc1ccc(S(=O)(=O)O)cc1,NNc1ccc(S(=O)(=O)O)cc1,188.208,0.2189,92.42,4,3,2,1,0.0,0,1,1,0,3,0,1,1,0,
88-21-1,O=S(=O)(O)C=1C=CC=CC1N,Nc1ccccc1S(=O)(=O)O,Nc1ccccc1S(=O)(=O)O,173.193,0.5155,80.39,3,2,1,1,0.0,0,1,1,0,3,0,1,1,0,
121-47-1,O=S(=O)(O)C=1C=CC=C(N)C1,Nc1cccc(S(=O)(=O)O)c1,Nc1cccc(S(=O)(=O)O)c1,173.193,0.5155,80.39,3,2,1,1,0.0,0,1,1,0,3,0,1,1,0,
15103-48-7,O=S(=O)(O)C1=NC=CC=C1,O=S(=O)(O)c1ccccn1,O=S(=O)(O)c1ccccn1,159.166,0.3283,67.26,3,1,1,1,0.0,0,1,1,0,3,0,1,1,0,
82-75-7,O=S(=O)(O)C1=CC=CC=2C=CC=C(N)C21,Nc1cccc2cccc(S(=O)(=O)O)c12,Nc1cccc2cccc(S(=O)(=O)O)c12,223.253,1.6687,80.39,3,2,1,2,0.0,0,1,1,0,3,0,1,1,0,
119-79-9,O=S(=O)(O)C=1C=CC=2C(N)=CC=CC2C1,Nc1cccc2cc(S(=O)(=O)O)ccc12,Nc1cccc2cc(S(=O)(=O)O)ccc12,223.253,1.6687,80.39,3,2,1,2,0.0,0,1,1,0,3,0,1,1,0,
84-86-6,O=S(=O)(O)C1=CC=C(N)C=2C=CC=CC21,Nc1ccc(S(=O)(=O)O)c2ccccc12,Nc1ccc(S(=O)(=O)O)c2ccccc12,223.253,1.6687,80.39,3,2,1,2,0.0,0,1,1,0,3,0,1,1,0,
81-05-0,O=S(=O)(O)C1=CC=CC2=CC(N)=CC=C21,Nc1ccc2c(S(=O)(=O)O)cccc2c1,Nc1ccc2c(S(=O)(=O)O)cccc2c1,223.253,1.6687,80.39,3,2,1,2,0.0,0,1,1,0,3,0,1,1,0,
104-15-4,O=S(=O)(O)C1=CC=C(C=C1)C,Cc1ccc(S(=O)(=O)O)cc1,Cc1ccc(S(=O)(=O)O)cc1,172.205,1.24172,54.37,2,1,1,1,0.142857,0,1,1,0,3,0,1,1,0,
84-89-9,O=S(=O)(O)C=1C=CC=C2C(N)=CC=CC21,Nc1cccc2c(S(=O)(=O)O)cccc12,Nc1cccc2c(S(=O)(=O)O)cccc12,223.253,1.6687,80.39,3,2,1,2,0.0,0,1,1,0,3,0,1,1,0,
81-16-3,O=S(=O)(O)C1=C(N)C=CC=2C=CC=CC21,Nc1ccc2ccccc2c1S(=O)(=O)O,Nc1ccc2ccccc2c1S(=O)(=O)O,223.253,1.6687,80.39,3,2,1,2,0.0,0,1,1,0,3,0,1,1,0,
93-00-5,O=S(=O)(O)C1=CC=C2C=C(N)C=CC2=C1,Nc1ccc2cc(S(=O)(=O)O)ccc2c1,Nc1ccc2cc(S(=O)(=O)O)ccc2c1,223.253,1.6687,80.39,3,2,1,2,0.0,0,1,1,0,3,0,1,1,0,
119-28-8,O=S(=O)(O)C=1C=CC=2C=CC=C(N)C2C1,Nc1cccc2ccc(S(=O)(=O)O)cc12,Nc1cccc2ccc(S(=O)(=O)O)cc12,223.253,1.6687,80.39,3,2,1,2,0.0,0,1,1,0,3,0,1,1,0,
5402-20-0,O=S(=O)(O)C=1C=CN=CC1,O=S(=O)(O)c1ccncc1,O=S(=O)(O)c1ccncc1,159.166,0.3283,67.26,3,1,1,1,0.0,0,1,1,0,3,0,1,1,0,
98-33-9,O=S(=O)(O)C1=CC=C(N)C(=C1)C,Cc1cc(S(=O)(=O)O)ccc1N,Cc1cc(S(=O)(=O)O)ccc1N,187.22,0.82392,80.39,3,2,1,1,0.142857,0,1,1,0,3,0,1,1,0,
138-30-7,O=S(=O)(O)C=1C=CC=C(C1)NN,NNc1cccc(S(=O)(=O)O)c1,NNc1cccc(S(=O)(=O)O)c1,188.208,0.2189,92.42,4,3,2,1,0.0,0,1,1,0,3,0,1,1,0,
68922-18-9,O=S(=O)(O)CCC1=NC=CC=C1,O=S(=O)(O)CCc1ccccn1,O=S(=O)(O)CCc1ccccn1,187.22,0.5119,67.26,3,1,3,1,0.285714,0,1,1,0,3,0,1,0,0,
29021-67-8,O=S(=O)(O)C=1C=CC(O)=C2N=C(C=CC21)C,Cc1ccc2c(S(=O)(=O)O)ccc(O)c2n1,Cc1ccc2c(S(=O)(=O)O)ccc(O)c2n1,239.252,1.49552,87.49,4,2,1,2,0.1,0,1,1,0,3,0,1,1,0,
618-03-1,O=S(=O)(O)C1=CC=C(C(N)=C1)C,Cc1ccc(S(=O)(=O)O)cc1N,Cc1ccc(S(=O)(=O)O)cc1N,187.22,0.82392,80.39,3,2,1,1,0.142857,0,1,1,0,3,0,1,1,0,
494-44-0,O=S(=O)(O)C1=CC=C2C=CC(N)=CC2=C1,Nc1ccc2ccc(S(=O)(=O)O)cc2c1,Nc1ccc2ccc(S(=O)(=O)O)cc2c1,223.253,1.6687,80.39,3,2,1,2,0.0,0,1,1,0,3,0,1,1,0,
145-48-2,O=C1C=2C=CC=CC2C(=O)C3=C(O)C(=CC(O)=C13)S(=O)(=O)O,O=C1c2ccccc2C(=O)c2c(O)c(S(=O)(=O)O)cc(O)c21,O=C1c2ccccc2C(=O)c2c(O)c(S(=O)(=O)O)cc(O)c21,320.278,1.1199,128.97,6,3,1,2,0.0,0,1,1,0,3,0,1,1,0,
87655-41-2,O=S(=O)(O)C1=CC=C(N=C1C)C,Cc1ccc(S(=O)(=O)O)c(C)n1,Cc1ccc(S(=O)(=O)O)c(C)n1,187.22,0.94514,67.26,3,1,1,1,0.285714,0,1,1,0,3,0,1,1,0,
3062-37-1,O=S(=O)(O)C=1C=C(Br)C(O)=C2N=CC=CC21,O=S(=O)(O)c1cc(Br)c(O)c2ncccc12,O=S(=O)(O)c1cc(Br)c(O)c2ncccc12,304.121,1.9496,87.49,4,2,1,2,0.0,0,1,1,0,3,0,1,1,0,
81-06-1,O=S(=O)(O)C=1C=CC=2C=CC=CC2C1N,Nc1c(S(=O)(=O)O)ccc2ccccc12,Nc1c(S(=O)(=O)O)ccc2ccccc12,223.253,1.6687,80.39,3,2,1,2,0.0,0,1,1,0,3,0,1,1,0,
3343-41-7,O=S(=O)(O)C(O)C1=NC=CC=C1,O=S(=O)(O)C(O)c1ccccn1,O=S(=O)(O)C(O)c1ccccn1,189.192,-0.0397,87.49,4,2,2,1,0.166667,0,1,1,0,3,0,1,0,0,
15851-63-5,O=N(=O)C1=CC(=C2C=CC=NC2=C1O)S(=O)(=O)O,O=[N+]([O-])c1cc(S(=O)(=O)O)c2cccnc2c1O,O=[N+]([O-])c1cc(S(=O)(=O)O)c2cccnc2c1O,270.222,1.0953,130.63,6,2,2,2,0.0,0,1,1,0,3,0,1,1,0,
37026-33-8,O=N(=O)C1=CC(=C2C=CC(=NC2=C1O)C)S(=O)(=O)O,Cc1ccc2c(S(=O)(=O)O)cc([N+](=O)[O-])c(O)c2n1,Cc1ccc2c(S(=O)(=O)O)cc([N+](=O)[O-])c(O)c2n1,284.249,1.40372,130.63,6,2,2,2,0.1,0,1,1,0,3,0,1,1,0,
134-54-3,O=S(=O)(O)C=1C=C(N)C=2C=CC=CC2C1,Nc1cc(S(=O)(=O)O)cc2ccccc12,Nc1cc(S(=O)(=O)O)cc2ccccc12,223.253,1.6687,80.39,3,2,1,2,0.0,0,1,1,0,3,0,1,1,0,
4872-28-0,O=S(=O)(O)C(O)C=1C=CN=CC1,O=S(=O)(O)C(O)c1ccncc1,O=S(=O)(O)C(O)c1ccncc1,189.192,-0.0397,87.49,4,2,2,1,0.166667,0,1,1,0,3,0,1,0,0,
5807-21-6,O=C1C=C(NC(=O)N1)S(=O)(=O)O,O=c1cc(S(=O)(=O)O)[nH]c(=O)[nH]1,O=c1cc(S(=O)(=O)O)[nH]c(=O)[nH]1,192.152,-1.6901,120.09,4,3,1,1,0.0,0,1,1,0,3,0,1,1,0,
