cas,smiles,canonical_smiles,pka_value
64-19-7,O=C(O)C,CC(=O)O,4.645133333333334
76-05-1,O=C(O)C(F)(F)F,O=C(O)C(F)(F)F,0.52
56-40-6,O=C(O)CN,NCC(=O)O,9.746006666666666
72-19-5,O=C(O)C(N)C(O)C,CC(O)C(N)C(=O)O,9.03
65-85-0,O=C(O)C=1C=CC=CC1,O=C(O)c1ccccc1,4.093071428571428
56-41-7,O=C(O)C(N)C,CC(N)C(=O)O,9.906
144-62-7,O=C(O)C(=O)O,O=C(O)C(=O)O,1.1902222222222223
76-03-9,O=C(O)C(Cl)(Cl)Cl,O=C(O)C(Cl)(Cl)Cl,0.001
110-15-6,O=C(O)CCC(=O)O,O=C(O)CCC(=O)O,4.2738
77-92-9,O=C(O)CC(O)(C(=O)O)CC(=O)O,O=C(O)CC(O)(CC(=O)O)C(=O)O,3.035
59-67-6,O=C(O)C=1C=NC=CC1,O=C(O)c1cccnc1,4.7725
69-72-7,O=C(O)C=1C=CC=CC1O,O=C(O)c1ccccc1O,2.9423076923076925
60-33-3,O=C(O)CCCCCCCC=CCC=CCCCCC,CCCCCC=CCC=CCCCCCCCC(=O)O,4.77
87-69-4,O=C(O)C(O)C(O)C(=O)O,O=C(O)C(O)C(O)C(=O)O,2.6
6915-15-7,O=C(O)CC(O)C(=O)O,O=C(O)CC(O)C(=O)O,3.22725
56-12-2,O=C(O)CCCN,NCCCC(=O)O,10.515175
79-14-1,O=C(O)CO,O=C(O)CO,3.995
60-00-4,O=C(O)CN(CC(=O)O)CCN(CC(=O)O)CC(=O)O,O=C(O)CN(CCN(CC(=O)O)CC(=O)O)CC(=O)O,2.6500000000000004
60-32-2,O=C(O)CCCCCN,NCCCCCC(=O)O,10.808
99-96-7,O=C(O)C1=CC=C(O)C=C1,O=C(O)c1ccc(O)cc1,4.566666666666666
150-13-0,O=C(O)C1=CC=C(N)C=C1,Nc1ccc(C(=O)O)cc1,4.832833333333333
99-50-3,O=C(O)C1=CC=C(O)C(O)=C1,O=C(O)c1ccc(O)c(O)c1,4.3755
1621-91-6,O=C(O)C1=NNC=C1,O=C(O)c1cc[nH]n1,3.74
107-95-9,O=C(O)CCN,NCCC(=O)O,10.2552
331-39-5,O=C(O)C=CC1=CC=C(O)C(O)=C1,O=C(O)C=Cc1ccc(O)c(O)c1,4.555
97-67-6,O=C(O)CC(O)C(=O)O,O=C(O)CC(O)C(=O)O,3.22725
50-78-2,O=C(O)C=1C=CC=CC1OC(=O)C,CC(=O)Oc1ccccc1C(=O)O,3.38
556-50-3,O=C(O)CNC(=O)CN,NCC(=O)NCC(=O)O,8.231928571428572
123-99-9,O=C(O)CCCCCCCC(=O)O,O=C(O)CCCCCCCC(=O)O,4.56
490-79-9,O=C(O)C1=CC(O)=CC=C1O,O=C(O)c1cc(O)ccc1O,2.9655
90-64-2,O=C(O)C(O)C=1C=CC=CC1,O=C(O)C(O)c1ccccc1,3.165
89-00-9,O=C(O)C1=NC=CC=C1C(=O)O,O=C(O)c1cccnc1C(=O)O,4.75
55-22-1,O=C(O)C=1C=CN=CC1,O=C(O)c1ccncc1,4.876666666666666
124-04-9,O=C(O)CCCCC(=O)O,O=C(O)CCCCC(=O)O,4.386666666666667
338-69-2,O=C(O)C(N)C,CC(N)C(=O)O,9.906
874-24-8,O=C(O)C1=NC=CC=C1O,O=C(O)c1ncccc1O,5.17
107-97-1,O=C(O)CNC,CNCC(=O)O,10.058333333333332
149-91-7,O=C(O)C1=CC(O)=C(O)C(O)=C1,O=C(O)c1cc(O)c(O)c(O)c1,4.27
634-97-9,O=C(O)C1=CC=CN1,O=C(O)c1ccc[nH]1,4.475
121-34-6,O=C(O)C1=CC=C(O)C(OC)=C1,COc1cc(C(=O)O)ccc1O,4.49
611-71-2,O=C(O)C(O)C=1C=CC=CC1,O=C(O)C(O)c1ccccc1,3.165
100-09-4,O=C(O)C1=CC=C(OC)C=C1,COc1ccc(C(=O)O)cc1,4.2783750000000005
99-10-5,O=C(O)C=1C=C(O)C=C(O)C1,O=C(O)c1cc(O)cc(O)c1,4.039
303-38-8,O=C(O)C=1C=CC=C(O)C1O,O=C(O)c1cccc(O)c1O,2.914
23945-44-0,O=C(O)C1=CNC(=O)NC1=O,O=C(O)c1c[nH]c(=O)[nH]c1=O,4.16
98-98-6,O=C(O)C1=NC=CC=C1,O=C(O)c1ccccn1,5.4
86-87-3,O=C(O)CC1=CC=CC=2C=CC=CC21,O=C(O)Cc1cccc2ccccc12,4.23
6089-09-4,O=C(O)CCC#C,C#CCCC(=O)O,4.2
24065-33-6,O=C(O)C=1SC(Cl)=CC1,O=C(O)c1ccc(Cl)s1,3.3150000000000004
530-57-4,O=C(O)C1=CC(OC)=C(O)C(OC)=C1,COc1cc(C(=O)O)cc(OC)c1O,4.34
619-66-9,O=CC1=CC=C(C=C1)C(=O)O,O=Cc1ccc(C(=O)O)cc1,3.76
579-75-9,O=C(O)C=1C=CC=CC1OC,COc1ccccc1C(=O)O,3.9
150-25-4,O=C(O)CN(CCO)CCO,O=C(O)CN(CCO)CCO,8.237566666666666
93-07-2,O=C(O)C1=CC=C(OC)C(OC)=C1,COc1ccc(C(=O)O)cc1OC,4.395
93-10-7,O=C(O)C=1N=C2C=CC=CC2=CC1,O=C(O)c1ccc2ccccc2n1,4.864
99-94-5,O=C(O)C1=CC=C(C=C1)C,Cc1ccc(C(=O)O)cc1,4.383333333333334
74-11-3,O=C(O)C1=CC=C(Cl)C=C1,O=C(O)c1ccc(Cl)cc1,3.988
62-23-7,O=C(O)C1=CC=C(C=C1)N(=O)=O,O=C(O)c1ccc([N+](=O)[O-])cc1,3.2511666666666668
62-57-7,O=C(O)C(N)(C)C,CC(C)(N)C(=O)O,10.2125
586-76-5,O=C(O)C1=CC=C(Br)C=C1,O=C(O)c1ccc(Br)cc1,3.963
104-01-8,O=C(O)CC1=CC=C(OC)C=C1,COc1ccc(CC(=O)O)cc1,4.07
501-52-0,O=C(O)CCC=1C=CC=CC1,O=C(O)CCc1ccccc1,4.688
50-84-0,O=C(O)C1=CC=C(Cl)C=C1Cl,O=C(O)c1ccc(Cl)cc1Cl,2.73
581-96-4,O=C(O)CC=1C=CC=2C=CC=CC2C1,O=C(O)Cc1ccc2ccccc2c1,4.3
111-16-0,O=C(O)CCCCCC(=O)O,O=C(O)CCCCCC(=O)O,4.484999999999999
771-50-6,O=C(O)C1=CNC=2C=CC=CC21,O=C(O)c1c[nH]c2ccccc12,3.87
879-65-2,O=C(O)C1=NC2=CC=CC=C2N=C1,O=C(O)c1cnc2ccccc2n1,2.811666666666666
594-61-6,O=C(O)C(O)(C)C,CC(C)(O)C(=O)O,3.784
1492-24-6,O=C(O)C(N)CC,CCC(N)C(=O)O,9.708666666666668
118-91-2,O=C(O)C=1C=CC=CC1Cl,O=C(O)c1ccccc1Cl,3.063333333333333
306-08-1,O=C(O)CC1=CC=C(O)C(OC)=C1,COc1cc(CC(=O)O)ccc1O,4.41
123-76-2,O=C(O)CCC(=O)C,CC(=O)CCC(=O)O,4.6
516-05-2,O=C(O)C(C(=O)O)C,CC(C(=O)O)C(=O)O,3.05
586-89-0,O=C(O)C1=CC=C(C=C1)C(=O)C,CC(=O)c1ccc(C(=O)O)cc1,3.7
118-41-2,O=C(O)C1=CC(OC)=C(OC)C(OC)=C1,COc1cc(C(=O)O)cc(OC)c1OC,4.166666666666667
89-86-1,O=C(O)C1=CC=C(O)C=C1O,O=C(O)c1ccc(O)cc1O,3.20875
65-49-6,O=C(O)C1=CC=C(N)C=C1O,Nc1ccc(C(=O)O)c(O)c1,3.356666666666667
7254-19-5,O=C(O)C1=CC=2C=C(Br)C=CC2N1,O=C(O)c1cc2cc(Br)ccc2[nH]1,16.1
556-33-2,O=C(O)CNC(=O)CNC(=O)CN,NCC(=O)NCC(=O)NCC(=O)O,8.11
10349-57-2,O=C(O)C1=CC=C2N=CC=CC2=C1,O=C(O)c1ccc2ncccc2c1,4.82
302-72-7,O=C(O)C(N)C,CC(N)C(=O)O,9.906
1118-68-9,O=C(O)CN(C)C,CN(C)CC(=O)O,9.848
617-62-9,O=C(O)CCC(C(=O)O)C,CC(CCC(=O)O)C(=O)O,4.36
636-61-3,O=C(O)CC(O)C(=O)O,O=C(O)CC(O)C(=O)O,3.22725
632-20-2,O=C(O)C(N)C(O)C,CC(O)C(N)C(=O)O,9.03
110-94-1,O=C(O)CCCC(=O)O,O=C(O)CCCC(=O)O,4.25
98-89-5,O=C(O)C1CCCCC1,O=C(O)C1CCCCC1,4.895
88-14-2,O=C(O)C=1OC=CC1,O=C(O)c1ccco1,3.153
499-83-2,O=C(O)C=1N=C(C=CC1)C(=O)O,O=C(O)c1cccc(C(=O)O)n1,4.6
99-05-8,O=C(O)C=1C=CC=C(N)C1,Nc1cccc(C(=O)O)c1,4.749
93-09-4,O=C(O)C=1C=CC=2C=CC=CC2C1,O=C(O)c1ccc2ccccc2c1,4.343666666666667
552-16-9,O=C(O)C=1C=CC=CC1N(=O)=O,O=C(O)c1ccccc1[N+](=O)[O-],2.1083333333333334
446-08-2,O=C(O)C1=CC(F)=CC=C1N,Nc1ccc(F)cc1C(=O)O,4.82
127-17-3,O=C(O)C(=O)C,CC(=O)C(=O)O,2.365
541-48-0,O=C(O)CC(N)C,CC(N)CC(=O)O,10.19
456-22-4,O=C(O)C1=CC=C(F)C=C1,O=C(O)c1ccc(F)cc1,3.907428571428572
56-69-9,O=C(O)C(N)CC1=CNC=2C=CC(O)=CC21,NC(Cc1c[nH]c2ccc(O)cc12)C(=O)O,17.95
97-61-0,O=C(O)C(C)CCC,CCCC(C)C(=O)O,4.782
492-37-5,O=C(O)C(C=1C=CC=CC1)C,CC(C(=O)O)c1ccccc1,4.3
2612-02-4,O=C(O)C1=CC(OC)=CC=C1O,COc1ccc(O)c(C(=O)O)c1,2.94
99-06-9,O=C(O)C=1C=CC=C(O)C1,O=C(O)c1cccc(O)c1,4.19
4350-09-8,O=C(O)C(N)CC1=CNC=2C=CC(O)=CC21,NC(Cc1c[nH]c2ccc(O)cc12)C(=O)O,17.95
116-53-0,O=C(O)C(C)CC,CCC(C)C(=O)O,4.761
577-56-0,O=C(O)C=1C=CC=CC1C(=O)C,CC(=O)c1ccccc1C(=O)O,4.123
619-04-5,O=C(O)C1=CC=C(C(=C1)C)C,Cc1ccc(C(=O)O)cc1C,4.5
97-65-4,O=C(O)C(=C)CC(=O)O,C=C(CC(=O)O)C(=O)O,3.6545
536-66-3,O=C(O)C1=CC=C(C=C1)C(C)C,CC(C)c1ccc(C(=O)O)cc1,4.36
83-40-9,O=C(O)C1=CC=CC(=C1O)C,Cc1cccc(C(=O)O)c1O,2.971
1466-76-8,O=C(O)C=1C(OC)=CC=CC1OC,COc1cccc(OC)c1C(=O)O,3.44
17199-29-0,O=C(O)C(O)C=1C=CC=CC1,O=C(O)C(O)c1ccccc1,3.165
1878-66-6,O=C(O)CC1=CC=C(Cl)C=C1,O=C(O)Cc1ccc(Cl)cc1,3.899
635-21-2,O=C(O)C1=CC(Cl)=CC=C1N,Nc1ccc(Cl)cc1C(=O)O,4.35
20776-50-5,O=C(O)C1=CC=C(Br)C=C1N,Nc1cc(Br)ccc1C(=O)O,4.37
104-03-0,O=C(O)CC1=CC=C(C=C1)N(=O)=O,O=C(O)Cc1ccc([N+](=O)[O-])cc1,3.7142
96-97-9,O=C(O)C1=CC(=CC=C1O)N(=O)=O,O=C(O)c1cc([N+](=O)[O-])ccc1O,2.18
527-72-0,O=C(O)C=1SC=CC1,O=C(O)c1cccs1,3.5125
34592-47-7,O=C(O)C1NCSC1,O=C(O)C1CSCN1,6.08
16694-18-1,O=C(O)C=1SC=C(Br)C1,O=C(O)c1cc(Br)cs1,3.11
94-53-1,O=C(O)C1=CC=C2OCOC2=C1,O=C(O)c1ccc2c(c1)OCO2,4.5
94-75-7,O=C(O)COC1=CC=C(Cl)C=C1Cl,O=C(O)COc1ccc(Cl)cc1Cl,2.9130000000000003
79-09-4,O=C(O)CC,CCC(=O)O,4.7335
4839-46-7,O=C(O)CC(C)(C)CC(=O)O,CC(C)(CC(=O)O)CC(=O)O,3.79
111-20-6,O=C(O)CCCCCCCCC(=O)O,O=C(O)CCCCCCCCC(=O)O,4.49
50-30-6,O=C(O)C=1C(Cl)=CC=CC1Cl,O=C(O)c1c(Cl)cccc1Cl,1.707
535-80-8,O=C(O)C=1C=CC=C(Cl)C1,O=C(O)c1cccc(Cl)c1,3.8295
89-77-0,O=C(O)C1=CC=C(Cl)C=C1N,Nc1cc(Cl)ccc1C(=O)O,4.44
394-31-0,O=C(O)C1=CC(O)=CC=C1N,Nc1ccc(O)cc1C(=O)O,5.37
91-40-7,O=C(O)C=1C=CC=CC1NC=2C=CC=CC2,O=C(O)c1ccccc1Nc1ccccc1,3.925
2835-81-6,O=C(O)C(N)CC,CCC(N)C(=O)O,9.708666666666668
1132-21-4,O=C(O)C=1C=C(OC)C=C(OC)C1,COc1cc(OC)cc(C(=O)O)c1,3.97
934-60-1,O=C(O)C=1N=C(C=CC1)C,Cc1cccc(C(=O)O)n1,5.83
2941-78-8,O=C(O)C1=CC(=CC=C1N)C,Cc1ccc(N)c(C(=O)O)c1,5.13
7311-63-9,O=C(O)C=1SC(Br)=CC1,O=C(O)c1ccc(Br)s1,3.245
65-86-1,O=C1C=C(NC(=O)N1)C(=O)O,O=C(O)c1cc(=O)[nH]c(=O)[nH]1,1.935
122-59-8,O=C(O)COC=1C=CC=CC1,O=C(O)COc1ccccc1,3.090666666666667
585-76-2,O=C(O)C=1C=CC=C(Br)C1,O=C(O)c1cccc(Br)c1,3.813
92-70-6,O=C(O)C1=CC=2C=CC=CC2C=C1O,O=C(O)c1cc2ccccc2cc1O,2.75
79-43-6,O=C(O)C(Cl)Cl,O=C(O)C(Cl)Cl,1.3250000000000002
328-42-7,O=C(O)C(=O)CC(=O)O,O=C(O)CC(=O)C(=O)O,2.22
444-27-9,O=C(O)C1NCSC1,O=C(O)C1CSCN1,6.08
1918-77-0,O=C(O)CC=1SC=CC1,O=C(O)Cc1cccs1,3.89
4294-95-5,O=C(O)C1=CC=C(OC)C=C1N,COc1ccc(C(=O)O)c(N)c1,4.88
77-95-2,O=C(O)C1(O)CC(O)C(O)C(O)C1,O=C(O)C1(O)CC(O)C(O)C(O)C1,3.54
1521-38-6,O=C(O)C=1C=CC=C(OC)C1OC,COc1cccc(C(=O)O)c1OC,3.98
321-14-2,O=C(O)C1=CC(Cl)=CC=C1O,O=C(O)c1cc(Cl)ccc1O,2.695
446-32-2,O=C(O)C1=CC=C(F)C=C1N,Nc1cc(F)ccc1C(=O)O,4.6
490-11-9,O=C(O)C=1C=NC=CC1C(=O)O,O=C(O)c1ccncc1C(=O)O,2.95
121-92-6,O=C(O)C1=CC=CC(=C1)N(=O)=O,O=C(O)c1cccc([N+](=O)[O-])c1,3.293333333333333
147-71-7,O=C(O)C(O)C(O)C(=O)O,O=C(O)C(O)C(O)C(=O)O,2.6
123-93-3,O=C(O)CSCC(=O)O,O=C(O)CSCC(=O)O,3.1950000000000003
505-48-6,O=C(O)CCCCCCC(=O)O,O=C(O)CCCCCCC(=O)O,4.53
660-88-8,O=C(O)CCCCN,NCCCCC(=O)O,10.6572
2305-36-4,O=C(O)C1=CC=C(C=C1N)C,Cc1ccc(C(=O)O)c(N)c1,5.07
499-81-0,O=C(O)C1=CN=CC(=C1)C(=O)O,O=C(O)c1cncc(C(=O)O)c1,2.72
645-08-9,O=C(O)C1=CC=C(OC)C(O)=C1,COc1ccc(C(=O)O)cc1O,4.47
637-44-5,O=C(O)C#CC=1C=CC=CC1,O=C(O)C#Cc1ccccc1,2.23
614-19-7,O=C(O)CC(N)C=1C=CC=CC1,NC(CC(=O)O)c1ccccc1,9.31
138-41-0,O=C(O)C1=CC=C(C=C1)S(=O)(=O)N,NS(=O)(=O)c1ccc(C(=O)O)cc1,3.47
2019-34-3,O=C(O)CCC1=CC=C(Cl)C=C1,O=C(O)CCc1ccc(Cl)cc1,4.66
609-99-4,O=C(O)C=1C=C(C=C(C1O)N(=O)=O)N(=O)=O,O=C(O)c1cc([N+](=O)[O-])cc([N+](=O)[O-])c1O,0.7
600-18-0,O=C(O)C(=O)CC,CCC(=O)C(=O)O,2.5
28954-12-3,O=C(O)C(N)C(O)C,CC(O)C(N)C(=O)O,9.03
121-91-5,O=C(O)C1=CC=CC(=C1)C(=O)O,O=C(O)c1cccc(C(=O)O)c1,3.7
3235-69-6,O=C(O)CN1CCOCC1,O=C(O)CN1CCOCC1,7.53
103-01-5,O=C(O)CNC=1C=CC=CC1,O=C(O)CNc1ccccc1,4.39
455-38-9,O=C(O)C=1C=CC=C(F)C1,O=C(O)c1cccc(F)c1,3.626714285714286
1877-73-2,O=C(O)CC=1C=CC=C(C1)N(=O)=O,O=C(O)Cc1cccc([N+](=O)[O-])c1,3.97
590-93-2,O=C(O)C#CC,CC#CC(=O)O,2.603
105-43-1,O=C(O)CC(C)CC,CCC(C)CC(=O)O,4.766
118-90-1,O=C(O)C=1C=CC=CC1C,Cc1ccccc1C(=O)O,3.914
622-47-9,O=C(O)CC1=CC=C(C=C1)C,Cc1ccc(CC(=O)O)cc1,4.07025
98-73-7,O=C(O)C1=CC=C(C=C1)C(C)(C)C,CC(C)(C)c1ccc(C(=O)O)cc1,4.382
1929-29-9,O=C(O)CCC1=CC=C(OC)C=C1,COc1ccc(CCC(=O)O)cc1,4.71
5794-88-7,O=C(O)C1=CC(Br)=CC=C1N,Nc1ccc(Br)cc1C(=O)O,4.41
492-86-4,O=C(O)C(O)C1=CC=C(Cl)C=C1,O=C(O)C(O)c1ccc(Cl)cc1,3.15
122-88-3,O=C(O)COC1=CC=C(Cl)C=C1,O=C(O)COc1ccc(Cl)cc1,3.009
541-47-9,O=C(O)C=C(C)C,CC(C)=CC(=O)O,5.12
304-55-2,O=C(O)C(S)C(S)C(=O)O,O=C(O)C(S)C(S)C(=O)O,2.71
586-38-9,O=C(O)C=1C=CC=C(OC)C1,COc1cccc(C(=O)O)c1,3.8745
6705-03-9,O=C(O)C1=CC(OC)=CC=C1N,COc1ccc(N)c(C(=O)O)c1,5.57
4442-54-0,O=C(O)C1=CC=C2OCCOC2=C1,O=C(O)c1ccc2c(c1)OCCO2,4.35
625-45-6,O=C(O)COC,COCC(=O)O,3.513333333333333
2623-91-8,O=C(O)C(N)CC,CCC(N)C(=O)O,9.708666666666668
2345-34-8,O=C(O)C1=CC=C(OC(=O)C)C=C1,CC(=O)Oc1ccc(C(=O)O)cc1,3.92
53293-00-8,O=C(O)CCCC#C,C#CCCCC(=O)O,4.59
303-07-1,O=C(O)C=1C(O)=CC=CC1O,O=C(O)c1c(O)cccc1O,1.0605
86-55-5,O=C(O)C1=CC=CC=2C=CC=CC21,O=C(O)c1cccc2ccccc12,3.80925
85-38-1,O=C(O)C1=CC=CC(=C1O)N(=O)=O,O=C(O)c1cccc([N+](=O)[O-])c1O,2.085
142-62-1,O=C(O)CCCCC,CCCCCC(=O)O,4.8
111-14-8,O=C(O)CCCCCC,CCCCCCC(=O)O,4.8
711-02-4,O=C(O)C12CCC(C(=O)O)(CC1)CC2,O=C(O)C12CCC(C(=O)O)(CC1)CC2,4.468
619-84-1,O=C(O)C1=CC=C(C=C1)N(C)C,CN(C)c1ccc(C(=O)O)cc1,5.03
602-94-8,O=C(O)C=1C(F)=C(F)C(F)=C(F)C1F,O=C(O)c1c(F)c(F)c(F)c(F)c1F,1.75
405-50-5,O=C(O)CC1=CC=C(F)C=C1,O=C(O)Cc1ccc(F)cc1,3.9325
109-52-4,O=C(O)CCCC,CCCCC(=O)O,4.8
1918-79-2,O=C(O)C=1SC(=CC1)C,Cc1ccc(C(=O)O)s1,3.73
480-63-7,O=C(O)C=1C(=CC(=CC1C)C)C,Cc1cc(C)c(C(=O)O)c(C)c1,3.498
874-61-3,O=C(O)C1CCC(=O)CC1,O=C1CCC(C(=O)O)CC1,4.38
500-05-0,O=C1OC=C(C=C1)C(=O)O,O=C(O)c1ccc(=O)oc1,3.26
6317-37-9,O=C(O)C=1SC(=CC1)N(=O)=O,O=C(O)c1ccc([N+](=O)[O-])s1,2.68
619-21-6,O=CC1=CC=CC(=C1)C(=O)O,O=Cc1cccc(C(=O)O)c1,3.84
331-25-9,O=C(O)CC=1C=CC=C(F)C1,O=C(O)Cc1cccc(F)c1,3.8535
619-17-0,O=C(O)C1=CC=C(C=C1N)N(=O)=O,Nc1cc([N+](=O)[O-])ccc1C(=O)O,3.7
75-98-9,O=C(O)C(C)(C)C,CC(C)(C)C(=O)O,5.1555
68-11-1,O=C(O)CS,O=C(O)CS,3.557
107-92-6,O=C(O)CCC,CCCC(=O)O,4.8175
24830-94-2,O=C(O)C(N)C(O)C,CC(O)C(N)C(=O)O,9.03
499-06-9,O=C(O)C=1C=C(C=C(C1)C)C,Cc1cc(C)cc(C(=O)O)c1,4.343999999999999
632-46-2,O=C(O)C=1C(=CC=CC1C)C,Cc1cccc(C)c1C(=O)O,3.307
610-72-0,O=C(O)C1=CC(=CC=C1C)C,Cc1ccc(C)c(C(=O)O)c1,4.0205
99-64-9,O=C(O)C1=CC=CC(=C1)N(C)C,CN(C)c1cccc(C(=O)O)c1,5.1
4767-03-7,O=C(O)C(C)(CO)CO,CC(CO)(CO)C(=O)O,4.5
498-21-5,O=C(O)CC(C(=O)O)C,CC(CC(=O)O)C(=O)O,3.94
142-73-4,O=C(O)CNCC(=O)O,O=C(O)CNCC(=O)O,9.46
50-85-1,O=C(O)C1=CC=C(C=C1O)C,Cc1ccc(C(=O)O)c(O)c1,3.1630000000000003
86-59-9,O=C(O)C1=CC=CC2=CC=CN=C21,O=C(O)c1cccc2cccnc12,6.8
16642-79-8,O=C(O)CCC1=CC=C(C=C1)N(=O)=O,O=C(O)CCc1ccc([N+](=O)[O-])cc1,4.54
133-37-9,O=C(O)C(O)C(O)C(=O)O,O=C(O)C(O)C(O)C(=O)O,2.6
7782-24-3,O=C(O)C(C=1C=CC=CC1)C,CC(C(=O)O)c1ccccc1,4.3
611-01-8,O=C(O)C1=CC=C(C=C1C)C,Cc1ccc(C(=O)O)c(C)c1,4.2595
603-79-2,O=C(O)C1=CC=CC(=C1C)C,Cc1cccc(C(=O)O)c1C,3.758
91-52-1,O=C(O)C1=CC=C(OC)C=C1OC,COc1ccc(C(=O)O)c(OC)c1,4.36
499-80-9,O=C(O)C1=NC=CC(=C1)C(=O)O,O=C(O)c1ccnc(C(=O)O)c1,2.2
619-19-2,O=C(O)C1=CC=C(C=C1O)N(=O)=O,O=C(O)c1ccc([N+](=O)[O-])cc1O,2.27
79-08-3,O=C(O)CBr,O=C(O)CBr,3.093666666666666
141-82-2,O=C(O)CC(=O)O,O=C(O)CC(=O)O,2.959142857142857
601-75-2,O=C(O)C(C(=O)O)CC,CCC(C(=O)O)C(=O)O,2.975
80-68-2,O=C(O)C(N)C(O)C,CC(O)C(N)C(=O)O,9.03
565-71-9,O=C(O)C(O)CN,NCC(O)C(=O)O,9.33
70-49-5,O=C(O)CC(S)C(=O)O,O=C(O)CC(S)C(=O)O,2.8475
567-61-3,O=C(O)C=1C(O)=CC=CC1C,Cc1cccc(O)c1C(=O)O,3.24
2237-36-7,O=C(O)C1=CC=C(OC)C=C1O,COc1ccc(C(=O)O)c(O)c1,3.31
1878-65-5,O=C(O)CC=1C=CC=C(Cl)C1,O=C(O)Cc1cccc(Cl)c1,3.836
52950-18-2,O=C(O)C(O)C=1C=CC=CC1Cl,O=C(O)C(O)c1ccccc1Cl,3.31
16650-55-8,O=C(O)C1=CC=C(Br)C=2C=CC=CC12,O=C(O)c1ccc(Br)c2ccccc12,3.37
381-73-7,O=C(O)C(F)F,O=C(O)C(F)F,1.235
20485-43-2,O=C(O)C1=NC=CN1C,Cn1ccnc1C(=O)O,7.25
6940-50-7,O=C(O)C(O)C1=CC=C(Br)C=C1,O=C(O)C(O)c1ccc(Br)cc1,3.15
2510-32-9,O=C(O)C=1OC=NC1C,Cc1ncoc1C(=O)O,2.88
99-04-7,O=C(O)C1=CC=CC(=C1)C,Cc1cccc(C(=O)O)c1,4.272666666666667
50-79-3,O=C(O)C1=CC(Cl)=CC=C1Cl,O=C(O)c1cc(Cl)ccc1Cl,2.466
40856-44-8,O=C(O)CC(N)C=1C=CC=CC1,NC(CC(=O)O)c1ccccc1,9.31
3128-06-1,O=C(O)CCCC(=O)C,CC(=O)CCCC(=O)O,4.8
107-96-0,O=C(O)CCS,O=C(O)CCS,4.38
2345-51-9,O=C(O)CC#C,C#CCC(=O)O,3.32
1505-50-6,O=C(O)CCC1=CC=C(C=C1)C,Cc1ccc(CCC(=O)O)cc1,4.74
10128-71-9,O=C(O)C=1C=CN=CC1O,O=C(O)c1ccncc1O,4.83
7170-38-9,O=C(O)CCOC=1C=CC=CC1,O=C(O)CCOc1ccccc1,4.32
618-84-8,O=C(O)C1=CC(N)=CC(=C1)N(=O)=O,Nc1cc(C(=O)O)cc([N+](=O)[O-])c1,3.55
85-52-9,O=C(O)C=1C=CC=CC1C(=O)C=2C=CC=CC2,O=C(O)c1ccccc1C(=O)c1ccccc1,3.536
79-31-2,O=C(O)C(C)C,CC(C)C(=O)O,4.619
79-11-8,O=C(O)CCl,O=C(O)CCl,2.934
586-42-5,O=C(O)C1=CC=CC(=C1)C(=O)C,CC(=O)c1cccc(C(=O)O)c1,3.827
7170-36-7,O=C(O)C=1N=C(C=CC1)C(=O)OC,COC(=O)c1cccc(C(=O)O)n1,2.65
3937-96-0,O=C(O)CS(=O)(=O)C1=CC=C(C=C1)C,Cc1ccc(S(=O)(=O)CC(=O)O)cc1,2.542
103-04-8,O=C(O)CSC=1C=CC=CC1,O=C(O)CSc1ccccc1,3.4690000000000003
94-74-6,O=C(O)COC1=CC=C(Cl)C=C1C,Cc1cc(Cl)ccc1OCC(=O)O,3.107
3147-55-5,O=C(O)C=1C=C(Br)C=C(Br)C1O,O=C(O)c1cc(Br)cc(Br)c1O,2.162
1643-26-1,O=C(O)CCC=1C=CC=CC1F,O=C(O)CCc1ccccc1F,4.6
626-51-7,O=C(O)CC(C)CC(=O)O,CC(CC(=O)O)CC(=O)O,4.31
13041-62-8,O=C(O)C1=CC=C(OC)C=2C=CC=CC12,COc1ccc(C(=O)O)c2ccccc12,4.31
6925-00-4,O=C(O)C1=CC=C2N=CC=NC2=C1,O=C(O)c1ccc2nccnc2c1,3.64
10421-85-9,O=C(O)C(O)C=1C=CC=CC1Cl,O=C(O)C(O)c1ccccc1Cl,3.31
111-17-1,O=C(O)CCSCCC(=O)O,O=C(O)CCSCCC(=O)O,3.84
51-44-5,O=C(O)C1=CC=C(Cl)C(Cl)=C1,O=C(O)c1ccc(Cl)c(Cl)c1,3.64
89-55-4,O=C(O)C1=CC(Br)=CC=C1O,O=C(O)c1cc(Br)ccc1O,2.6514
588-32-9,O=C(O)COC=1C=CC=C(Cl)C1,O=C(O)COc1cccc(Cl)c1,3.04
16730-20-4,O=C(O)C1=CC=2C=C(C=CC2N1)N(=O)=O,O=C(O)c1cc2cc([N+](=O)[O-])ccc2[nH]1,14.91
298-12-4,O=CC(=O)O,O=CC(=O)O,3.22
595-37-9,O=C(O)C(C)(C)CC,CCC(C)(C)C(=O)O,4.93
627-03-2,O=C(O)COCC,CCOCC(=O)O,3.84
119-68-6,O=C(O)C=1C=CC=CC1NC,CNc1ccccc1C(=O)O,5.34
138-60-3,O=C1C=C(NC(=C1)C(=O)O)C(=O)O,O=C(O)c1cc(=O)cc(C(=O)O)[nH]1,
487-54-7,O=C(O)CNC(=O)C=1C=CC=CC1O,O=C(O)CNC(=O)c1ccccc1O,3.41
595-46-0,O=C(O)C(C(=O)O)(C)C,CC(C)(C(=O)O)C(=O)O,3.03
7782-26-5,O=C(O)C(C=1C=CC=CC1)C,CC(C(=O)O)c1ccccc1,4.3
610-16-2,O=C(O)C=1C=CC=CC1N(C)C,CN(C)c1ccccc1C(=O)O,8.5
1666-28-0,O=C(O)C1=CC=C(Br)C=C1O,O=C(O)c1ccc(Br)cc1O,2.669
573-03-5,O=C(O)C1=CC=C(F)C=2C=CC=CC12,O=C(O)c1ccc(F)c2ccccc12,3.7
1664-57-9,O=C(O)CCC=1C=CC=C(C1)N(=O)=O,O=C(O)CCc1cccc([N+](=O)[O-])c1,4.53
372-09-8,N#CCC(=O)O,N#CCC(=O)O,2.56025
4593-90-2,O=C(O)CC(C=1C=CC=CC1)C,CC(CC(=O)O)c1ccccc1,4.4
30964-00-2,O=C(O)CCCCC#C,C#CCCCCC(=O)O,4.57
616-75-1,O=C(O)C(C(=O)O)CC=1C=CC=CC1,O=C(O)C(Cc1ccccc1)C(=O)O,2.91
52950-19-3,O=C(O)C(O)C=1C=CC=CC1Cl,O=C(O)C(O)c1ccccc1Cl,3.31
3775-73-3,O=C(O)CC(N)C,CC(N)CC(=O)O,10.19
22287-28-1,O=C(O)C12CC(C1)C2,O=C(O)C12CC(C1)C2,4.09
89-56-5,O=C(O)C1=CC(=CC=C1O)C,Cc1ccc(O)c(C(=O)O)c1,3.026666666666667
79-10-7,O=C(O)C=C,C=CC(=O)O,4.2485
627-01-0,O=C(O)CNCC,CCNCC(=O)O,10.165
528-90-5,O=C(O)C=1C=C(C(=CC1C)C)C,Cc1cc(C)c(C(=O)O)cc1C,4.38
16841-19-3,O=C(O)C1(O)CCCC1,O=C(O)C1(O)CCCC1,4.0016
926-77-2,O=C(O)C(NC(=O)CN)C,CC(NC(=O)CN)C(=O)O,8.225000000000001
883-62-5,O=C(O)C1=CC=2C=CC=CC2C=C1OC,COc1cc2ccccc2cc1C(=O)O,3.8
3813-52-3,O=C(O)C1C2C=CC(C2)C1C(=O)O,O=C(O)C1C2C=CC(C2)C1C(=O)O,3.97
637-84-3,O=C(O)CNC(=O)CNC(=O)CNC(=O)CN,NCC(=O)NCC(=O)NCC(=O)NCC(=O)O,7.95
652-18-6,O=C(O)C=1C(F)=C(F)C=C(F)C1F,O=C(O)c1c(F)c(F)cc(F)c1F,1.87
495-78-3,O=C(O)CCC=1C=CC=CC1O,O=C(O)CCc1ccccc1O,4.75
10541-83-0,O=C(O)C1=CC=C(C=C1)NC,CNc1ccc(C(=O)O)cc1,5.04
23229-72-3,O=C(O)C=1SC(=CC1)CC,CCc1ccc(C(=O)O)s1,3.7
17874-79-2,O=C(O)C1=NC=C(C=C1)C(=O)OC,COC(=O)c1ccc(C(=O)O)nc1,3.62
395-33-5,O=C(O)C(O)C1=CC=C(F)C=C1,O=C(O)C(O)c1ccc(F)cc1,3.19
15115-58-9,O=C(O)CCC=1C=CC=CC1Br,O=C(O)CCc1ccccc1Br,4.58
1798-11-4,O=C(O)COC1=CC=C(C=C1)N(=O)=O,O=C(O)COc1ccc([N+](=O)[O-])cc1,2.81
1730-91-2,O=C(O)C(C)CC,CCC(C)C(=O)O,4.761
3695-73-6,O=C(O)C(NC(=O)CN)C,CC(NC(=O)CN)C(=O)O,8.225000000000001
67-21-0,O=C(O)C(N)CCSCC,CCSCCC(N)C(=O)O,9.02
15959-93-0,O=C(O)C(N)CC(F)(F)F,NC(CC(F)(F)F)C(=O)O,8.171
10502-44-0,O=C(O)C(O)C1=CC=C(OC)C=C1,COc1ccc(C(O)C(=O)O)cc1,3.42
2613-89-0,O=C(O)C(C(=O)O)C=1C=CC=CC1,O=C(O)C(C(=O)O)c1ccccc1,2.77
506-21-8,O=C(O)CCCCCCCC=CCC=CCCCCC,CCCCCC=CCC=CCCCCCCCC(=O)O,4.77
652-34-6,O=C(O)C1=C(F)C(F)=C(O)C(F)=C1F,O=C(O)c1c(F)c(F)c(O)c(F)c1F,2.27
5930-93-8,O=C(O)C1=CC(=CN1)N(=O)=O,O=C(O)c1cc([N+](=O)[O-])c[nH]1,3.37
3987-53-9,O=C(O)CN(CC(=O)O)CC=1C=CC=CC1,O=C(O)CN(CC(=O)O)Cc1ccccc1,2.2375
601-79-6,O=C(O)C(C(=O)O)C(C)C,CC(C)C(C(=O)O)C(=O)O,3.0966666666666662
25055-86-1,O=C(O)CCC1(N=N1)C,CC1(CCC(=O)O)N=N1,4.4
5657-17-0,O=C(O)CNCCNCC(=O)O,O=C(O)CNCCNCC(=O)O,6.483333333333333
16034-49-4,O=C(O)CN1N=C(C=C1C)C,Cc1cc(C)n(CC(=O)O)n1,3.9
13921-90-9,O=C(O)CC(N)C=1C=CC=CC1,NC(CC(=O)O)c1ccccc1,9.31
7164-43-4,O=C(O)C=1NC(=O)NC(=O)C1N,Nc1c(C(=O)O)[nH]c(=O)[nH]c1=O,2.63
1798-82-9,O=C(O)C1=CC=C(C=C1)C2CC2,O=C(O)c1ccc(C2CC2)cc1,4.44
6924-66-9,O=C(O)C=1C=CC=C2N=CC=NC21,O=C(O)c1cccc2nccnc12,4.026
1013-04-3,O=C(O)C1=CC=C(Cl)C=2C=CC=CC12,O=C(O)c1ccc(Cl)c2ccccc12,3.36
471-25-0,O=C(O)C#C,C#CC(=O)O,1.8635
22426-30-8,N#CC(C(=O)O)(C)C,CC(C)(C#N)C(=O)O,2.422
3739-30-8,O=C(O)C(O)(C)CC,CCC(C)(O)C(=O)O,3.73
14542-16-6,O=C(O)C1=NC(=CS1)C,Cc1csc(C(=O)O)n1,3.18
1457-59-6,O=C(O)C=1NC=NC1C,Cc1nc[nH]c1C(=O)O,7.01
652-32-4,O=C(O)C1=C(F)C(F)=C(C(F)=C1F)C,Cc1c(F)c(F)c(C(=O)O)c(F)c1F,2.0
3235-67-4,O=C(O)CN1CCCCC1,O=C(O)CN1CCCCC1,10.2
3959-23-7,O=C(O)CS(=O)(=O)C=1C=CC=CC1,O=C(O)CS(=O)(=O)c1ccccc1,2.513
4165-96-2,O=C(O)CC(C=1C=CC=CC1)CC(=O)O,O=C(O)CC(CC(=O)O)c1ccccc1,4.28
3775-72-2,O=C(O)CC(N)C,CC(N)CC(=O)O,10.19
80-69-3,O=C(O)C(O)C(=O)O,O=C(O)C(O)C(=O)O,2.37
13073-35-3,O=C(O)C(N)CCSCC,CCSCCC(N)C(=O)O,9.02
56961-31-0,O=C(O)C=1C(Cl)=CC=CC1O,O=C(O)c1c(O)cccc1Cl,2.63
24195-03-7,O=C(O)C1=NC=CC(=C1)C(=O)OC,COC(=O)c1ccnc(C(=O)O)c1,3.71
76-04-0,O=C(O)C(F)(F)Cl,O=C(O)C(F)(F)Cl,0.46
14282-78-1,O=C(O)C=1SC=C(C1)C,Cc1csc(C(=O)O)c1,3.6366666666666663
1878-81-5,O=C(O)COC1=CC=C(C=C1)C(=O)C,CC(=O)c1ccc(OCC(=O)O)cc1,2.81
15448-77-8,O=C(O)C12CCC(C(=O)OC)(CC1)C2,COC(=O)C12CCC(C(=O)O)(CC1)C2,4.494
7498-54-6,O=C(O)C1=CC=CC(=C1)C(C)(C)C,CC(C)(C)c1cccc(C(=O)O)c1,4.204
15785-54-3,O=C(O)C1=CC(OC)=C(O)C(=C1)N(=O)=O,COc1cc(C(=O)O)cc([N+](=O)[O-])c1O,4.12
1878-88-2,O=C(O)COC1=CC=CC(=C1)N(=O)=O,O=C(O)COc1cccc([N+](=O)[O-])c1,2.91
75-75-2,O=S(=O)(O)C,CS(=O)(=O)O,-1.53
107-35-7,O=S(=O)(O)CCN,NCCS(=O)(=O)O,8.98335
121-57-3,O=S(=O)(O)C1=CC=C(N)C=C1,Nc1ccc(S(=O)(=O)O)cc1,3.228825
636-73-7,O=S(=O)(O)C=1C=NC=CC1,O=S(=O)(O)c1cccnc1,3.22
98-71-5,O=S(=O)(O)C1=CC=C(C=C1)NN,NNc1ccc(S(=O)(=O)O)cc1,2.61
88-21-1,O=S(=O)(O)C=1C=CC=CC1N,Nc1ccccc1S(=O)(=O)O,2.4746
121-47-1,O=S(=O)(O)C=1C=CC=C(N)C1,Nc1cccc(S(=O)(=O)O)c1,3.729025
15103-48-7,O=S(=O)(O)C1=NC=CC=C1,O=S(=O)(O)c1ccccn1,1.75
82-75-7,O=S(=O)(O)C1=CC=CC=2C=CC=C(N)C21,Nc1cccc2cccc(S(=O)(=O)O)c12,5.03
119-79-9,O=S(=O)(O)C=1C=CC=2C(N)=CC=CC2C1,Nc1cccc2cc(S(=O)(=O)O)ccc12,3.8
84-86-6,O=S(=O)(O)C1=CC=C(N)C=2C=CC=CC21,Nc1ccc(S(=O)(=O)O)c2ccccc12,2.81
81-05-0,O=S(=O)(O)C1=CC=CC2=CC(N)=CC=C21,Nc1ccc2c(S(=O)(=O)O)cccc2c1,3.96
104-15-4,O=S(=O)(O)C1=CC=C(C=C1)C,Cc1ccc(S(=O)(=O)O)cc1,-1.34
84-89-9,O=S(=O)(O)C=1C=CC=C2C(N)=CC=CC21,Nc1cccc2c(S(=O)(=O)O)cccc12,3.69
81-16-3,O=S(=O)(O)C1=C(N)C=CC=2C=CC=CC21,Nc1ccc2ccccc2c1S(=O)(=O)O,2.35
93-00-5,O=S(=O)(O)C1=CC=C2C=C(N)C=CC2=C1,Nc1ccc2cc(S(=O)(=O)O)ccc2c1,3.74
119-28-8,O=S(=O)(O)C=1C=CC=2C=CC=C(N)C2C1,Nc1cccc2ccc(S(=O)(=O)O)cc12,3.66
5402-20-0,O=S(=O)(O)C=1C=CN=CC1,O=S(=O)(O)c1ccncc1,3.44
98-33-9,O=S(=O)(O)C1=CC=C(N)C(=C1)C,Cc1cc(S(=O)(=O)O)ccc1N,3.1264
138-30-7,O=S(=O)(O)C=1C=CC=C(C1)NN,NNc1cccc(S(=O)(=O)O)c1,2.43
68922-18-9,O=S(=O)(O)CCC1=NC=CC=C1,O=S(=O)(O)CCc1ccccn1,5.14
29021-67-8,O=S(=O)(O)C=1C=CC(O)=C2N=C(C=CC21)C,Cc1ccc2c(S(=O)(=O)O)ccc(O)c2n1,4.68
618-03-1,O=S(=O)(O)C1=CC=C(C(N)=C1)C,Cc1ccc(S(=O)(=O)O)cc1N,3.6323
494-44-0,O=S(=O)(O)C1=CC=C2C=CC(N)=CC2=C1,Nc1ccc2ccc(S(=O)(=O)O)cc2c1,3.95
145-48-2,O=C1C=2C=CC=CC2C(=O)C3=C(O)C(=CC(O)=C13)S(=O)(=O)O,O=C1c2ccccc2C(=O)c2c(O)c(S(=O)(=O)O)cc(O)c21,7.73
87655-41-2,O=S(=O)(O)C1=CC=C(N=C1C)C,Cc1ccc(S(=O)(=O)O)c(C)n1,4.89
3062-37-1,O=S(=O)(O)C=1C=C(Br)C(O)=C2N=CC=CC21,O=S(=O)(O)c1cc(Br)c(O)c2ncccc12,3.22
81-06-1,O=S(=O)(O)C=1C=CC=2C=CC=CC2C1N,Nc1c(S(=O)(=O)O)ccc2ccccc12,1.71
3343-41-7,O=S(=O)(O)C(O)C1=NC=CC=C1,O=S(=O)(O)C(O)c1ccccn1,4.05
15851-63-5,O=N(=O)C1=CC(=C2C=CC=NC2=C1O)S(=O)(=O)O,O=[N+]([O-])c1cc(S(=O)(=O)O)c2cccnc2c1O,5.6850000000000005
37026-33-8,O=N(=O)C1=CC(=C2C=CC(=NC2=C1O)C)S(=O)(=O)O,Cc1ccc2c(S(=O)(=O)O)cc([N+](=O)[O-])c(O)c2n1,6.24
134-54-3,O=S(=O)(O)C=1C=C(N)C=2C=CC=CC2C1,Nc1cc(S(=O)(=O)O)cc2ccccc12,3.2
4872-28-0,O=S(=O)(O)C(O)C=1C=CN=CC1,O=S(=O)(O)C(O)c1ccncc1,4.95
5807-21-6,O=C1C=C(NC(=O)N1)S(=O)(=O)O,O=c1cc(S(=O)(=O)O)[nH]c(=O)[nH]1,7.26
