name,smiles,pka_value
0,C=C(C)c1ccc(C(=O)O)cc1,4.04
1,C=CCc1ccc(C(=O)O)cc1,4.34
2,C=CCc1cccc(C(=O)O)c1,4.32
3,CC(=O)Nc1cccc(C(=O)O)c1,4.03
4,CC(=O)Oc1ccc(C(=O)O)cc1,3.92
5,CC(=O)Oc1ccccc1C(=O)O,3.38
6,CC(=O)c1ccc(C(=O)O)cc1,3.7
7,CC(=O)c1cccc(C(=O)O)c1,3.827
8,CC(=O)c1ccccc1C(=O)O,4.123
9,CC(C)(C)c1ccc(C(=O)O)cc1,4.382
10,CC(C)(C)c1cccc(C(=O)O)c1,4.204
11,CC(C)c1ccc(C(=O)O)cc1,4.36
12,CC(C)c1cccc(C(=O)O)c1O,2.76
13,CC=Cc1ccc(C(=O)O)cc1,4.49
14,CC=Cc1cccc(C(=O)O)c1,4.25
15,CCCC(=O)c1ccccc1C(=O)O,4.45
16,CCOC(=O)CNc1ccc(C(=O)O)cc1,4.88
17,CCOC(=O)CNc1cccc(C(=O)O)c1,4.3
18,CCOP(=O)(OCC)c1ccc(C(=O)O)cc1,3.63
19,CCOP(=O)(OCC)c1cccc(C(=O)O)c1,3.73
20,CCOc1ccc(C(=O)O)c(C(=O)O)c1,2.74
21,CCOc1ccc(C(=O)O)c(O)c1,3.2
22,CN(C)c1ccc(/N=N/c2ccccc2C(=O)O)cc1,4.82
23,CN(C)c1ccc(C(=O)O)cc1,5.03
24,CN(C)c1cccc(C(=O)O)c1,5.1
25,CN(C)c1ccccc1C(=O)O,8.5
26,CNc1ccc(C(=O)O)cc1,5.04
27,CNc1cccc(C(=O)O)c1,5.1
28,CNc1ccccc1C(=O)O,5.34
29,COP(=O)(OC)c1ccc(C(=O)O)cc1,3.61
30,COP(=O)(OC)c1cccc(C(=O)O)c1,3.74
31,COc1cc(C(=O)O)cc(OC)c1O,4.34
32,COc1cc(C(=O)O)cc(OC)c1OC,4.166666666666667
33,COc1cc(C(=O)O)cc([N+](=O)[O-])c1O,4.12
34,COc1cc(C(=O)O)ccc1O,4.49
35,COc1cc(OC)cc(C(=O)O)c1,3.97
36,COc1cc([N+](=O)[O-])cc(C(=O)O)c1O,2.58
37,COc1cc2ccccc2cc1C(=O)O,3.8
38,COc1ccc(C(=O)O)c(C(=O)O)c1,2.67
39,COc1ccc(C(=O)O)c(N)c1,4.88
40,COc1ccc(C(=O)O)c(O)c1,3.31
41,COc1ccc(C(=O)O)c(OC)c1,4.36
42,COc1ccc(C(=O)O)c2ccccc12,4.31
43,COc1ccc(C(=O)O)cc1,4.2783750000000005
44,COc1ccc(C(=O)O)cc1O,4.47
45,COc1ccc(C(=O)O)cc1OC,4.395
46,COc1ccc(C=O)c(C(=O)O)c1OC,3.065
47,COc1ccc(N)c(C(=O)O)c1,5.57
48,COc1ccc(O)c(C(=O)O)c1,2.94
49,COc1cccc(C(=O)O)c1,3.8745
50,COc1cccc(C(=O)O)c1OC,3.98
51,COc1cccc(OC)c1C(=O)O,3.44
52,COc1ccccc1C(=O)O,3.9
53,C[Si](C)(C)c1ccc(C(=O)O)cc1,4.234
54,C[Si](C)(C)c1cccc(C(=O)O)c1,4.1645
55,Cc1c(F)c(F)c(C(=O)O)c(F)c1F,2.0
56,Cc1cc(C(=O)O)c2ccccc2c1,3.72
57,Cc1cc(C(=O)O)cc(C)c1C,4.52
58,Cc1cc(C)c(C(=O)O)c(C)c1,3.498
59,Cc1cc(C)c(C(=O)O)cc1C,4.38
60,Cc1cc(C)c(C)c(C(=O)O)c1,4.01
61,Cc1cc(C)c(C)c(C(=O)O)c1C,3.416
62,Cc1cc(C)cc(C(=O)O)c1,4.343999999999999
63,Cc1cc([N+](=O)[O-])c(C)c(C(=O)O)c1O,2.78
64,Cc1cc2ccccc2c(C(=O)O)c1C,2.831
65,Cc1ccc(C(=O)O)c(C)c1,4.2595
66,Cc1ccc(C(=O)O)c(C)c1C,4.06
67,Cc1ccc(C(=O)O)c(N)c1,5.07
68,Cc1ccc(C(=O)O)c(O)c1,3.1630000000000003
69,Cc1ccc(C(=O)O)cc1,4.383333333333334
70,Cc1ccc(C(=O)O)cc1C,4.5
71,Cc1ccc(C(=O)c2ccccc2C(=O)O)cc1,3.644
72,Cc1ccc(C)c(C(=O)O)c1,4.0205
73,Cc1ccc(C)c(C(=O)O)c1C,3.34
74,Cc1ccc(C)c(C(=O)O)c1O,3.23
75,Cc1ccc(N)c(C(=O)O)c1,5.13
76,Cc1ccc(O)c(C(=O)O)c1,3.026666666666667
77,Cc1ccc2ccccc2c1C(=O)O,3.034
78,Cc1cccc(C(=O)O)c1,4.272666666666667
79,Cc1cccc(C(=O)O)c1C,3.758
80,Cc1cccc(C(=O)O)c1O,2.971
81,Cc1cccc(C)c1C(=O)O,3.307
82,Cc1cccc(O)c1C(=O)O,3.24
83,Cc1ccccc1C(=O)O,3.914
84,N#Cc1ccc(C(=O)O)c(O)c1,2.35
85,N#Cc1ccc(O)c(C(=O)O)c1,2.38
86,NS(=O)(=O)c1ccc(C(=O)O)cc1,3.47
87,NS(=O)(=O)c1cccc(C(=O)O)c1,3.54
88,Nc1cc(Br)ccc1C(=O)O,4.37
89,Nc1cc(C(=O)O)c2ccccc2c1,4.39
90,Nc1cc(C(=O)O)cc([N+](=O)[O-])c1,3.55
91,Nc1cc(C(=O)O)cc2ccccc12,4.46
92,Nc1cc(Cl)ccc1C(=O)O,4.44
93,Nc1cc(F)ccc1C(=O)O,4.6
94,Nc1cc([N+](=O)[O-])ccc1C(=O)O,3.7
95,Nc1ccc(Br)cc1C(=O)O,4.41
96,Nc1ccc(C(=O)O)c(O)c1,3.356666666666667
97,Nc1ccc(C(=O)O)cc1,4.832833333333333
98,Nc1ccc(Cl)cc1C(=O)O,4.35
99,Nc1ccc(F)cc1C(=O)O,4.82
100,Nc1ccc(O)cc1C(=O)O,5.37
101,Nc1ccc(Oc2ccccc2)cc1C(=O)O,4.88
102,Nc1cccc(C(=O)O)c1,4.749
103,Nc1ccccc1C(=O)O,4.911714285714285
104,O=C(O)CN(CC(=O)O)c1cc(C(=O)O)c(O)cc1C(=O)O,1.61
105,O=C(O)COc1ccccc1C(=O)O,2.51
106,O=C(O)CSc1ccccc1C(=O)O,2.93
107,O=C(O)c1c(Cl)cccc1Cl,1.707
108,O=C(O)c1c(F)c(F)c(-c2c(F)c(F)c(F)c(F)c2F)c(F)c1F,1.42
109,O=C(O)c1c(F)c(F)c(Br)c(F)c1F,1.66
110,O=C(O)c1c(F)c(F)c(C(F)(F)F)c(F)c1F,1.44
111,O=C(O)c1c(F)c(F)c(Cl)c(F)c1F,1.69
112,O=C(O)c1c(F)c(F)c(F)c(F)c1F,1.75
113,O=C(O)c1c(F)c(F)c(O)c(F)c1F,2.27
114,O=C(O)c1c(F)c(F)c(S)c(F)c1F,1.67
115,O=C(O)c1c(F)c(F)cc(F)c1F,1.87
116,O=C(O)c1c(O)cccc1Cl,2.63
117,O=C(O)c1c(O)cccc1O,1.0605
118,O=C(O)c1c(O)cccc1[N+](=O)[O-],2.24
119,O=C(O)c1cc(Br)cc(Br)c1O,2.162
120,O=C(O)c1cc(Br)ccc1O,2.6513999999999998
121,O=C(O)c1cc(C(=O)O)c(C(=O)O)cc1C(=O)O,1.87
122,O=C(O)c1cc(C(=O)O)c(C(=O)O)cc1O,1.86
123,O=C(O)c1cc(C(=O)O)c(O)c(C(=O)O)c1,2.77
124,O=C(O)c1cc(Cl)ccc1Cl,2.466
125,O=C(O)c1cc(Cl)ccc1O,2.695
126,O=C(O)c1cc(N=Nc2ccc(S(=O)(=O)O)cc2)ccc1O,2.38
127,O=C(O)c1cc(O)c(O)c(O)c1,4.27
128,O=C(O)c1cc(O)c2ccccc2c1,4.25
129,O=C(O)c1cc(O)cc(O)c1,4.039
130,O=C(O)c1cc(O)cc2ccccc12,3.69
131,O=C(O)c1cc(O)ccc1O,2.9655
132,O=C(O)c1cc([N+](=O)[O-])cc([N+](=O)[O-])c1O,0.7
133,O=C(O)c1cc([N+](=O)[O-])cc2ccccc12,2.83
134,O=C(O)c1cc([N+](=O)[O-])ccc1O,2.18
135,O=C(O)c1cc2ccccc2cc1O,2.75
136,O=C(O)c1ccc(Br)c2ccccc12,3.37
137,O=C(O)c1ccc(Br)cc1,3.963
138,O=C(O)c1ccc(Br)cc1C(=O)O,2.5
139,O=C(O)c1ccc(Br)cc1O,2.669
140,O=C(O)c1ccc(C(=O)O)c(C(=O)O)c1,2.5300000000000002
141,O=C(O)c1ccc(C2CC2)cc1,4.44
142,O=C(O)c1ccc(C=C[N+](=O)[O-])cc1,3.94
143,O=C(O)c1ccc(Cl)c(Cl)c1,3.64
144,O=C(O)c1ccc(Cl)c2ccccc12,3.36
145,O=C(O)c1ccc(Cl)cc1,3.988
146,O=C(O)c1ccc(Cl)cc1Cl,2.73
147,O=C(O)c1ccc(F)c2ccccc12,3.7
148,O=C(O)c1ccc(F)cc1,3.9074285714285715
149,O=C(O)c1ccc(O)c(O)c1,4.3755
150,O=C(O)c1ccc(O)cc1,4.566666666666666
151,O=C(O)c1ccc(O)cc1O,3.20875
152,O=C(O)c1ccc([N+](=O)[O-])c2ccccc12,2.8
153,O=C(O)c1ccc([N+](=O)[O-])cc1,3.2511666666666668
154,O=C(O)c1ccc([N+](=O)[O-])cc1O,2.27
155,O=C(O)c1ccc2c(c1)OCCO2,4.35
156,O=C(O)c1ccc2c(c1)OCO2,4.5
157,O=C(O)c1ccc2ccccc2c1,4.343666666666667
158,O=C(O)c1ccc2ncccc2c1,4.82
159,O=C(O)c1ccc2nccnc2c1,3.64
160,O=C(O)c1cccc(Br)c1,3.813
161,O=C(O)c1cccc(Br)c1C(=O)O,2.27
162,O=C(O)c1cccc(C(=O)O)c1,3.7
163,O=C(O)c1cccc(C(=O)O)c1C(=O)O,2.84
164,O=C(O)c1cccc(C=C[N+](=O)[O-])c1,3.87
165,O=C(O)c1cccc(Cl)c1,3.8295
166,O=C(O)c1cccc(F)c1,3.626714285714286
167,O=C(O)c1cccc(O)c1,4.1899999999999995
168,O=C(O)c1cccc(O)c1O,2.914
169,O=C(O)c1cccc([N+](=O)[O-])c1,3.293333333333333
170,O=C(O)c1cccc([N+](=O)[O-])c1O,2.085
171,O=C(O)c1cccc2ccccc12,3.80925
172,O=C(O)c1cccc2cccnc12,6.8
173,O=C(O)c1cccc2nccnc12,4.026
174,O=C(O)c1ccccc1,4.093071428571428
175,O=C(O)c1ccccc1C(=O)O,2.813333333333333
176,O=C(O)c1ccccc1C(=O)c1ccccc1,3.536
177,O=C(O)c1ccccc1Cl,3.063333333333333
178,O=C(O)c1ccccc1Nc1ccccc1,3.925
179,O=C(O)c1ccccc1O,2.9423076923076925
180,O=C(O)c1ccccc1P(O)O,1.32
181,O=C(O)c1ccccc1[N+](=O)[O-],2.1083333333333334
182,O=Cc1ccc(C(=O)O)cc1,3.76
183,O=Cc1cccc(C(=O)O)c1,3.84
