cas,smiles
7365-45-9,O=S(=O)(O)CCN1CCN(CCO)CC1
1132-61-2,O=S(=O)(O)CCCN1CCOCC1
75-75-2,O=S(=O)(O)C
107-35-7,O=S(=O)(O)CCN
121-57-3,O=S(=O)(O)C1=CC=C(N)C=C1
3144-16-9,O=C1CC2CCC1(CS(=O)(=O)O)C2(C)C
5625-37-6,O=S(=O)(O)CCN1CCN(CC1)CCS(=O)(=O)O
1135-40-6,O=S(=O)(O)CCCNC1CCCCC1
4432-31-9,O=S(=O)(O)CCN1CCOCC1
27503-81-7,O=S(=O)(O)C1=CC=C2N=C(NC2=C1)C=3C=CC=CC3
3687-18-1,O=S(=O)(O)CCCN
5872-08-2,O=C1CC2CCC1(CS(=O)(=O)O)C2(C)C
4065-45-6,O=C(C=1C=CC=CC1)C=2C=C(C(OC)=CC2O)S(=O)(=O)O
116-63-2,O=S(=O)(O)C1=CC(O)=C(N)C=2C=CC=CC21
636-73-7,O=S(=O)(O)C=1C=NC=CC1
29915-38-6,O=S(=O)(O)CCCNC(CO)(CO)CO
7365-44-8,O=S(=O)(O)CCNC(CO)(CO)CO
98-71-5,O=S(=O)(O)C1=CC=C(C=C1)NN
10191-18-1,O=S(=O)(O)CCN(CCO)CCO
15471-17-7,O=S(=O)([O-])CCC[N+]=1C=CC=CC1
14605-22-2,O=C(NCCS(=O)(=O)O)CCC(C)C1CCC2C3C(O)CC4CC(O)CCC4(C)C3CCC12C
15214-89-8,O=C(C=C)NC(C)(C)CS(=O)(=O)O
7365-82-4,O=C(N)CNCCS(=O)(=O)O
103-47-9,O=S(=O)(O)CCNC1CCCCC1
35963-20-3,O=C1CC2CCC1(CS(=O)(=O)O)C2(C)C
16052-06-5,O=S(=O)(O)CCCN1CCN(CCO)CC1
594-45-6,O=S(=O)(O)CC
98-11-3,O=S(=O)(O)C=1C=CC=CC1
88-21-1,O=S(=O)(O)C=1C=CC=CC1N
121-47-1,O=S(=O)(O)C=1C=CC=C(N)C1
107-68-6,O=S(=O)(O)CCNC
82-76-8,O=S(=O)(O)C1=CC=CC2=CC=CC(NC=3C=CC=CC3)=C21
1493-13-6,O=S(=O)(O)C(F)(F)F
375-73-5,O=S(=O)(O)C(F)(F)C(F)(F)C(F)(F)C(F)(F)F
14933-08-5,O=S(=O)([O-])CCC[N+](C)(C)CCCCCCCCCCCC
40828-54-4,O=S(=O)(O)C1=NC=2C=CC=CC2N1
51498-37-4,O=S(=O)(O)C=1C=NC=CC1O
27655-40-9,O=S(=O)(O)C1=CC=CC=2C=NC=CC21
14933-09-6,O=S(=O)([O-])CCC[N+](C)(C)CCCCCCCCCCCCCC
15163-36-7,O=S(=O)([O-])CCC[N+](C)(C)CCCCCCCCCC
15103-48-7,O=S(=O)(O)C1=NC=CC=C1
13244-33-2,O=S(=O)(O)C1=CC(OC)=CC=C1N
82-75-7,O=S(=O)(O)C1=CC=CC=2C=CC=C(N)C21
119-79-9,O=S(=O)(O)C=1C=CC=2C(N)=CC=CC2C1
50402-56-7,O=S(=O)(O)C=1C=CC=C2C(=CC=CC21)NCCN
98-66-8,O=S(=O)(O)C1=CC=C(Cl)C=C1
84-86-6,O=S(=O)(O)C1=CC=C(N)C=2C=CC=CC21
89-36-1,O=C1N(N=C(C)C1)C2=CC=C(C=C2)S(=O)(=O)O
81-05-0,O=S(=O)(O)C1=CC=CC2=CC(N)=CC=C21
68399-81-5,O=S(=O)(O)CC(O)CNC(CO)(CO)CO
104-15-4,O=S(=O)(O)C1=CC=C(C=C1)C
609-54-1,O=S(=O)(O)C1=CC(=CC=C1C)C
63149-24-6,O=S(=O)([O-])CCCC[N+]=1C=2C=CC=3C=CC=CC3C2C(C1C)(C)C
98-67-9,O=S(=O)(O)C1=CC=C(O)C=C1
543-18-0,O=S(=O)(O)CCNC(=N)N
84-89-9,O=S(=O)(O)C=1C=CC=C2C(N)=CC=CC21
68399-77-9,O=S(=O)(O)CC(O)CN1CCOCC1
81-16-3,O=S(=O)(O)C1=C(N)C=CC=2C=CC=CC21
2281-11-0,O=S(=O)([O-])CCC[N+](C)(C)CCCCCCCCCCCCCCCC
93-00-5,O=S(=O)(O)C1=CC=C2C=C(N)C=CC2=C1
107-36-8,O=S(=O)(O)CCO
88-61-9,O=S(=O)(O)C1=CC=C(C=C1C)C
98-37-3,O=S(=O)(O)C1=CC=C(O)C(N)=C1
81-11-8,O=S(=O)(O)C1=CC(N)=CC=C1C=CC2=CC=C(N)C=C2S(=O)(=O)O
88-44-8,O=S(=O)(O)C1=CC(=CC=C1N)C
16250-08-1,O=S(=O)(O)C1=CN=C(N)C=C1
160255-06-1,O=S(=O)([O-])CCC[N+](C)(C)CC
13881-91-9,O=S(=O)(O)CN
110-04-3,O=S(=O)(O)CCS(=O)(=O)O
88-42-6,O=S(=O)(O)C1=CC(Cl)=CC=C1Cl
88-63-1,O=S(=O)(O)C1=CC=C(N)C=C1N
85-47-2,O=S(=O)(O)C1=CC=CC=2C=CC=CC21
137-51-9,O=S(=O)(O)C1=CC=C(N)C(=C1)S(=O)(=O)O
119-28-8,O=S(=O)(O)C=1C=CC=2C=CC=C(N)C2C1
125464-42-8,O=S(=O)(O)CC(C1=CC=C(Cl)C=C1)CN
87-02-5,O=S(=O)(O)C1=CC(O)=C2C=CC(N)=CC2=C1
4808-69-9,O=S(=O)(O)C1=CN=C(C=C1)C
368-88-7,O=S(=O)(O)C1=CC=C(F)C=C1
27619-97-2,O=S(=O)(O)CCC(F)(F)C(F)(F)C(F)(F)C(F)(F)C(F)(F)C(F)(F)F
68189-43-5,O=S(=O)(O)CC(O)CN1CCN(CC1)CC(O)CS(=O)(=O)O
13177-41-8,O=S(=O)([O-])CCC[N+](C)(C)CCCCCCCCCCCCCCCCCC
15178-76-4,O=S(=O)([O-])CCC[N+](C)(C)CCCCCCCC
516-35-8,O=C(NCCS(=O)(=O)O)CCC(C)C1CCC2C3C(O)CC4CC(O)CCC4(C)C3CCC12C
5314-37-4,O=S(=O)(O)C1=CC=C(C=C1)C=2C=CC(=CC2)S(=O)(=O)O
119-17-5,O=C1N(N=C(C)C1)C2=CC=CC(=C2)S(=O)(=O)O
84-88-8,O=S(=O)(O)C=1C=CC(O)=C2N=CC=CC21
4857-47-0,[N-]=[N+]=C1C(=O)C=C(C=2C=CC=CC12)S(=O)(=O)O
81239-45-4,O=S(=O)([O-])CCC[N+](C)(C)CC=1C=CC=CC1
88-20-0,O=S(=O)(O)C=1C=CC=CC1C
5402-20-0,O=S(=O)(O)C=1C=CN=CC1
118-88-7,O=S(=O)(O)C1=CC(N)=CC=C1C
6470-17-3,O=S(=O)(O)C1=CC(N)=CC=C1OC
6331-96-0,O=S(=O)(O)C1=CC(Cl)=C(Cl)C=C1N
88-23-3,O=S(=O)(O)C=1C=C(Cl)C=C(N)C1O
73463-39-5,O=S(=O)(O)CC(O)CNC1CCCCC1
90-51-7,O=S(=O)(O)C1=CC(O)=C2C=C(N)C=CC2=C1
6613-64-5,O=S(=O)([O-])CCC[N+]=1C=CC=CC1C=C
120-18-3,O=S(=O)(O)C=1C=CC=2C=CC=CC2C1
98-36-2,O=S(=O)(O)C1=CC=C(Cl)C(N)=C1
152305-87-8,O=C(ON1C(=O)CC(C1=O)S(=O)(=O)O)C
85-48-3,O=S(=O)(O)C1=CC=CC2=CC=CN=C21
117-61-3,O=S(=O)(O)C=1C=C(N)C=CC1C2=CC=C(N)C=C2S(=O)(=O)O
96-67-3,O=N(=O)C1=CC(N)=C(O)C(=C1)S(=O)(=O)O
1184-90-3,O=S(=O)(O)C(=N)N
21668-77-9,O=S(=O)(O)CCCS(=O)(=O)O
88-51-7,O=S(=O)(O)C1=CC(=C(Cl)C=C1N)C
68399-78-0,O=S(=O)(O)CC(O)CN1CCN(CCO)CC1
117-62-4,O=S(=O)(O)C1=CC=CC=2C1=CC=C(N)C2S(=O)(=O)O
118-03-6,O=S(=O)(O)C1=CC2=CC(=C(N)C=C2C(=C1)S(=O)(=O)O)S(=O)(=O)O
570412-84-9,O=S(=O)([O-])CCC[N+]1=CC=C(C=C1)C(C)(C)C
3637-26-1,O=C(OCC[N+](C)(C)CCCS(=O)(=O)[O-])C(=C)C
133-78-8,O=S(=O)(O)C1=CC=C(N)C=C1C
4808-71-3,O=S(=O)(O)C=1C=NC=CC1C
121-03-9,O=N(=O)C1=CC=C(C(=C1)S(=O)(=O)O)C
88-22-2,O=S(=O)(O)C=1C=C(C=C(C1N)C)C
6471-78-9,O=S(=O)(O)C1=CC(OC)=C(N)C=C1C
4272-77-9,O=S(=O)(O)C1=CC=CC=2C1=CC=CC2N(C)C
68399-80-4,O=S(=O)(O)CC(O)CN(CCO)CCO
117-59-9,O=S(=O)(O)C=1C=CC=C2C(O)=CC=CC21
119-70-0,O=S(=O)(O)C1=CC(N)=CC=C1NC2=CC=C(N)C=C2
5857-42-1,O=S(=O)(O)C1=CC=C(OC)C=C1
138-36-3,O=S(=O)(O)C1=CC=C(Br)C=C1
21668-81-5,O=S(=O)(O)CCCSC(=N)N
53054-76-5,O=S(=O)(O)CCC=1C=CN=CC1
146368-07-2,O=S(=O)([O-])C=1C=CC2=C(C1)C(C(=[N+]2CC)C)(C)C
4808-70-2,O=S(=O)(O)C=1C=NC=C(C1)C
98-33-9,O=S(=O)(O)C1=CC=C(N)C(=C1)C
7474-78-4,O=S(=O)(O)C1=CC=C(N)C(N)=C1
5363-54-2,O=CC1=CC=C(C=C1)S(=O)(=O)O
88-45-9,O=S(=O)(O)C1=CC(N)=CC=C1N
5533-38-0,O=S(=O)(O)C1=NC=2C=CC=CC2N1C
81-04-9,O=S(=O)(O)C=1C=CC=C2C1C=CC=C2S(=O)(=O)O
88-43-7,O=S(=O)(O)C1=CC(N)=CC=C1Cl
88-50-6,O=S(=O)(O)C=1C=C(Cl)C(N)=CC1Cl
133-74-4,O=S(=O)(O)C1=CC(Cl)=CC=C1N
38880-58-9,O=S(=O)([O-])CCC[N+](C)(C)CCO
247582-62-3,O=S(=O)(O)C1=CN=C(N)C(Br)=C1
181696-35-5,O=S(=O)(O)C1=CC=C(C=C1)C=2C(=NOC2C)C=3C=CC=CC3
503-40-2,O=S(=O)(O)CS(=O)(=O)O
27665-39-0,O=S(=O)(O)CCCCS(=O)(=O)O
2113-68-0,O=S(=O)(O)C=1C=CC(=CC1)C=2C=CC=CC2
106135-28-8,O=S(=O)(O)C1=NC=2C=CC(OC)=CC2N1
3918-73-8,O=S(=O)([O-])CC(O)C[N+]=1C=CC=CC1
119-40-4,O=S(=O)(O)C1=CC(O)=C2C=CC(=CC2=C1)NC=3C=CC=CC3
56990-57-9,O=S(=O)(O)C1=CC=C2C=C(N=NC3=CC(=C4C=CC=NC4=C3O)S(=O)(=O)O)C=CC2=C1
26978-64-3,O=S(=O)(O)CCCCO
64205-92-1,O=S(=O)(O)C1=NCCN1
22356-80-5,O=S(=O)(O)C1=CC=C(C=C1O)C
96-73-1,O=N(=O)C1=CC=C(Cl)C(=C1)S(=O)(=O)O
138-30-7,O=S(=O)(O)C=1C=CC=C(C1)NN
121-18-6,O=N(=O)C1=CC(=CC=C1Cl)S(=O)(=O)O
68922-18-9,O=S(=O)(O)CCC1=NC=CC=C1
4156-16-5,O=S(=O)([O-])C1=CC=CC(=C1)C=2O[N+](=CC2)CC
1357931-55-5,O=C1N=C(NC=2C(=NN(C12)C)CCC)C=3C=C(C=CC3OCC)S(=O)(=O)O
7134-41-0,O=S(=O)(O)C1=CC=C(S)C=C1
98-42-0,O=S(=O)(O)C1=CC=C(OC)C(N)=C1
88-64-2,O=C(NC1=CC=C(C(N)=C1)S(=O)(=O)O)C
98-44-2,O=S(=O)(O)C1=CC=C(C(N)=C1)S(=O)(=O)O
132557-72-3,O=S(=O)(O)C=1C=CC=2N=C(C)C(C2C1)(C)C
3365-90-0,O=S(=O)(O)C=1C=C(C=CC1N)C2=CC=C(N)C(=C2)S(=O)(=O)O
5205-95-8,O=C(NCCC[N+](C)(C)CCCS(=O)(=O)[O-])C(=C)C
83907-40-8,O=S(=O)([O-])CCC[N+]1=CC=CC2=CC(OC)=CC=C21
1184-84-5,O=S(=O)(O)C=C
617-97-0,O=S(=O)(O)C=1C=CC=C(C1)C
2124221-12-9,O=S(=O)(O)CC1CCC(NC)CC1
121-65-3,O=S(=O)(O)C1=CC=C(C=C1)CCCCCCCCCCCC
118-33-2,O=S(=O)(O)C=1C=C2C=C(N)C=CC2=C(C1)S(=O)(=O)O
116-81-4,O=C1C=2C=CC=CC2C(=O)C3=C(N)C(=CC(Br)=C13)S(=O)(=O)O
51583-69-8,O=S(=O)([O-])CCC[N+]=1C=2C=CC=CC2C=CC1C
2958-04-5,O=C(NCCS(=O)(=O)O)CCC(C)C1CCC2C3CC(O)C4CC(O)CCC4(C)C3CCC12C
15909-83-8,O=S(=O)(O)CCCO
121-58-4,O=S(=O)(O)C1=CC=C(C=C1)N(C)C
6378-25-2,O=S(=O)(O)C1=CC(Cl)=C(Cl)C=C1Cl
88-53-9,O=S(=O)(O)C1=CC(Cl)=C(C=C1N)C
84-87-7,O=S(=O)(O)C1=CC=C(O)C=2C=CC=CC21
148-25-4,O=S(=O)(O)C=1C=C(O)C2=C(O)C=C(C=C2C1)S(=O)(=O)O
483-84-1,O=N(=O)C=1C=C(C2=CC=C(C=C2C1O)S(=O)(=O)O)N(=O)=O
80293-60-3,O=C(C=C)NCCC[N+](C)(C)CCCS(=O)(=O)[O-]
32432-55-6,O=S(=O)(O)C=1C(=C(N)C(=C(N)C1C)C)C
62009-34-1,O=S(=O)(O)C=1C=NC=C(Br)C1
22033-09-6,O=S(=O)(O)C=1C=CC=C(Br)C1
153886-69-2,O=S(=O)(O)C1=CC=CC2=CC(=CN=C21)C
101-11-1,O=S(=O)(O)C=1C=CC=C(C1)CN(C=2C=CC=CC2)CC
314291-83-3,O=C1C(=NNC2=CC=C(C=C2)S(=O)(=O)O)C(=NN1C=3C=CC=CC3)C=4C=CC(=CC4)N(=O)=O
19247-73-5,O=S(=O)(O)C1CCCC1
19213-70-8,O=C(NCCS(=O)(=O)O)C
25319-98-6,O=S(=O)(O)C1=CC(Cl)=C(O)C(Cl)=C1
60767-69-3,O=CC1=CC(=CC=C1Cl)S(=O)(=O)O
118-32-1,O=S(=O)(O)C1=CC2=CC=C(O)C=C2C(=C1)S(=O)(=O)O
88992-91-0,O=C(OCC[N+](C)(C)CCCS(=O)(=O)[O-])C=C
148019-49-2,O=S(=O)([O-])CCC[N+]=1C=CN(C1)C
152529-79-8,O=C1NC=2N=C(NC2C(=O)N1CCC)C=3C=CC(=CC3)S(=O)(=O)O
3627-01-8,O=S(=O)(O)C=1C=C(O)C2=C(N=NC3=CC=C(O)C=C3O)C=C(C=C2C1)S(=O)(=O)O
32266-60-7,O=S(=O)(O)C=1C=C(O)C2=C(N=CC=3C=CC=CC3O)C=C(C=C2C1)S(=O)(=O)O
1193111-39-5,O=C(ON1C(=O)CCC1=O)C(CCSSC2=NC=CC=C2)S(=O)(=O)O
618-01-9,O=S(=O)(O)C1=CC=C(C(=C1)C)C
1034190-08-3,O=C(NCCCS(=O)(=O)O)C(N)C(C)C
22346-43-6,O=S(=O)(O)C1=CC(O)=C2C=CC(=CC2=C1)NC
5284-66-2,O=S(=O)(O)CCC
72450-62-5,O=S(=O)(O)C1CCNCC1
93-01-6,O=S(=O)(O)C1=CC=C2C=C(O)C=CC2=C1
115724-21-5,O=S(=O)(O)CCCCN1CCOCC1
111282-24-7,O=S(=O)([O-])CCC[N+]1(C)CCOCC1
179863-07-1,O=S(=O)([O-])CCCC[N+]=1C=CN(C1)C
83623-32-9,O=C(NCCC[N+](C)(C)CCCCS(=O)(=O)[O-])C(=C)C
16066-35-6,O=S(=O)(O)C1=CC=C(C=C1)C(C)C
355-46-4,O=S(=O)(O)C(F)(F)C(F)(F)C(F)(F)C(F)(F)C(F)(F)C(F)(F)F
27886-58-4,O=S(=O)(O)C=1C=CC=CC1Cl
63877-57-6,O=S(=O)(O)C=1C(=CC(=CC1C(C)C)C(C)C)C(C)C
2393-24-0,O=S(=O)(O)C1=CC=C(C=C1)CN
54322-31-5,O=S(=O)(O)C1=CC=C(C=C1)CCBr
161308-34-5,O=S(=O)(O)CCCCNC1CCCCC1
112581-51-8,O=S(=O)(O)C1=CN=C2C=CC=CN21
153086-37-4,O=S(=O)(O)C1=CC=C(OC)C(=C1)N(CCC)CCC
90-20-0,O=S(=O)(O)C=1C=C(O)C2=C(N)C=C(C=C2C1)S(=O)(=O)O
54136-26-4,O=S(=O)([O-])CCCC[N+]=1C=2C=CC=CC2C(C1C)(C)C
51036-12-5,O=S(=O)(O)C1CNCCC1
137-50-8,O=S(=O)(O)C=1C=C(C(N)=CC1N)S(=O)(=O)O
54960-65-5,O=S(=O)(O)CCCCNC(CO)(CO)CO
145-74-4,O=S(=O)(O)C1=CC=CC=2C=CC=C(Cl)C21
6654-64-4,O=S(=O)(O)C=1C=C2C(C=CC=C2S(=O)(=O)O)=C(C1)S(=O)(=O)O
90134-00-2,O=S(=O)([O-])CCC[N+]1=CC=C(C=CC=2C=CC3=CC(=CC=C3C2)N(CCCC)CCCC)C=C1
56375-83-8,O=S(=O)(O)C=1C=C(C(=CC1N)C)C
7139-89-1,O=S(=O)(O)C1=CC(N)=C(C=C1N)S(=O)(=O)O
38962-61-7,O=S(=O)(O)C1=CC(N)=CC=C1F
26281-43-6,O=S(=O)(O)C=1C=C(Cl)C=C(Cl)C1O
96-75-3,O=N(=O)C1=CC=C(N)C(=C1)S(=O)(=O)O
29021-67-8,O=S(=O)(O)C=1C=CC(O)=C2N=C(C=CC21)C
105627-80-3,O=S(=O)(O)C1=CC=CC=2C(Cl)=NC=CC21
88-76-6,O=C1N(N=C(C)C1)C2=CC(=CC=C2Cl)S(=O)(=O)O
131-27-1,O=S(=O)(O)C1=CC=CC=2C1=CC(N)=CC2S(=O)(=O)O
3682-32-4,O=NC=1C=C(C=2C=CC=CC2C1O)S(=O)(=O)O
91-30-5,O=S(=O)(O)C1=CC(N)=CC=C1NC=2C=CC=CC2
52084-84-1,O=S(=O)(O)C=1C(N)=CC=C2C1C=CC=C2CN
178861-30-8,O=S(=O)(O)C1=CC=C(C(N=C2C=CC3=NC=4C=CC=CC4SC3=C2)=C1)S(=O)(=O)O
190598-55-1,O=C1NC2CSC(CCCCC(=O)ON3C(=O)CC(C3=O)S(=O)(=O)O)C2N1
26978-65-4,O=S(=O)(O)CCBr
827026-60-8,O=C(NC1=NN=C(S1)S(=O)(=O)O)C
138-42-1,O=N(=O)C1=CC=C(C=C1)S(=O)(=O)O
25679-39-4,O=S(=O)(O)C=1C=C(C(O)=C(C1)C(C)(C)C)C(C)(C)C
17624-08-7,O=S(=O)(O)C1=CN=C(Cl)C=C1
97-20-1,O=S(=O)(O)C=1C=CC=C(C1)N(CC)CC
132-87-6,O=C(NC=1C=CC2=C(O)C=C(C=C2C1)S(=O)(=O)O)C=3C=CC=CC3
98-69-1,O=S(=O)(O)C1=CC=C(C=C1)CC
757124-72-4,O=S(=O)(O)CCC(F)(F)C(F)(F)C(F)(F)C(F)(F)F
6602-56-8,O=S(=O)(O)C1=CC=CN=C1Cl
941-57-1,O=S(=O)(O)C1=NC=2C=CC=CC2S1
5625-56-9,O=S(=O)(O)CCCN1CCN(CC1)CCCS(=O)(=O)O
3888-84-4,O=N(=O)C1=CC(=CC=C1F)S(=O)(=O)O
3771-14-0,O=S(=O)(O)C=1C=C(O)C=2C=CC=CC2C1
145708-16-3,O=S(=O)(O)C=1C=CC=2N=CSC2C1
160788-56-7,O=S(=O)([O-])CCC[N+]1(C)CCCCC1
439937-61-8,O=S(=O)([O-])CCCC[N+]=1C=CN(C1)CCCC
79-84-5,O=S(=O)(O)C=1SC=CC1
77337-76-9,O=C(NCCCS(=O)(=O)O)C
72372-71-5,O=S(=O)(O)CCCCCCN
10595-80-9,O=C(OCCS(=O)(=O)O)C(=C)C
40741-48-8,O=S(=O)(O)C1=CN=C(N)C(=C1)C
40828-51-1,O=C1N=CC(=CN1)S(=O)(=O)O
90331-19-4,O=S(=O)(O)C1=NC=2C=CC=CC2N1CC
192329-80-9,O=S(=O)(O)C1=CC=C(OC=2C=CN=CC2)C=C1
648927-86-0,O=S(=O)(O)CCC(N)CSSCC(N)CCS(=O)(=O)O
1513-44-6,O=S(=O)(O)C1=CC=C(C=C1N)C(F)(F)F
300707-15-7,O=S(=O)(O)C1=NC=2C=CC=CC2N1CCC
119225-23-9,O=C(OCC=1C=CC=CC1)NCCS(=O)(=O)O
119-19-7,O=S(=O)(O)C1=CC(O)=C2C=C(C=CC2=C1)NC=3C=CC=CC3
6613-65-6,O=C(OCC[N+](C)(C)CCCCS(=O)(=O)[O-])C(=C)C
375-92-8,O=S(=O)(O)C(F)(F)C(F)(F)C(F)(F)C(F)(F)C(F)(F)C(F)(F)C(F)(F)F
109787-11-3,O=S(=O)(O)C1=CC=C(C=C1)C(F)(F)F
80-82-0,O=N(=O)C=1C=CC=CC1S(=O)(=O)O
63155-80-6,O=C(NCCS(=O)(=O)O)CCCCCCCCCCCCCCCCC
34322-51-5,O=S(=O)(O)C=1C=CC2=CC(=CC=C2C1)N(C)C
98-47-5,O=N(=O)C1=CC=CC(=C1)S(=O)(=O)O
104-23-4,O=S(=O)(O)C1=CC=C(N=NC2=CC=C(N)C=C2)C=C1
96-93-5,O=N(=O)C1=CC(=CC(N)=C1O)S(=O)(=O)O
4329-93-5,O=S(=O)([O-])C=1C=CC=C[N+]1C
4443-24-7,O=C1C=2C=CC=CC2C(=O)N1CCS(=O)(=O)O
117354-64-0,O=S(=O)(O)CC(O)(C1=CC=C(Cl)C=C1)CN
56670-83-8,O=C1C=2C=CC=CC2C(=O)C3=C(O)C(=CC=C13)S(=O)(=O)O
76578-90-0,O=S(=O)(O)C=1C=CC2=C(C1)C(C(=[N+]2CCCS(=O)(=O)[O-])C)(C)C
135661-44-8,O=C(ON1C(=O)CC(C1=O)S(=O)(=O)O)CCCCCCCC=CCCCCCCCC
516-90-5,O=C(NCCS(=O)(=O)O)CCC(C)C1CCC2C3CCC4CC(O)CCC4(C)C3CCC12C
3944-72-7,O=S(=O)(O)CCCCCCCC
37043-68-8,O=S(=O)(O)CCCCCN
20677-52-5,O=S(=O)(O)C=1C=CC=C(Cl)C1
1132-60-1,O=S(=O)(O)CCCN1CCCCC1
27503-78-2,O=S(=O)(O)C=1C=CC=2N=CNC2C1
83863-63-2,O=S(=O)(O)C=1C=CC=2OC=3C=CC=CC3C2C1
148-75-4,O=S(=O)(O)C1=CC=C2C=C(O)C(=CC2=C1)S(=O)(=O)O
90331-20-7,O=S(=O)(O)C1=NC=2C=CC=CC2N1CC=3C=CC=CC3
21876-43-7,O=S(=O)([O-])CCCC[N+]=1C=CC=CC1
516-50-7,O=C(NCCS(=O)(=O)O)CCC(C)C1CCC2C3CCC4CC(O)CCC4(C)C3CC(O)C12C
16794-12-0,O=S(=O)(O)C(C)CC
45127-11-5,O=S(=O)(O)CCSSCCS(=O)(=O)O
25241-16-1,O=S(=O)(O)C=1C=CC=C(C1C)C
7134-04-5,O=S(=O)(O)C1=CC=C(O)C(=C1)C
6697-96-7,O=S(=O)(O)C=1C(Cl)=CC=CC1Cl
25985-57-3,O=S(=O)(O)CCSC(=N)N
6387-27-5,O=S(=O)(O)C1=CC(Cl)=C(C(N)=C1)C
78824-10-9,O=S(=O)(O)C1=CC(Br)=C(N)C(Br)=C1
93-12-9,O=S(=O)(O)C1=CC=C2C(=C1)CCCC2
7724-15-4,O=S(=O)(O)C1=CC=C2C=C(C=CC2=C1)NC3=CC=C(C=C3)C
65433-95-6,O=S(=O)(O)C1=CC=C2N=CC=CC2=C1
120341-04-0,O=S(=O)(O)C1=NC=2C=CC=CC2N1N
77693-74-4,O=C(OCC=1C=CC=CC1)NCCCS(=O)(=O)O
500363-63-3,O=C1C=2C=CC=CC2C(=O)C3=C(C=C(C(N)=C13)S(=O)(=O)O)NC4=CC=CC(=C4)S(=O)(=O)N
13789-27-0,O=S(=O)(O)C1=NN=CN1
56919-17-6,O=S(=O)(O)C1=CC(Br)=CC=C1C
113507-82-7,O=S(=O)(O)C(F)(F)C(F)(F)OC(F)(F)C(F)(F)F
82835-61-8,O=S(=O)(O)C1=CC=C(C=C1)CBr
918825-10-2,O=C(OC(C)(C)C)NCCCS(=O)(=O)O
98-35-1,O=S(=O)(O)C1=CC=C(N)C(Cl)=C1
92-41-1,O=S(=O)(O)C1=CC=C2C=CC(=CC2=C1)S(=O)(=O)O
26405-77-6,O=S(=O)(O)C(C1=CC=C(O)C(O)=C1)CNC
771468-53-2,O=S(=O)(O)CCC1=CC=C(F)C=C1
616-84-2,O=N(=O)C1=CC(=CC=C1N)S(=O)(=O)O
80279-71-6,O=S(=O)(O)C1=CC=C2C(=C1)NCC2
525-37-1,O=S(=O)(O)C1=CC=C2C(C=CC=C2S(=O)(=O)O)=C1
20096-53-1,O=S(=O)(O)C1=CC=C2C=C(C=CC2=C1)NC=3C=CC=CC3
130-17-6,O=S(=O)(O)C=1C=2SC(=NC2C=CC1C)C3=CC=C(N)C=C3
6535-70-2,O=S(=O)(O)C1=CC(O)=C2C=CC(N)=C(C2=C1)S(=O)(=O)O
18023-22-8,O=S(=O)(O)C=1C=C(C=C(C1)C)C
25241-15-0,O=S(=O)(O)C=1C(=CC=CC1C)C
10296-76-1,O=S(=O)(O)CC(O)CO
82436-78-0,O=C1N(O)C(=O)C(C1)S(=O)(=O)O
83982-06-3,O=C(NCCS(=O)(=O)O)CCCCCCCCCCCCCCC
93805-05-1,O=S(=O)(O)C=1C=CC=2N=C(C=CC2C1)C
18336-38-4,O=S(=O)(O)C1=CC=C(C=C1)N2N=CC=C2
13197-76-7,O=S(=O)([O-])CC(O)C[N+](C)(C)CCCCCCCCCCCC
147540-88-3,O=S(=O)([O-])C1=CC(=CC=[N+]1F)C
73692-57-6,O=S(=O)(O)C=1C=C2C(N)=C(N)C=CC2=C(C1)S(=O)(=O)O
52562-29-5,O=C(NCCC[N+](C)(C)CCCS(=O)(=O)[O-])CCCCCCCCCCCCCCC
637-95-6,O=S(=O)(O)CCN(C)C
3453-83-6,O=S(=O)(O)C=1C(=CC(=CC1C)C)C
33469-47-5,O=S(=O)(O)C=1C=C(Cl)C=C(Cl)C1
201207-66-1,O=S(=O)(O)C=1C(=NN(C1C)C)C
26585-57-9,O=S(=O)(O)C=1C=C(C(=CC1N)S(=O)(=O)O)C
1353503-21-5,O=S(=O)(O)C=1C=NN(C=2C=CC=CC2)C1C
17012-98-5,O=S(=O)(O)C1=CC=C(C=C1)CCCCCCCC
133804-44-1,O=S(=O)(O)C1=CC(=CC=C1N2CCNCC2)C
578-85-8,O=S(=O)(O)C=1C=CC2=C(O)C=C(C=C2C1)S(=O)(=O)O
6837-93-0,O=S(=O)(O)C=1C=C(OS(=O)(=O)C2=CC=C(C=C2)C)C3=C(N)C=C(C=C3C1)S(=O)(=O)O
1314713-40-0,O=C(OCC[N+](C)(CCOC(=O)C(=C)C)CCCS(=O)(=O)[O-])C(=C)C
51498-38-5,O=S(=O)(O)C=1C=NC=CC1Cl
1092934-18-3,O=S(=O)(O)C1=CC=C2C=CC=CC2=C1C=3C=4C=CC=CC4C=CC3S(=O)(=O)O
40828-56-6,O=S(=O)(O)C1=NC=2C=C(Cl)C=CC2N1
94411-91-3,O=S(=O)(O)C1=CC=C2C(=C1)NCCC2
5136-34-5,O=S(=O)(O)C1=CC(N)=CC=C1CCC2=CC=C(N)C=C2S(=O)(=O)O
174703-04-9,O=S(=O)([O-])C=1C=CC2=C(C1)C(C(=[N+]2C)C)(C)C
354-88-1,O=S(=O)(O)C(F)(F)C(F)(F)F
117766-00-4,O=S(=O)(O)C(=NCC)NCC
1133-17-1,O=S(=O)(O)C1=CC=C(C=C1)C(C)(C)C
69103-65-7,O=S(=O)(O)C=1C(O)=CC=CC1C
138-29-4,O=S(=O)(O)C=1C=CC=C(C1)CC
121-62-0,O=C(NC1=CC=C(C=C1)S(=O)(=O)O)C
21865-17-8,O=S(=O)([O-])CCC[N+](C)(C)C
72810-60-7,O=S(=O)(O)C=1C=CN=CC1S(=O)(=O)N
18336-36-2,O=S(=O)(O)C=1C=NN(C1)C=2C=CC=CC2
86-65-7,O=S(=O)(O)C1=CC2=CC=C(N)C=C2C(=C1)S(=O)(=O)O
452072-27-4,O=C(ON1C(=O)CC(C1=O)S(=O)(=O)O)CCC(SSC2=NC=CC=C2)C
1606-80-0,O=S(=O)(O)CC=C
89280-34-2,O=S(=O)(O)C=1C(=NNC1C)C
133145-15-0,O=S(=O)(O)C1=NC(Cl)=CC=C1
82971-10-6,O=S(=O)(O)C=1SC(=NC1)N
57897-77-5,O=C(OC)C=1C=CC=CC1S(=O)(=O)O
2918-83-4,O=S(=O)(O)C1=CC=C(N=NC2=CC=C(O)C=C2)C=C1
712-24-3,O=N(=O)C1=CC(N)=CC=C1S(=O)(=O)O
91088-11-8,O=S(=O)(O)C1=CC=C(C=C1)N2N=C(C=C2C)C
2254745-17-8,O=S(=O)(O)C1=CC=C2N=C3C=C(O)C(O)=CC3=NC2=C1
56039-58-8,O=C1C(=CC2=CC=C(C=C2)S(=O)(=O)O)C3CCC1(C)C3(C)C
70155-90-7,O=S(=O)([O-])CCC[N+](CC#C)(CC)CC
29982-43-2,O=S(=O)(O)C1=NN=CN1C
14064-34-7,O=S(=O)(O)CCCCN
7134-06-7,O=S(=O)(O)C1=CC(=CC=C1O)C
54530-94-8,O=S(=O)(O)C=1C=C(N)C=C(N)C1
29848-93-9,O=CC1=CC=C(O)C(=C1)S(=O)(=O)O
78480-14-5,O=S(=O)(O)C=1C=C(C(=CC1O)C)CC2=CC(=C(O)C=C2C)S(=O)(=O)O
26725-50-8,O=S(=O)(O)C1=CC=CC=2N=NNC21
127461-58-9,O=S(=O)(O)C1=CC=C2OCCCC2=C1
128-42-7,O=N(=O)C1=CC=C(C=CC2=CC=C(C=C2S(=O)(=O)O)N(=O)=O)C(=C1)S(=O)(=O)O
130-23-4,O=S(=O)(O)C=1C=C(O)C=2C(N)=CC=C(C2C1)S(=O)(=O)O
136997-71-2,O=C(N(C)C)[N+]1=CC=C(C=C1)CCS(=O)(=O)[O-]
1827-97-0,O=S(=O)(O)CC(F)(F)F
69536-71-6,O=C(SCCS(=O)(=O)O)C
423-41-6,O=S(=O)(O)C(F)(F)C(F)(F)C(F)(F)F
91-24-7,O=S(=O)(O)C=1C=CC=CC1CC
88-46-0,O=S(=O)(O)C1=CC(O)=CC=C1O
6406-21-9,O=S(=O)(O)C=1C=C(Cl)C=C(Cl)C1N
5363-53-1,O=S(=O)(O)C1=CC=C(C=C1)N(CC2=CC=CC(=C2)S(=O)(=O)O)CC
437717-43-6,O=C1N=C(NN2C(=NC(=C12)C)CCC)C=3C=C(C=CC3OCC)S(=O)(=O)O
299935-34-5,O=S(=O)([O-])C=1C=CC=2C3=CC=C(C=C3CC2C1)S(=O)(=O)[O-]
2386-47-2,O=S(=O)(O)CCCC
31375-02-7,O=S(=O)(O)C1=CC=C(C=C1)S(=O)(=O)O
146764-47-8,O=S(=O)(O)C1CCC(N)CC1
3694-83-5,O=S(=O)(O)C1=CC=C(C(N)=C1)CC
6684-46-4,O=C1C=CC(=CN1)S(=O)(=O)O
229326-04-9,O=S(=O)(O)C=1C=CC=CC1C(F)(F)F
349-64-4,O=S(=O)(O)C1=CC=C(F)C(N)=C1
20946-17-2,O=S(=O)(O)C=1N=C2C(O)=CC=CC2=CC1
26651-23-0,O=S(=O)(O)C1=CC=C2C=CC3=CC=CC=4C=CC1=C2C34
25023-39-6,O=S(=O)(O)C1=NC=NC=2N=CNC21
5724-16-3,O=S(=O)(O)C1=CC=C2C=CC=C(C2=C1)S(=O)(=O)O
253801-34-2,O=S(=O)(O)C1=CC=C(N=NC2=CC=C(O)C=C2Cl)C=C1
73348-44-4,O=S(=O)(O)C=1SC(Br)=CC1
618-09-7,O=S(=O)(O)C=1C=CC=C(C1)N(C)C
2908-73-8,O=S(=O)(O)CC1=CN=C(N=C1N)C
4095-82-3,O=C1C2=CC=CC(=C2C(=O)C=3C=CC=C(N)C13)S(=O)(=O)O
80206-91-3,O=C1C=2NC(=NC2N(C(=O)N1C)C)C=3C=CC(=CC3)S(=O)(=O)O
34256-00-3,O=S(=O)(O)C=1C=CC=CC1OC
14045-23-9,O=S(=O)(O)C=1C=CN=CC1C
1763-23-1,O=S(=O)(O)C(F)(F)C(F)(F)C(F)(F)C(F)(F)C(F)(F)C(F)(F)C(F)(F)C(F)(F)F
114850-07-6,O=S(=O)(O)C1CCCC1N
906074-28-0,O=S(=O)(O)C1CC(=C(C)CC1CN)C
1803562-79-9,O=S(=O)(O)C1CCCC(N)C1
89-02-1,O=N(=O)C1=CC=C(C(=C1)N(=O)=O)S(=O)(=O)O
684283-98-5,O=S(=O)(O)CCCCN1CCNCC1
15626-30-9,O=S(=O)([O-])CCC[N+]1=CC=C(C=C1)C
91-29-2,O=N(=O)C1=CC=C(NC2=CC=C(N)C=C2)C(=C1)S(=O)(=O)O
54136-27-5,O=S(=O)([O-])CCCC[N+]=1C=2C=CC(OC)=CC2C(C1C)(C)C
17724-16-2,O=S(=O)(O)C=1C=C(O)C=C(O)C1
70140-60-2,O=S(=O)(O)C1=CC=C(SC)C=C1
408533-46-0,O=S(=O)(O)C=1C=CN=C(C1)C
2706-91-4,O=S(=O)(O)C(F)(F)C(F)(F)C(F)(F)C(F)(F)C(F)(F)F
879-98-1,O=S(=O)(O)C1=CC=C(OC)C(O)=C1
581-75-9,O=S(=O)(O)C1=CC=C2C=C(C=CC2=C1)S(=O)(=O)O
2369-25-7,O=S(=O)(O)C1=CC=C(N)C(F)=C1
78995-75-2,O=S(=O)(O)C(C1=CC=C(O)C(O)=C1)CNC
334708-06-4,O=C(OCC)C1=CC(=CNC1=O)S(=O)(=O)O
7313-70-4,O=C1NC2=CC=C(C=C2C1=O)S(=O)(=O)O
862777-69-3,O=S(=O)(O)C=1C=CC(Br)=C2C=CN=CC21
852127-05-0,O=S(=O)(O)C1=CC=C2C=CC=CC2=C1C=3C=4C=CC=CC4C=CC3S(=O)(=O)O
33098-23-6,O=C1C(Cl)=C(Cl)C=NN1C2=CC=C(C=C2)S(=O)(=O)O
12239-15-5,O=S(=O)(O)C=1C=C(Cl)C(N=NC=2C(=NN(C=3C=CC=CC3)C2N)C)=CC1Cl
75808-01-4,O=C(NCCS(=O)(=O)O)CCC(C)C1CCC2C3C(=O)CC4CC(O)CCC4(C)C3CCC12C
1080027-77-5,O=C1N(C(=O)C2C3OC(C=C3)C12)CC[N+](C)(C)CCCCS(=O)(=O)[O-]
54322-33-7,O=S(=O)(O)C(S(=O)(=O)O)S(=O)(=O)O
464-14-2,O=S(=O)(O)C(F)(F)C(F)F
88-90-4,O=N(=O)C1=CC(=CC(=C1C)N(=O)=O)S(=O)(=O)O
37181-39-8,O=S(=O)([O-])C(F)(F)F
4444-23-9,O=S(=O)(O)C1=CC(O)=C(C=C1O)S(=O)(=O)O
2592-14-5,O=S(=O)(O)C1=CC=C(N)C(O)=C1
36125-91-4,O=S(=O)(O)C=1C=C2C(=CC1N)CCC2
806608-12-8,O=S(=O)(O)CCOCC=1C=CC=CC1
88-39-1,O=CC1=CC=C(C=C1S(=O)(=O)O)S(=O)(=O)O
65186-01-8,O=S(=O)(O)C1=CC=C(C=C1)C(CC)CCCCCCCCCCC
6334-97-0,O=C(NC=1C=CC2=C(O)C=C(C=C2C1)S(=O)(=O)O)C
50402-57-8,O=S(=O)(O)C1=CC=CC2=CC=CC(NCCN)=C21
89073-57-4,O=C1C=2NC(=NC2N(C(=O)N1CCC)CCC)C=3C=CC(=CC3)S(=O)(=O)O
163221-06-5,O=S(=O)(O)CCCNC
15904-54-8,O=S(=O)(O)CCN(CC)CC
3453-84-7,O=S(=O)(O)C1=CC(=C(C=C1C)C)C
499785-48-7,O=S(=O)(O)C1=C(Cl)N(N=C1C)C
6387-28-6,O=S(=O)(O)CC1=CC=C(N)C=C1
2508-19-2,O=N(=O)C=1C=C(C(=C(C1)N(=O)=O)S(=O)(=O)O)N(=O)=O
73413-79-3,O=C1C(=O)C2(CCC1C2(C)C)CS(=O)(=O)O
102878-14-8,O=S(=O)(O)C1=CC=C2C=C(Cl)C=CC2=C1
84-48-0,O=C1C=2C=CC=CC2C(=O)C3=CC(=CC=C13)S(=O)(=O)O
68502-11-4,O=CC=1OC(=CC1)C=2C=CC(=CC2)S(=O)(=O)O
113995-55-4,O=S(=O)(O)C=1C=CC2=C(C=CC=3N=C(C)C(C32)(C)C)C1
6222-65-7,O=C1C=2C=CC=CC2C(=O)C3=C(C=C(C(N)=C13)S(=O)(=O)O)NC4=CC=C(N)C=C4
14159-48-9,O=S(=O)(O)C(C)C
16794-13-1,O=S(=O)(O)C(C)(C)C
86311-35-5,O=S(=O)(O)CC(N)(C)C
34292-93-8,O=S(=O)(O)CCC=1C=CC=CC1
29452-57-1,O=S(=O)(O)C=1C=NC=CC1N
78846-41-0,O=S(=O)(O)C=1C=CC=C(Cl)C1N
806601-91-2,O=C1NC=C(C=C1N(=O)=O)S(=O)(=O)O
40306-75-0,O=C(NC1=CC(=CC(N)=C1O)S(=O)(=O)O)C
153886-68-1,O=S(=O)(O)C=1C=CC=C2C1NCC(C)C2
63113-57-5,O=S(=O)(O)C1=CC=CC(=C1)S(=O)(=O)C=2C=CC=CC2
52514-04-2,O=C(NCCS(=O)(=O)O)CCCCCCCC=CCCCCCCCC
749836-20-2,O=S(=O)(O)C(F)(F)C(F)(F)OC(F)(C(F)(F)F)C(F)(F)OC(F)C(F)(F)F
119-72-2,O=N(=O)C1=CC=C(C=CC2=CC=C(N)C=C2S(=O)(=O)O)C(=C1)S(=O)(=O)O
149981-25-9,O=C1C2=C(N=C(C=3C=CC(=CC3)S(=O)(=O)O)N2C)N(C(=O)N1CC=C)C
65287-04-9,O=S(=O)([O-])CCC[N+]=1C=2C=C(Cl)C=CC2SC1C
333969-02-1,O=S(=O)([O-])CCCC[N+]=1C2=CC=CC=3C=CC=C(C32)C1C
497258-53-4,O=C1NC(=O)N(C=C1CNCCS(=O)(=O)O)C2OC(CO)C(O)C2O
18615-99-1,O=S(=O)(O)C1=NC(=CC=C1)C
24447-99-2,O=S(=O)(O)C1=CC=C(C=C1)NC
109682-22-6,O=S(=O)(O)C1=NC(N)=CC=C1
618-03-1,O=S(=O)(O)C1=CC=C(C(N)=C1)C
98-34-0,O=S(=O)(O)C1=CC=C(C(Cl)=C1)C
223480-78-2,O=S(=O)(O)C1=NC=CC=C1C
29706-49-8,O=S(=O)(O)CCNCCO
34256-01-4,O=S(=O)(O)C=1C=CC=C(OC)C1
63348-71-0,O=N(=O)C1=CC=C(C(=C1S(=O)(=O)O)N(=O)=O)C
78767-43-8,O=S(=O)(O)C=1C(Cl)=CC=CC1N
96-77-5,O=S(=O)(O)C1=CC=C(O)C(=C1)S(=O)(=O)O
114417-84-4,O=S(=O)(O)C1NC(CO)C(O)C(O)C1O
730912-46-6,O=CC1=CC(=CC=C1S(=O)(=O)O)S(=O)(=O)O
119959-65-8,O=C(NCCS(=O)(=O)O)CCCC=CCC=CCC=CCC=CCCCCC
305-80-6,N#[N+]C1=CC=C(C=C1)S(=O)(=O)[O-]
83283-97-0,O=S(=O)([O-])C(C=1C=CC=CC1)[N+]=2C=CC=CC2
3176-77-0,O=S(=O)([O-])CCC[N+]1=C(SC2=CC=C3C=CC=CC3=C21)C
147722-19-8,O=S(=O)(O)CCCCCCCCCCCBr
46020-63-7,O=S(=O)(O)C1=CC=C(F)C=C1F
6375-02-6,O=S(=O)(O)C1=CC(N)=CC=C1OCC
906073-55-0,O=S(=O)(O)CC1CNCCC1
1355205-07-0,O=S(=O)(O)C=1C=NC=C(Cl)C1O
88-91-5,O=N(=O)C1=CC(=CC(=C1Cl)N(=O)=O)S(=O)(=O)O
39513-21-8,O=C1NC2=CC=C(C=C2N1)S(=O)(=O)O
494-44-0,O=S(=O)(O)C1=CC=C2C=CC(N)=CC2=C1
62009-38-5,O=N(=O)C1=CC(=CN=C1N)S(=O)(=O)O
53700-79-1,O=S(=O)(O)C1=CC=C2C=3C1=CC=CC3CC2
2414387-55-4,O=C1C=2C=CC=CC2C(=O)N1CC3=CC=C(C(=C3)S(=O)(=O)O)C
29311-67-9,O=S(=O)(O)C(F)(F)C(F)(F)OC(F)(C(F)(F)F)C(F)(F)OC(F)=C(F)F
147541-01-3,O=S(=O)([O-])C=1C=C(C=C([N+]1F)C)C
17894-99-4,O=S(=O)(O)C=1C=C2C(C(N)=CC=C2S(=O)(=O)O)=C(C1)S(=O)(=O)O
29636-96-2,O=S(=O)([O-])CCC[N+]=1C=2C=CC=CC2C(C1C)(C)C
63149-01-9,O=S(=O)([O-])CCC[N+]=1C=2C=C(OC)C=CC2SC1C
63666-10-4,O=S(=O)([O-])CCC[N+]=1C=2C=CC=3C=CC=CC3C2C(C1C)(C)C
40856-07-3,O=S(=O)(O)C(F)F
21297-68-7,O=S(=O)(O)C1CC1
20283-21-0,O=S(=O)(O)CCCCCCCCCC
18616-04-1,O=S(=O)(O)C1=NC=CC(=C1)C
100-87-8,O=S(=O)(O)CC=1C=CC=CC1
7434-70-0,O=N(=O)C1=CC=C(C(=C1)C)S(=O)(=O)O
939-95-7,O=S(=O)(O)C1=CC=C(Cl)C(Cl)=C1
7134-11-4,O=S(=O)(O)C1=CC=C(O)C(OC)=C1
62009-35-2,O=S(=O)(O)C=1C=NC=C(N)C1
98-40-8,O=S(=O)(O)C1=CC=C(C(=C1)NCC)C
46020-12-6,O=S(=O)(O)C1=CC(Br)=CC=C1O
98-45-3,O=CC1=CC=CC(=C1)S(=O)(=O)O
1222776-01-3,O=S(=O)(O)CC=1C=CC=C(F)C1
344309-27-9,O=N(=O)C1=CC(Cl)=CC=C1S(=O)(=O)O
6357-85-3,O=S(=O)(O)C1=CC(O)=CC=2C=CC=CC21
802034-95-3,O=S(=O)(O)C1=CC=C2C(=C1)C=3C=CC=CC3N2CC
86-66-8,O=S(=O)(O)C=1C=CC=2C(C1)=CC(=CC2S(=O)(=O)O)S(=O)(=O)O
5950-16-3,O=S(=O)(O)C1=CC=C(OCC=2C=CC=CC2)C=C1
501903-55-5,O=S(=O)(O)C1=CC=C(C=C1)N2CCNCC2
2460757-41-7,O=S(=O)(O)C1=CNC=2N=NC(Cl)=CC21
6361-41-7,O=C(NC=1C=CC2=CC(=CC(O)=C2C1)S(=O)(=O)O)C
50567-77-6,O=S(=O)(O)C1=CC(N)=CC=C1C#CC2=CC=C(N)C=C2S(=O)(=O)O
78276-19-4,O=S(=O)([O-])CCC[N+](C)(C)CCN
6402-06-8,O=C(OCC)C1=NN(C(=O)C1)C2=CC=C(C=C2)S(=O)(=O)O
91788-14-6,O=C1C=2C=CC=CC2CCC1=CC3=CC=C(OC)C(=C3)S(=O)(=O)O
1513877-24-1,O=S(=O)(O)C1=NC=2C=CC(=CC2N1)S(=O)(=O)N3CCOCC3
1513877-23-0,O=S(=O)(O)C1=NC=2C=CC(=CC2N1)S(=O)(=O)NC=3C=CC=CC3Cl
56919-22-3,O=S(=O)(O)C1=CC(=CC=C1Br)C
5402-22-2,O=N1=CC=C(C=C1)S(=O)(=O)O
35478-73-0,O=S(=O)(O)C1=CC=C(C=C1)N(CC)CC
6387-14-0,O=S(=O)(O)C1=CC(Cl)=C(N)C(=C1)C
609-62-1,O=S(=O)(O)C1=CC=C(Cl)C=C1Cl
52338-78-0,O=C1C=CC(=O)N1CCS(=O)(=O)O
5857-94-3,O=S(=O)(O)C1=CC(Cl)=C(O)C(N)=C1
23261-58-7,O=S(=O)(O)C1=CC=CC2=NC=CC=C21
2066-93-5,O=C1C=C(C=2C=CC=CC2C1=O)S(=O)(=O)O
16045-14-0,O=S(=O)(O)CCCCN1CCN(CC1)CCCCS(=O)(=O)O
2373-23-1,O=C(OCCCCCCCC)CC(C(=O)OCCCCCCCC)S(=O)(=O)O
134-34-9,O=C(NC=1C=C(C=C2C=C(C=C(O)C21)S(=O)(=O)O)S(=O)(=O)O)C
83-61-4,O=C1C=2C=CC=CC2C(=O)C=3C(O)=C(O)C(=CC13)S(=O)(=O)O
145-48-2,O=C1C=2C=CC=CC2C(=O)C3=C(O)C(=CC(O)=C13)S(=O)(=O)O
80459-15-0,O=NC1=CC=C(C=C1O)N(CCC)CCCS(=O)(=O)O
15851-62-4,O=S(=O)(O)C=1C=C(N)C(O)=C2N=CC=CC21
135-11-5,O=N(=O)C1=CC(=CC=C1NC2=CC=C(N)C=C2)S(=O)(=O)O
56405-61-9,O=S(=O)([O-])CCC[N+]=1C=CC=CC1C
75472-45-6,O=N(=O)C1=CC=C(NCCS(=O)(=O)O)C2=NON=C21
197583-89-4,O=N(=O)C1=CC=C(C=C1)NN=CC2=CC=C(C=C2S(=O)(=O)O)S(=O)(=O)O
890708-67-5,O=S(=O)(O)C1=CC(=CC=C1OC)CC(NCCOC=2C=CC=CC2OCC)C
147541-08-0,O=S(=O)([O-])C1=CC=C(C=[N+]1F)C(F)(F)F
88255-01-0,O=C(OC)NC(=NC1=CC(SCCC)=CC=C1N(=O)=O)NCCS(=O)(=O)O
66142-15-2,O=S(=O)([O-])CCC[N+]=1C2=CC(=CC=C2OC1C)C=3C=CC=CC3
160656-62-2,O=S(=O)([O-])C1=CC=C2C=3C=CC=CC3[S+](C2=C1)C(F)(F)F
3375-50-6,O=S(=O)(O)CCS
102014-39-1,O=S(=O)(O)C1=CC(O)=CC=C1C
127075-47-2,O=S(=O)(O)CC1NCCC1
576-92-1,O=S(=O)(O)C=1C=CC=CC1Br
13069-04-0,O=S(=O)(O)C1=CN=CC(=C1)S(=O)(=O)O
83543-94-6,O=S(=O)(O)C=1C=C(N)C(=CC1Cl)C
58431-91-7,O=S(=O)(O)CCCN(CCO)CCO
43192-68-3,O=S(=O)(O)CCCCN(CCO)CCO
52146-86-8,O=N(=O)C=1C=C(C(=CC1C)S(=O)(=O)O)N(=O)=O
138-25-0,O=C(OC)C=1C=C(C=C(C1)S(=O)(=O)O)C(=O)OC
6973-13-3,O=N(=O)C=1C=C(C(Cl)=CC1S(=O)(=O)O)C
223438-71-9,O=S(=O)(O)C1=CC(Br)=C(C=C1OC)C
94159-69-0,O=S(=O)([O-])CCC[N+](C)(CCO)CCO
58928-14-6,O=S(=O)(O)CCNC=1C=CC=CC1
163137-36-8,O=C1C=C(O)C(=CN1)S(=O)(=O)O
5344-58-1,O=C1C(Br)C2CCC1(C)C2(C)CS(=O)(=O)O
192775-41-0,O=N(=O)C1=CC=C(C=C1)CCS(=O)(=O)O
6259-53-6,O=S(=O)(O)C1=CC(O)=C2C=C(C=CC2=C1)NC
36783-03-6,O=S(=O)(O)CCCN(C1=CC=CC(=C1)C)CC
17527-17-2,O=N(=O)C1=CC=2C(=CC(N)=CC2S(=O)(=O)O)C(=C1)S(=O)(=O)O
2690297-45-9,O=CC1=CC(OCCCS(=O)(=O)O)=C(C=O)C=C1OCCCS(=O)(=O)O
63589-25-3,[N-]=[N+]=C1C(=O)C=C(C=2C=C(C=CC12)N(=O)=O)S(=O)(=O)O
1239204-75-1,O=C1OC=2C=C(N)C(=CC2C(=C1CC(=O)NCC#C)C)S(=O)(=O)O
56405-37-9,O=S(=O)([O-])CCC[N+]=1C=2C=CC=CC2SC1C
13595-73-8,O=S(=O)(O)CCCCCC
29777-99-9,O=S(=O)(O)CCCN(C)C
20804-27-7,O=S(=O)(O)C=1C=C(C(N)=C(C1)C)C
313-50-8,O=S(=O)(O)C=1C(F)=C(F)C(F)=C(F)C1F
609-46-1,O=S(=O)(O)C=1C=CC=CC1O
1064778-57-9,O=S(=O)(O)CC1=CC=C(F)C=C1
4430-27-7,O=S(=O)(O)C(C=1C=CC=CC1)CN
101-57-5,O=S(=O)(O)C1=CC=C(C=C1)NC=2C=CC=CC2
256373-92-9,O=C(OCC)C1=COC(=C1)S(=O)(=O)O
86156-94-7,O=N(=O)C1=CC=C(C=C1F)S(=O)(=O)O
82-49-5,O=C1C=2C=CC=CC2C(=O)C=3C1=CC=CC3S(=O)(=O)O
132-57-0,O=S(=O)(O)C1=CC=CC2=CC=C(O)C=C21
82-65-5,O=S(=O)(O)C1=CC(=C2NS(=O)(=O)C=3C=CC=C1C23)S(=O)(=O)O
63149-05-3,O=S(=O)([O-])CCC[N+]1=C(SC=2C=CC=CC21)SC
51981-33-0,O=S(=O)([O-])CCC[N+]=1C=2C=C(Cl)C=CC2OC1C
150195-43-0,O=S(=O)([O-])CCC[N+]1=C(SC=2C=CC(Cl)=CC21)SCCCS(=O)(=O)O
16794-14-2,O=S(=O)(O)CC(C)C
846056-86-8,O=S(=O)(O)C(C)(C)CN
733746-65-1,O=S(=O)(O)C1=NC=C(C=C1)C
4681-78-1,O=S(=O)(O)C=1C(=C(C=C(C1C)C)C)C
933-85-7,O=S(=O)(O)C1=CSN=C1C
128869-82-9,O=S(=O)(O)CCN(C(C)C)C(C)C
22033-07-4,O=S(=O)(O)C=1C=CC=CC1C(C)C
465529-94-6,O=N(=O)C1=CN=C(C=C1)S(=O)(=O)O
15509-33-8,O=S(=O)(O)C=1C=C(C(=CC1O)C)S(=O)(=O)O
69383-66-0,O=S(=O)(O)C1=CC=C(C(N)=C1C)C
147541-04-6,O=S(=O)(O)C1=NC=C(C=C1)C(F)(F)F
115653-18-4,O=S(=O)(O)CC=1C=CN=CC1
14235-54-2,O=S(=O)(O)CCCNCCN
2358783-64-7,O=S(=O)(O)C=1C=NC=C(Cl)C1
67146-22-9,O=S(=O)(O)CN1N=NNC1=S
42433-93-2,O=S(=O)(O)C1=CNC=2C=CC=CC21
24262-38-2,O=C1C(Br)C2CCC1(CS(=O)(=O)O)C2(C)C
92-40-0,O=S(=O)(O)C1=CC=C2C=CC(O)=CC2=C1
84-49-1,O=C1C2=CC=C(C=C2C(=O)C3=CC(=CC=C13)S(=O)(=O)O)S(=O)(=O)O
90-21-1,O=S(=O)(O)C=1C=C(Cl)C2=C(O)C=C(C=C2C1)S(=O)(=O)O
1357059-00-7,O=S(=O)(O)C1=CC(N=NC2=CC(=C(O)C=C2N)C)=C(C=C1C)C
78333-25-2,O=N(=O)C1=CC=C(C=CC2=CC=C(C=C2S(=O)(=O)O)N(=O)=O)C(=C1)S(=O)(=O)O
83-62-5,O=C1C=2C=CC=CC2C(=O)C3=C(N)C(=CC=C13)S(=O)(=O)O
20546-03-6,[N-]=[N+]=C1C=CC=2C(=CC=CC2S(=O)(=O)O)C1=O
176978-81-7,O=S(=O)(O)C1=CC2=C(C=CC=3N=C(C)C(C32)(C)C)C(=C1)S(=O)(=O)O
76588-81-3,O=S(=O)([O-])C=1C=CC2=C(C1)C(C(=[N+]2CCCCS(=O)(=O)O)C)(C)C
1193111-37-3,O=C(ON1C(=O)CCC1=O)C(CCSSC2=NC=C(C=C2)N(=O)=O)S(=O)(=O)O
372972-39-9,O=C1C(SC(=S)N1CCS(=O)(=O)O)=CC=2OC(=CC2)C=3C=CC=C(Cl)C3
111923-79-6,O=S(=O)(O)C1=C(Br)SN=C1C
87655-41-2,O=S(=O)(O)C1=CC=C(N=C1C)C
85310-67-4,O=S(=O)(O)CC1CNCC1
139555-12-7,O=S(=O)(O)C=CC=1C=CC=CC1
97-06-3,O=N(=O)C1=CC(=CC=C1C)S(=O)(=O)O
103-06-0,O=S(=O)(O)CNC=1C=CC=CC1
585-38-6,O=S(=O)(O)C=1C=CC=C(O)C1
68189-28-6,O=N(=O)C1=CC(=CC(Cl)=C1C)S(=O)(=O)O
54247-51-7,O=S(=O)(O)C1=NC=CC=C1N
96-78-6,O=C(NC1=CC=C(N)C(=C1)S(=O)(=O)O)C
243984-25-0,O=C(OCC)C1=C(CCCC1)S(=O)(=O)O
57189-62-5,O=S(=O)(O)C1=CC=C2C=C(Br)C=CC2=C1
54247-50-6,O=N(=O)C1=CC=CN=C1S(=O)(=O)O
117-14-6,O=C1C2=CC=CC(=C2C(=O)C3=CC=CC(=C13)S(=O)(=O)O)S(=O)(=O)O
78995-74-1,O=S(=O)(O)C(C1=CC=C(O)C(O)=C1)CNC(C)C
86-61-3,O=S(=O)(O)C1=CC(O)=CC2=CC=C(N)C=C21
146384-40-9,O=S(=O)(O)C1=CC=CC2=C1C=CC=3N=C(C)C(C32)(C)C
5639-34-9,O=S(=O)(O)C1=CC=C2C(C=CC(O)=C2N)=C1
91-98-5,O=S(=O)(O)C=1C=CC=C(C1)CN(C2=CC=CC(=C2)C)CC
3062-37-1,O=S(=O)(O)C=1C=C(Br)C(O)=C2N=CC=CC21
70185-87-4,O=C(NC1=CC=C(NC(=O)CC(=O)C)C(=C1)S(=O)(=O)O)CC(=O)C
82-50-8,O=C1C2=CC=CC(=C2C(=O)C3=CC=CC(=C13)N(=O)=O)S(=O)(=O)O
101-50-8,O=S(=O)(O)C1=CC=C(N=NC2=CC=C(N)C(=C2)S(=O)(=O)O)C=C1
98111-83-2,O=S(=O)(O)C1=CC=C(O)C(C=NC=2C=CC=CC2)=C1
72678-30-9,O=C(C1=CC=C(Cl)C=C1)C2=CC=C(OC(C(=O)NCCS(=O)(=O)O)(C)C)C=C2
117-46-4,O=C(NC=1C=C(C=C2C=C(C=C(O)C21)S(=O)(=O)O)S(=O)(=O)O)C=3C=CC=CC3
146368-09-4,O=S(=O)([O-])C=1C=CC2=C(C1)C(C(C=CNC=3C=CC=CC3)=[N+]2CC)(C)C
75-92-3,O=S(=O)(O)CO
7297-06-5,O=S(=O)(O)CC(N)C
35452-30-3,O=S(=O)(O)CCCCC
1510-16-3,O=S(=O)(O)CCCCCCCCCCCC
73384-82-4,O=S(=O)(O)CCCBr
107-67-5,N#CCCS(=O)(=O)O
114389-49-0,O=S(=O)(O)C=1SC=NC1C
1209460-12-7,O=S(=O)(O)C1=NC=C(Br)C=C1
172412-76-9,O=S(=O)(O)C1=NC=CS1
53744-47-1,O=S(=O)(O)C1=NC=CN1
6409-58-1,O=S(=O)(O)C1=CC=C(O)C=C1O
22033-08-5,O=S(=O)(O)C=1C=CC=C(C1)C(C)C
1368516-55-5,O=S(=O)(O)C1=CC=C(OC)C(Br)=C1
17724-11-7,O=S(=O)(O)C=1C=C(C(O)=CC1O)S(=O)(=O)O
91-25-8,O=CC=1C=CC=CC1S(=O)(=O)O
125174-85-8,O=S(=O)(O)CC1=CC=C(Cl)C=C1
2051-65-2,O=S(=O)(O)C1=CC(Cl)=CC=C1O
606126-34-5,O=S(=O)(O)C1=CC=C(N=NC2=CC=C(C=C2)N(C)C)C=C1
106135-27-7,O=S(=O)(O)C1=NC=2C=C(C=CC2N1)C
134-08-7,O=C1OC(=O)C2=CC(=CC=C12)S(=O)(=O)O
756469-30-4,O=C(OC)C1=CC=C(C=C1)CCS(=O)(=O)O
853789-34-1,O=S(=O)(O)C1=CC=C(C=C1)N2CCCC2
82711-99-7,O=N(=O)C1=CC=C(F)C=C1S(=O)(=O)O
100376-62-3,O=S(=O)(O)CC(N)C1=CC=C(Cl)C=C1
81-06-1,O=S(=O)(O)C=1C=CC=2C=CC=CC2C1N
20680-48-2,[N-]=[N+]=C1C=C(C=2C=CC=CC2C1=O)S(=O)(=O)O
38267-31-1,O=N(=O)C1=CC(=CC2=CC(=CC(=C21)S(=O)(=O)O)S(=O)(=O)O)S(=O)(=O)O
102878-16-0,O=S(=O)(O)C1=CC2=CC=C(Cl)C=C2C(=C1)S(=O)(=O)O
82-47-3,O=S(=O)(O)C1=CC(=C2C=CC=C(O)C2=C1N)S(=O)(=O)O
1242471-40-4,O=C1N(N=C(C)C1C(C)(CO)S(=O)(=O)O)C=2C=CC=CC2
81417-89-2,O=S(=O)(O)OCCS(=O)(=O)C1=CC=C2C(C=CC(N)=C2S(=O)(=O)O)=C1
663598-89-8,O=C(ON1C(=O)CC(C1=O)S(=O)(=O)O)CCCSSC2=NC=C(C=C2)N(=O)=O
1803279-86-8,O=C(ON1C(=O)CC(C1=O)S(=O)(=O)O)CCC(=O)N2C=3C=CC=CC3C#CC=4C=CC=CC4C2
17527-07-0,O=S(=O)(O)CCNCCCC
154642-00-9,O=S(=O)(O)C1=CC=C(F)C=C1C
14503-46-9,O=S(=O)(O)C=1C=CC=CC1N(C)C
39687-77-9,O=S(=O)(O)C1=CN=C(N=C1)N
7134-09-0,O=S(=O)(O)C1=CC=C(O)C(O)=C1
2154-66-7,N#[N+]C1=CC=C(C=C1)S(=O)(=O)O
122855-96-3,O=S(=O)(O)C1=CC=C(C=C1)CO
5402-21-1,O=N=1C=CC=C(C1)S(=O)(=O)O
98-21-5,O=S(=O)(O)C=1C=C(Cl)C=C(N)C1
2835-04-3,O=S(=O)(O)C1=CC(N)=CC=C1O
54981-39-4,O=C(NC1=CC=CC(=C1)S(=O)(=O)O)C
3365-89-7,O=S(=O)(O)C1=CC=C(C=C1)C=2C=CC(N)=CC2
121208-91-1,O=S(=O)(O)C1=CC=C(O)C(Br)=C1
127075-48-3,O=S(=O)(O)CC1NCCCC1
38588-51-1,O=S(=O)(O)CC=1C=NC=CC1
7296-73-3,O=S(=O)(O)C1=CC=C(C=C1)CCCl
72943-20-5,O=S(=O)(O)CCCNC=1C=CC=CC1
616-85-3,O=N(=O)C1=CC(=CC=C1O)S(=O)(=O)O
276702-52-4,O=N(=O)C1=CC=C(Cl)C(=C1Cl)S(=O)(=O)O
40686-05-3,O=C(NC1=CC=C(C=C1C)S(=O)(=O)O)NC2=CC=C(C=C2C)S(=O)(=O)O
5825-36-5,O=S(=O)(O)C=1C=CC(S)=C2N=CC=CC21
84-92-4,O=S(=O)(O)C1=CC=CC2=C(N)C(N)=CC=C21
287730-12-5,O=S(=O)(O)C1=NC=2C=C(F)C=CC2N1
27928-00-3,O=S(=O)(O)C=1C=C(O)C2=CC=C3C=4C(C=CC1C24)=C(C=C3S(=O)(=O)O)S(=O)(=O)O
117-42-0,O=S(=O)(O)C=1C=C(N)C=2C(C1)=CC(=CC2S(=O)(=O)O)S(=O)(=O)O
6313-47-9,O=C1C=2C=CC=CC2C(=O)C3=CC(=C(N)C=C13)S(=O)(=O)O
117-55-5,O=S(=O)(O)C=1C=CC(N)=C2C1C=CC=C2S(=O)(=O)O
50567-35-6,O=C1C(=C(N(N1C=2C=CC=CC2)C)C)N(C)CS(=O)(=O)O
750549-71-4,O=S(=O)(O)C=1C=CC=C(OCC=2C=CC=CC2)C1
42986-22-1,O=S(=O)(O)OCCS(=O)(=O)C1=CC=C(N)C(=C1)S(=O)(=O)O
4720-61-0,O=S(=O)(O)CCCSC1=NC=2C=CC=CC2S1
1833-57-4,O=C1C=2C=CC=CC2C(=O)C3=C(N)C(=CC(NC=4C(=CC(=CC4C)C)C)=C13)S(=O)(=O)O
54443-97-9,O=S(=O)([O-])CCC[N+]=1C=2C=CC=CC2OC1C
158018-81-6,O=C1C=CC(=O)N1CCCC(=O)ON2C(=O)CC(C2=O)S(=O)(=O)O
331467-05-1,O=C1NC=2C=CC(=CC2C1=C3NC=4C=CC=CC4C3=NO)S(=O)(=O)O
56405-66-4,O=S(=O)([O-])CCC[N+]=1C=CC(=C2C=CC=CC21)C
30479-81-3,O=C1N(N=C(N)C1)C2=CC=C(OC=3C=CC=CC3)C(=C2)S(=O)(=O)O
663598-66-1,O=C(ON1C(=O)CC(C1=O)S(=O)(=O)O)CCC(SSC2=NC=C(C=C2)N(=O)=O)C
147541-03-5,O=S(=O)([O-])C=1C=C(C=C([N+]1F)C(F)(F)F)C(F)(F)F
83907-41-9,O=S(=O)([O-])CCC[N+]=1C=2C=CC=CC2C=C3C=CC=CC31
1374404-06-4,O=S(=O)([O-])CCCN1C=C[N+](=C1)CC2=NC=CC=C2
18024-00-5,O=S(=O)(O)CCCl
846056-87-9,O=S(=O)(O)CC(N(Cl)Cl)(C)C
36986-91-1,O=S(=O)(O)C(=C)CCl
107-57-3,O=S(=O)(O)CC(O)CCl
123314-28-3,O=S(=O)(O)CC=1C=CC=CC1C
60310-04-5,O=S(=O)(O)C=1C=C(N)C=C(C1)C
7134-05-6,O=S(=O)(O)C1=CC=C(O)C=C1C
4352-27-6,O=S(=O)(O)CC1CCCCC1
6370-23-6,O=S(=O)(O)C1=CC(N)=C(C=C1C)C
50619-01-7,O=S(=O)(O)C1=CC(=CC(N)=C1C)C
65542-35-0,O=N(=O)C1=CC(=CC=C1S(=O)(=O)O)C
20776-12-9,O=S(=O)(O)C=1C=2C=CC=CC2C=CC1C
110874-72-1,O=S(=O)(O)CC1=CC=C(Br)C=C1
81483-21-8,O=S(=O)(O)C1=CC=C(S)C(N)=C1
141870-15-7,O=S(=O)(O)C1=CC=C(OC)C=2C=CC=CC21
103346-04-9,O=S(=O)(O)CC=1C=CC=CC1Cl
6764-43-8,O=S(=O)(O)C=1C=CC=2OC(=NC2C1)C
287730-18-1,O=S(=O)(O)C1=NC=2C=C(C(=CC2N1)C)C
140-60-3,O=S(=O)(O)C1=CC=C(C=C1)CCCCCCCCCC
92-27-3,O=S(=O)(O)C1=CC=C2C=C(O)C(O)=CC2=C1
3343-41-7,O=S(=O)(O)C(O)C1=NC=CC=C1
23894-07-7,O=S(=O)(O)C=1C=C2C=C(C(O)=CC2=CC1O)S(=O)(=O)O
41949-30-8,O=S(=O)(O)C1=CC=CC(=C1)C=2C=CC=CC2
98139-22-1,O=N(=O)C1=CC(=CC(=C1N)N(=O)=O)S(=O)(=O)O
181297-41-6,O=S(=O)(O)C1=NC=2C=CC=CC2O1
149-46-2,O=S(=O)(O)C1=CC(O)=C(O)C(=C1)S(=O)(=O)O
551-91-7,O=N(=O)C1=CC=C(N)C=C1S(=O)(=O)O
89108-43-0,O=S(=O)(O)C=1C=CC=C2C(Cl)=CC=CC21
1644-79-7,O=S(=O)(O)C1=CC=C(Cl)C(=C1)C(F)(F)F
26377-50-4,O=N(=O)C1=CC=C(C=C1Cl)S(=O)(=O)O
168021-77-0,O=N(=CC1=CC=C(C=C1S(=O)(=O)O)S(=O)(=O)O)C(C)(C)C
124066-33-7,O=C(NCCS(=O)(=O)O)C=1SC=CC1
59115-12-7,O=C(NC=1C=C(C=C(C1O)N(=O)=O)S(=O)(=O)O)C
6251-07-6,O=S(=O)(O)C=1C=CC2=C(N)C=C(C=C2C1)S(=O)(=O)O
179419-11-5,O=S(=O)(O)C=1C=CC=2C(Br)=CC=CC2C1
122361-59-5,O=S(=O)(O)C1=CC=C2C=CC=CC2=C1C=3C=4C=CC=CC4C=CC3S(=O)(=O)O
21876-47-1,O=S(=O)([O-])C1=CC=C[N+](=C1)C
14121-39-2,O=S(=O)(O)C=1C=CC=C(C1)NC=2N=C(Cl)N=C(Cl)N2
20971-43-1,N#[N+]C1=CC=C2C=C(C=C(C2=C1)S(=O)(=O)O)S(=O)(=O)O
15851-63-5,O=N(=O)C1=CC(=C2C=CC=NC2=C1O)S(=O)(=O)O
33924-53-7,O=C(NCCC1=CC=C(C=C1)S(=O)(=O)O)C2=CC(Cl)=CC=C2OC
38025-91-1,O=S(=O)(O)C1=CC=CN=C1NC2=CC=CC(=C2)C(F)(F)F
856570-20-2,O=C(OCC=1C=CC=CC1)NC(CC=2C=CC=CC2)CS(=O)(=O)O
244021-67-8,O=C1NC=2C=CC(=CC2C1=C3NC=4C=CC=CC4C3=O)S(=O)(=O)O
143668-15-9,O=S(=O)(O)C1=CC=C(C=C1)NC2=NC=NC3=C2N=CN3C4OC(CO)C(O)C4O
74-61-3,O=S(=O)(O)CC(S)CS
7762-89-2,O=S(=O)(O)CCCCBr
110874-71-0,O=S(=O)(O)CC1=CC=C(C=C1)C
70916-29-9,O=S(=O)(O)C=1C=CC=CC1NC
46204-52-8,O=S(=O)(O)C1=CC=C(OCC)C=C1
96-71-9,O=S(=O)(O)C1=CC(=CC=C1C)C(C)C
59554-29-9,O=S(=O)(O)C1=CC=C(C=C1OC)C
133-62-0,O=N(=O)C=1C=C(C(=C(C1)S(=O)(=O)O)C)N(=O)=O
6448-82-4,O=S(=O)(O)C1=CC(OCC)=CC=C1N
734475-33-3,O=S(=O)(O)C=1C=CC=CC1CO
83-83-0,O=S(=O)(O)C1=CC(N)=C(C=C1C2=CC(=C(N)C=C2S(=O)(=O)O)C)C
124946-79-8,O=C(N(C)CCS(=O)(=O)O)CCCCCCCCCCCCC
16722-32-0,O=S(=O)(O)C1=CC=C(C=C1)CCCCCCCCCCCCCCCC
90321-78-1,O=S(=O)(O)C1=CSC=2C=CC=CC21
761343-55-9,N#CC1=CC=C(C=C1)CS(=O)(=O)O
162109-23-1,O=S(=O)(O)C=1C=CC=C2C(Br)=CC=CC21
367-72-6,O=S(=O)(O)C1=CC=C(N)C(=C1)C(F)(F)F
376646-59-2,O=S(=O)(O)C1NC=2C=CC=CC2C1
131574-34-0,O=N(=O)C=1C=C(C(F)=CC1F)S(=O)(=O)O
155110-47-7,O=C(N1C2=CC(=CC=C2CC1)S(=O)(=O)O)C
567-47-5,O=S(=O)(O)C1=C(O)C=CC=2C=CC=CC21
567-13-5,O=S(=O)(O)C1=CC(N)=C(O)C=2C=CC=CC21
6362-18-1,O=S(=O)(O)C1=CC=C(N)C=2C(N)=CC=CC12
342623-49-8,O=S(=O)(O)CC1=NOC=2C=CC=CC21
1316066-03-1,O=C(N1C2=CC(=CC=C2C(C)(C)C1)S(=O)(=O)O)C
20386-27-0,O=S(=O)(O)C1=CC=CC2=CC(O)=CC=C21
53815-74-0,O=S(=O)(O)C=1C=CC2=NSC(N)=C2C1
1137860-76-4,O=S(=O)(O)C1=CC(OC(F)(F)F)=CC=C1N
37026-33-8,O=N(=O)C1=CC(=C2C=CC(=NC2=C1O)C)S(=O)(=O)O
573-07-9,O=S(=O)(O)C1=CC=CC2=C(O)C(N)=CC=C21
128-86-9,O=C1C2=C(O)C(=CC(N)=C2C(=O)C3=C(O)C(=CC(N)=C13)S(=O)(=O)O)S(=O)(=O)O
85-74-5,O=S(=O)(O)C=1C=CC=2C(N)=CC=C(C2C1)S(=O)(=O)O
4095-85-6,O=C1C=2C=CC=CC2C(=O)C3=C(N)C(=CC(N)=C13)S(=O)(=O)O
10041-19-7,O=C(OCC(CC)CCCC)CC(C(=O)OCC(CC)CCCC)S(=O)(=O)O
50818-84-3,O=S(=O)([O-])C=1SC=2C=CC=CC2[N+]1CC
748749-75-9,O=C(OCC1C=2C=CC=CC2C=3C=CC=CC31)NCCS(=O)(=O)O
2173294-69-2,O=C(OC)C(C=1C=CC=CC1Cl)N2CC=3C=C(SC3CC2)S(=O)(=O)O
663599-00-6,O=C(ON1C(=O)CC(C1=O)S(=O)(=O)O)CCC(SSC2=NC=C(C=C2)N(=O)=O)(C)C
51652-08-5,O=C(N)C1=CC=C[N+](=C1)CCCS(=O)(=O)[O-]
34935-38-1,O=S(=O)([O-])C(C)CC[N+]1=C(SC=2C=CC=CC21)C=C(C=C3SC=4C=CC=CC4N3CC)C
1561-97-3,O=S(=O)(O)CC(O)C
126301-30-2,O=S(=O)(O)CC(N)C
109765-37-9,O=S(=O)(O)CCOC
89124-45-8,O=C(OCC)CS(=O)(=O)O
6922-46-9,O=S(=O)(O)C1CCCCC1
89585-27-3,O=S(=O)(O)CCCCNCC
28987-67-9,O=S(=O)(O)C1=CC=C(C(=C1C)C)C
34074-93-6,O=C(C1=CC=C(C=C1)S(=O)(=O)O)C
84363-11-1,O=S(=O)(O)C1=CC=C(F)C(=C1)C
91903-24-1,O=S(=O)(O)C=1C=CC(=CC1)C2=CC=C(C=C2)C
27897-08-1,O=S(=O)(O)C1=CC(=C(N)C=C1C)C
39112-92-0,O=S(=O)(O)C1=CN=C(C=C1C)C
17624-04-3,O=S(=O)(O)C1=NC=C(C=C1)S(=O)(=O)O
232261-88-0,O=S(=O)(O)CCC(N)CS
41731-70-8,O=S(=O)(O)C=1SC(Br)=NC1
98-48-6,O=S(=O)(O)C1=CC=CC(=C1)S(=O)(=O)O
773785-62-9,[N-]=[N+]=NCCCS(=O)(=O)O
4389-41-7,O=S(=O)(O)C(O)C=1C=CC=CC1
144003-14-5,O=S(=O)(O)CN1CCNCC1
6387-15-1,O=S(=O)(O)C1=CC(=CC(N)=C1O)C
29181-96-2,O=S(=O)(O)C=1C=CC2=CC(=CC=C2C1)C
51307-73-4,O=C(OC)C1=CC=C(C=C1)S(=O)(=O)O
1154868-28-6,O=S(=O)(O)CC=1C(Cl)=CC=CC1Cl
40567-66-6,O=S(=O)(O)CCCN(C=1C=CC=CC1)C
51084-19-6,O=S(=O)(O)C=1C=CC2=CC=C(C=C2C1)C
13152-87-9,N#CC1=CC=C(C=C1)S(=O)(=O)O
502-02-3,O=S(=O)(O)C1=CC=C(N=NC2=CC=C(C=C2)N(C)C)C=C1
50437-50-8,O=S(=O)(O)CCCC=1C=CC=CC1
65222-42-6,O=S(=O)(O)CCNCC(O)CO
802873-37-6,O=C(N)C1=CC=C(C=C1)S(=O)(=O)O
53416-49-2,O=S(=O)(O)C1=CC(N)=C(OC)C=C1C
50613-53-1,O=C(NCCS(=O)(=O)O)CCCCCCCCC
41363-39-7,O=C(N)C=1C=CC=CC1S(=O)(=O)O
19813-86-6,O=S(=O)(O)C=1C=CC=CC1C=2C=CC=CC2
53992-33-9,O=N(=O)C1=CC=C(C=C1)CS(=O)(=O)O
59599-57-4,O=S(=O)(O)C1=CC=C(C=C1)CCCCCCCCCCCCC
47377-16-2,O=S(=O)(O)C1=CC=C(C=C1)CCCCCCCCCCCCCC
7089-63-6,O=S(=O)(O)C1=C(C=CC=2C=CC=CC21)NC
120279-86-9,O=C1C=2C=C(SC2SC(C)C1)S(=O)(=O)O
88551-85-3,O=S(=O)(O)C=1C=CC=C2N=C(C=CC21)C
1316066-02-0,O=S(=O)(O)C1=CC=C2C(=C1)NCC2(C)C
616-59-1,O=N(=O)C1=CC=C(O)C(=C1)S(=O)(=O)O
62607-64-1,O=S(=O)(O)CCCCC=1C=CC=CC1
1420850-40-3,O=S(=O)(O)CC=1C=CC=C(Cl)C1
46341-18-8,O=C(NC=1C=CC=CC1)CS(=O)(=O)O
1204-10-0,O=S(=O)(O)C1=CC(=CC=C1CBr)CBr
162109-20-8,O=S(=O)(O)C1=CC=C(Br)C=2C=CC=CC21
764629-58-5,N#CC=1C=CC=CC1CS(=O)(=O)O
1420987-54-7,O=S(=O)(O)CC=1C(F)=CC=CC1Cl
33263-46-6,O=N(=O)C=1C=CN=CC1S(=O)(=O)O
55447-98-8,O=C(OC)C1=CC=C(C(=O)OC)C(=C1)S(=O)(=O)O
84-50-4,O=C1C2=CC=C(C=C2C(=O)C3=CC=C(C=C13)S(=O)(=O)O)S(=O)(=O)O
134-54-3,O=S(=O)(O)C=1C=C(N)C=2C=CC=CC2C1
574758-47-7,O=S(=O)(O)C1=CC=CC=2C=NNC21
6357-94-4,O=S(=O)(O)C1=CC(O)=C2C=CC(O)=CC2=C1
287730-16-9,O=S(=O)(O)C1=NC=2C=C(Br)C=CC2N1
23646-86-8,O=S(=O)(O)C=1C=CC=C(C1)N2N=C(C=C2N)C
6272-21-5,O=C(NC1=CC=CC2=CC(=CC=C21)S(=O)(=O)O)C
16110-89-7,O=S(=O)(O)C1=CC=C(C=C1)NC=2N=C(Cl)N=C(Cl)N2
205985-49-5,O=S(=O)(O)C1=CN=C2C=CC=CC2=C1Cl
80202-32-0,O=C1N(C2=CC=C(C=C2)S(=O)(=O)O)CCC1
143982-77-8,O=C(C=1C=C(C(OC)=CC1O)S(=O)(=O)O)C=2C=C(C(OC)=CC2O)S(=O)(=O)O
51987-58-7,O=S(=O)(O)C=1C=C(N)C2=CC=C3C=4C(C=CC1C24)=C(C=C3S(=O)(=O)O)S(=O)(=O)O
92-28-4,O=S(=O)(O)C1=CC=C2C=C(N)C(=CC2=C1)S(=O)(=O)O
117-86-2,O=N(=O)C=1C=C2C(C=CC=C2S(=O)(=O)O)=C(C1)S(=O)(=O)O
6259-66-1,O=S(=O)(O)C1=CC2=CC(=C(O)C=C2C(=C1)S(=O)(=O)O)S(=O)(=O)O
55842-05-2,O=S(=O)(O)C1=CC=CN=C1NC=2C(Cl)=CC=CC2Cl
22713-46-8,O=S(=O)([O-])C1=CC=CC(=C1)S(=O)(=O)[O-]
41261-80-7,O=S(=O)(O)OCCS(=O)(=O)C1=CC=C(C(N)=C1)S(=O)(=O)O
171118-09-5,O=C(N(C=1C(=CC=CC1CC)C)C(C)COC)CS(=O)(=O)O
1899144-09-2,O=C(Cl)OCC1C=2C=C(C=CC2C3=CC=C(C=C31)S(=O)(=O)O)S(=O)(=O)O
92708-87-7,O=S(=O)(O)C1=CC=C(C=C1)N2N=C(C=3C=CC=CC3)CC2C=4C=CC=CC4
1146616-09-2,O=C1C(SC(=S)N1CCS(=O)(=O)O)=CC2=CC=C(O)C(OCC)=C2
19223-55-3,O=C(NCCC[N+](C)(C)CC(O)CS(=O)(=O)[O-])CCCCCCCCCCC
13301-33-2,O=N(=O)C1=CC=C(O)C(N=NC2=C(O)C3=C(N)C=C(C=C3C=C2S(=O)(=O)O)S(=O)(=O)O)=C1
497258-54-5,O=C1NC(=S)N(C=C1CNCCS(=O)(=O)O)C2OC(CO)C(O)C2O
2267354-06-1,O=S(=O)([O-])CCC[N+]=1C=2C=CC(OC)=CC2C(C1C=CC=3C=CC=CC3O)(C)C
16470-41-0,O=S(=O)([O-])CCC[N+]1=C(SC2=CC=C3C=CC=CC3=C21)C=C(OCC)CC
40104-07-2,O=S(=O)(O)CCl
23592-45-2,O=S(=O)(O)CNC
3934-16-5,O=S(=O)(O)CC(=C)C
51827-35-1,O=S(=O)(O)C(O)CC
36635-39-9,O=S(=O)(O)CC1CC1
6140-88-1,O=S(=O)(O)CCCCCCCCCCCCCCCC
945553-95-7,O=S(=O)(O)C(O)CN(C)C
73348-45-5,O=S(=O)(O)C=1SC(=CC1)C
51036-13-6,O=S(=O)(O)CCNCl
82971-11-7,O=S(=O)(O)C=1OC=CC1
88-62-0,O=S(=O)(O)C1=CC=C(C=C1N)C
6387-19-5,O=S(=O)(O)C=1C=CC=C(N)C1C
97242-35-8,O=S(=O)(O)C1=CC(=CC=C1F)C
686258-75-3,O=S(=O)(O)C=1C(F)=CC=CC1F
121-04-0,O=S(=O)(O)C1=CC=C(C(=C1)S(=O)(=O)O)C
7134-12-5,O=S(=O)(O)C1=CC=C(OC)C(OC)=C1
70259-86-8,O=S(=O)(O)C(F)(F)C(F)(F)C(F)(F)C(F)F
4232-99-9,O=S(=O)(O)C1=CC(Br)=C(O)C(Br)=C1
7134-13-6,O=S(=O)(O)C1=CC=C(OC)C=C1OC
63877-58-7,O=S(=O)(O)C1=CC=C(C=C1CC)CC
4496-92-8,O=C(C=1C=CC=CC1)CS(=O)(=O)O
4872-28-0,O=S(=O)(O)C(O)C=1C=CN=CC1
59337-96-1,O=C(OC)C=1SC=CC1S(=O)(=O)O
3479-10-5,O=S(=O)(O)C1=CC=C(Cl)C=C1N
93-13-0,O=S(=O)(O)CNC=1C=CC=CC1OC
78079-08-0,O=S(=O)(O)C1=CC=C(C=C1)C=2C=CC(Br)=CC2
25343-52-6,O=S(=O)(O)C(=N)NC=1C=CC=CC1
56022-49-2,O=C(OCCS(=O)(=O)O)CCCCCCCCCCC
68061-95-0,O=N(=O)C1=CC(N)=C(C=C1S(=O)(=O)O)C
179051-19-5,O=S(=O)(O)C1=CC=C(C=C1)C=2C=CC(Cl)=CC2
158753-81-2,O=S(=O)(O)C1=CC=C(F)C(Cl)=C1
2484-88-0,O=S(=O)(O)C1=CC=C(N=NC=2C=CC=CC2)C=C1
750513-88-3,O=S(=O)(O)CC1=CC=C(Cl)C=C1Cl
79840-57-6,O=S(=O)(O)C1=CC=C(C=C1)CCCCCCCCCCCCCCCCCC
47486-75-9,O=S(=O)(O)C1=CC(=CC2=C1C=C(C=C2S(=O)(=O)O)C(C)(C)C)C(C)(C)C
73631-58-0,O=S(=O)(O)C1=CC=C(C=C1)CCN
78846-76-1,O=N(=O)C1=CC=C(C(Cl)=C1)S(=O)(=O)O
73631-52-4,O=S(=O)(O)C=1C=CC=C(C1)CN
16722-51-3,O=S(=O)([O-])C1=CC=C(C=C1)C
67892-44-8,O=N(=O)C=1C=C(C(Cl)=CC1S(=O)(=O)O)CC
58261-80-6,O=C(Cl)C1=CC=CC(=C1)S(=O)(=O)O
811811-39-9,O=N(=O)C1=CC(Br)=CC=C1S(=O)(=O)O
126301-32-4,O=S(=O)(O)CC(N)CC=1C=CC=CC1
1149431-33-3,O=S(=O)(O)C1=CC=C(N=NC2=CC=C(N)C=C2)C=C1
85163-70-8,O=S(=O)(O)CCCOC=1C=CC=CC1
780010-15-3,N#CC=1C=CC(=CC1)C2=CC=C(C=C2)S(=O)(=O)O
6046-41-9,O=S(=O)(O)C1=CN=C2C=CC=CC2=C1
63970-02-5,O=S(=O)(O)C1=CC=CC=2C=CC=C(Br)C21
88246-85-9,O=S(=O)(O)C1=CC(N)=C(N)C=2C=CC=CC21
98487-89-9,O=S(=O)(O)C1=CC=C2NCCC2=C1
3198-32-1,O=S(=O)([O-])C=1C=CC=CC1
82-48-4,O=C1C2=CC=CC(=C2C(=O)C=3C1=CC=CC3S(=O)(=O)O)S(=O)(=O)O
17521-00-5,O=N(=O)C=1C=CC=C2C1C=CC=C2S(=O)(=O)O
3365-88-6,O=S(=O)(O)C=1C=C(C=CC1N)C=2C=CC=CC2
5690-17-5,O=C1C=CC=2C=C(C=CC2C1=O)S(=O)(=O)O
52962-42-2,O=S(=O)(O)CCCNC1=CC=C(O)C=C1
28096-93-7,O=S(=O)(O)C1=CC(N)=CC=C1C=CC2=CC=C(N)C=C2S(=O)(=O)O
117-56-6,O=S(=O)(O)C=1C=CC(O)=C2C1C=CC=C2S(=O)(=O)O
86964-20-7,O=S(=O)(O)C=1C=CC=CC1NC=2N=C(Cl)N=C(Cl)N2
138-28-3,O=S(=O)(O)C=1C=CC=C(N=NC2=CC=C(N)C(OC)=C2)C1
80459-17-2,O=NC1=CC=C(C=C1O)N(CC)CCCS(=O)(=O)O
16144-92-6,O=S(=O)(O)C=1C=CC=2C(=CC=C(C2N)S(=O)(=O)O)C1
6409-21-8,O=C(NC1=CC=C(C=2C=C(C=C(O)C12)S(=O)(=O)O)S(=O)(=O)O)C
6860-97-5,O=S(=O)(O)C=1C=C(O)C=2C(C1)=CC(=CC2NS(=O)(=O)C3=CC=C(C=C3)C)S(=O)(=O)O
2007-20-7,O=S(=O)(O)C1=CC=C2C(=C1)C=C(C(O)=C2N)S(=O)(=O)O
133804-52-1,O=S(=O)(O)C1=CC(=CC=C1N2CCNCCC2)CCC
29452-72-0,O=C(NC1=CC=C(C(N)=C1)S(=O)(=O)O)C=2C=CC=CC2
768354-41-2,O=C(OCC=1C=CC=CC1)NCCCCS(=O)(=O)O
15958-19-7,O=S(=O)(O)C1=CC(Cl)=C(C=C1N=NC2=C(O)C=CC=3C=CC=CC32)C
16623-47-5,O=S(=O)(O)C1=CC(O)=C(N=NC2=CC=C(O)C=C2O)C=3C=CC=CC31
2786-71-2,O=C1C=2C=CC=CC2C(=O)C3=C(C=C(C(N)=C13)S(=O)(=O)O)NC=4C=CC=CC4
26592-28-9,O=S(=O)(O)C1=CC=C(C=C1N)NC=2N=C(F)N=C(F)C2Cl
55425-51-9,O=S(=O)([O-])CCC[N+]1=C(SC=2C=CC=CC21)SCCCS(=O)(=O)O
663599-07-3,O=C(ON1C(=O)CC(C1=O)S(=O)(=O)O)CCCSSC2=NC=C(C=C2)C(=O)N(C)C
71806-08-1,O=S(=O)([O-])CCC[N+]1=C(OC2=CC=C3C=CC=CC3=C21)C
69536-68-1,O=S(=O)(O)CCSCC
60586-80-3,O=S(=O)(O)CCCCCCC
31169-63-8,O=S(=O)(O)CCCCCCCCCCCCCCC
49594-30-1,O=S(=O)(O)CCCS
749255-18-3,O=S(=O)(O)C=1C=CNC1
1118-52-1,O=S(=O)(O)CCCNC(C)(C)C
137048-30-7,O=S(=O)(O)C1=NC=CN1C
16421-58-2,O=S(=O)(O)CC(N)CO
201480-26-4,O=S(=O)(O)C=1SC(=NC1C)N
60634-74-4,O=S(=O)(O)C1=CN=CN1
872273-27-3,O=S(=O)(O)C=1C(Br)=CN=CC1Br
15592-74-2,O=S(=O)(O)C1=CC=C(C=C1)CCC
71794-43-9,O=S(=O)(O)C=1C=CC=C(C1)NC
50619-00-6,O=S(=O)(O)C=1C=C(N)C=C(C1C)C
7582-21-0,O=C(OCCCS(=O)(=O)O)C(=C)C
6472-58-8,O=S(=O)(O)C1=CC=C(N)C(OC)=C1
1070174-95-6,O=C(OC(C)(C)C)NCCS(=O)(=O)O
68487-68-3,O=S(=O)(O)C1=CC=CC=2C1=CC=CC2C
256439-82-4,O=S(=O)(O)C1=CC=C(C=C1)C=2C=CC(OC)=CC2
5807-21-6,O=C1C=C(NC(=O)N1)S(=O)(=O)O
52106-01-1,O=S(=O)(O)C1=CC=C(Cl)C(Cl)=C1Cl
18521-59-0,O=S(=O)(O)C1=CC=C(C=C1)CCCC
5857-96-5,O=S(=O)(O)C1=CC(N)=C(O)C(N)=C1
81010-88-0,O=S(=O)(O)C1=CC(O)=CC(=C1O)S(=O)(=O)O
764638-11-1,O=S(=O)(O)C1=CC=C(C#C)C=C1
20804-28-8,O=S(=O)(O)C1=CC(F)=C(N)C(F)=C1
57277-26-6,O=S(=O)(O)C1=CC(=CC=C1C)C=2C=CC(=C(C2)S(=O)(=O)O)C
20241-57-0,O=S(=O)(O)C1=CC=C(OC=2C=CC=CC2)C=C1
40738-12-3,O=C(NCCS(=O)(=O)O)CCCCCCCCCCC
96-92-4,O=N(=O)C1=CC(=CC(=C1Cl)C)S(=O)(=O)O
