cas,smiles,canonical_smiles
64-19-7,O=C(O)C,CC(=O)O
76-05-1,O=C(O)C(F)(F)F,O=C(O)C(F)(F)F
56-40-6,O=C(O)CN,NCC(=O)O
72-19-5,O=C(O)C(N)C(O)C,CC(O)C(N)C(=O)O
65-85-0,O=C(O)C=1C=CC=CC1,O=C(O)c1ccccc1
56-41-7,O=C(O)C(N)C,CC(N)C(=O)O
144-62-7,O=C(O)C(=O)O,O=C(O)C(=O)O
76-03-9,O=C(O)C(Cl)(Cl)Cl,O=C(O)C(Cl)(Cl)Cl
110-15-6,O=C(O)CCC(=O)O,O=C(O)CCC(=O)O
77-92-9,O=C(O)CC(O)(C(=O)O)CC(=O)O,O=C(O)CC(O)(CC(=O)O)C(=O)O
59-67-6,O=C(O)C=1C=NC=CC1,O=C(O)c1cccnc1
69-72-7,O=C(O)C=1C=CC=CC1O,O=C(O)c1ccccc1O
60-33-3,O=C(O)CCCCCCCC=CCC=CCCCCC,CCCCCC=CCC=CCCCCCCCC(=O)O
87-69-4,O=C(O)C(O)C(O)C(=O)O,O=C(O)C(O)C(O)C(=O)O
6915-15-7,O=C(O)CC(O)C(=O)O,O=C(O)CC(O)C(=O)O
56-12-2,O=C(O)CCCN,NCCCC(=O)O
79-14-1,O=C(O)CO,O=C(O)CO
60-00-4,O=C(O)CN(CC(=O)O)CCN(CC(=O)O)CC(=O)O,O=C(O)CN(CCN(CC(=O)O)CC(=O)O)CC(=O)O
60-32-2,O=C(O)CCCCCN,NCCCCCC(=O)O
99-96-7,O=C(O)C1=CC=C(O)C=C1,O=C(O)c1ccc(O)cc1
150-13-0,O=C(O)C1=CC=C(N)C=C1,Nc1ccc(C(=O)O)cc1
99-50-3,O=C(O)C1=CC=C(O)C(O)=C1,O=C(O)c1ccc(O)c(O)c1
1621-91-6,O=C(O)C1=NNC=C1,O=C(O)c1cc[nH]n1
107-95-9,O=C(O)CCN,NCCC(=O)O
331-39-5,O=C(O)C=CC1=CC=C(O)C(O)=C1,O=C(O)C=Cc1ccc(O)c(O)c1
97-67-6,O=C(O)CC(O)C(=O)O,O=C(O)CC(O)C(=O)O
50-78-2,O=C(O)C=1C=CC=CC1OC(=O)C,CC(=O)Oc1ccccc1C(=O)O
556-50-3,O=C(O)CNC(=O)CN,NCC(=O)NCC(=O)O
123-99-9,O=C(O)CCCCCCCC(=O)O,O=C(O)CCCCCCCC(=O)O
490-79-9,O=C(O)C1=CC(O)=CC=C1O,O=C(O)c1cc(O)ccc1O
90-64-2,O=C(O)C(O)C=1C=CC=CC1,O=C(O)C(O)c1ccccc1
89-00-9,O=C(O)C1=NC=CC=C1C(=O)O,O=C(O)c1cccnc1C(=O)O
55-22-1,O=C(O)C=1C=CN=CC1,O=C(O)c1ccncc1
124-04-9,O=C(O)CCCCC(=O)O,O=C(O)CCCCC(=O)O
338-69-2,O=C(O)C(N)C,CC(N)C(=O)O
874-24-8,O=C(O)C1=NC=CC=C1O,O=C(O)c1ncccc1O
107-97-1,O=C(O)CNC,CNCC(=O)O
149-91-7,O=C(O)C1=CC(O)=C(O)C(O)=C1,O=C(O)c1cc(O)c(O)c(O)c1
634-97-9,O=C(O)C1=CC=CN1,O=C(O)c1ccc[nH]1
121-34-6,O=C(O)C1=CC=C(O)C(OC)=C1,COc1cc(C(=O)O)ccc1O
611-71-2,O=C(O)C(O)C=1C=CC=CC1,O=C(O)C(O)c1ccccc1
100-09-4,O=C(O)C1=CC=C(OC)C=C1,COc1ccc(C(=O)O)cc1
99-10-5,O=C(O)C=1C=C(O)C=C(O)C1,O=C(O)c1cc(O)cc(O)c1
303-38-8,O=C(O)C=1C=CC=C(O)C1O,O=C(O)c1cccc(O)c1O
23945-44-0,O=C(O)C1=CNC(=O)NC1=O,O=C(O)c1c[nH]c(=O)[nH]c1=O
98-98-6,O=C(O)C1=NC=CC=C1,O=C(O)c1ccccn1
86-87-3,O=C(O)CC1=CC=CC=2C=CC=CC21,O=C(O)Cc1cccc2ccccc12
6089-09-4,O=C(O)CCC#C,C#CCCC(=O)O
24065-33-6,O=C(O)C=1SC(Cl)=CC1,O=C(O)c1ccc(Cl)s1
530-57-4,O=C(O)C1=CC(OC)=C(O)C(OC)=C1,COc1cc(C(=O)O)cc(OC)c1O
619-66-9,O=CC1=CC=C(C=C1)C(=O)O,O=Cc1ccc(C(=O)O)cc1
579-75-9,O=C(O)C=1C=CC=CC1OC,COc1ccccc1C(=O)O
150-25-4,O=C(O)CN(CCO)CCO,O=C(O)CN(CCO)CCO
93-07-2,O=C(O)C1=CC=C(OC)C(OC)=C1,COc1ccc(C(=O)O)cc1OC
93-10-7,O=C(O)C=1N=C2C=CC=CC2=CC1,O=C(O)c1ccc2ccccc2n1
99-94-5,O=C(O)C1=CC=C(C=C1)C,Cc1ccc(C(=O)O)cc1
74-11-3,O=C(O)C1=CC=C(Cl)C=C1,O=C(O)c1ccc(Cl)cc1
62-23-7,O=C(O)C1=CC=C(C=C1)N(=O)=O,O=C(O)c1ccc([N+](=O)[O-])cc1
62-57-7,O=C(O)C(N)(C)C,CC(C)(N)C(=O)O
586-76-5,O=C(O)C1=CC=C(Br)C=C1,O=C(O)c1ccc(Br)cc1
104-01-8,O=C(O)CC1=CC=C(OC)C=C1,COc1ccc(CC(=O)O)cc1
501-52-0,O=C(O)CCC=1C=CC=CC1,O=C(O)CCc1ccccc1
50-84-0,O=C(O)C1=CC=C(Cl)C=C1Cl,O=C(O)c1ccc(Cl)cc1Cl
581-96-4,O=C(O)CC=1C=CC=2C=CC=CC2C1,O=C(O)Cc1ccc2ccccc2c1
111-16-0,O=C(O)CCCCCC(=O)O,O=C(O)CCCCCC(=O)O
771-50-6,O=C(O)C1=CNC=2C=CC=CC21,O=C(O)c1c[nH]c2ccccc12
879-65-2,O=C(O)C1=NC2=CC=CC=C2N=C1,O=C(O)c1cnc2ccccc2n1
594-61-6,O=C(O)C(O)(C)C,CC(C)(O)C(=O)O
1492-24-6,O=C(O)C(N)CC,CCC(N)C(=O)O
118-91-2,O=C(O)C=1C=CC=CC1Cl,O=C(O)c1ccccc1Cl
306-08-1,O=C(O)CC1=CC=C(O)C(OC)=C1,COc1cc(CC(=O)O)ccc1O
123-76-2,O=C(O)CCC(=O)C,CC(=O)CCC(=O)O
516-05-2,O=C(O)C(C(=O)O)C,CC(C(=O)O)C(=O)O
586-89-0,O=C(O)C1=CC=C(C=C1)C(=O)C,CC(=O)c1ccc(C(=O)O)cc1
118-41-2,O=C(O)C1=CC(OC)=C(OC)C(OC)=C1,COc1cc(C(=O)O)cc(OC)c1OC
89-86-1,O=C(O)C1=CC=C(O)C=C1O,O=C(O)c1ccc(O)cc1O
65-49-6,O=C(O)C1=CC=C(N)C=C1O,Nc1ccc(C(=O)O)c(O)c1
7254-19-5,O=C(O)C1=CC=2C=C(Br)C=CC2N1,O=C(O)c1cc2cc(Br)ccc2[nH]1
556-33-2,O=C(O)CNC(=O)CNC(=O)CN,NCC(=O)NCC(=O)NCC(=O)O
10349-57-2,O=C(O)C1=CC=C2N=CC=CC2=C1,O=C(O)c1ccc2ncccc2c1
302-72-7,O=C(O)C(N)C,CC(N)C(=O)O
1118-68-9,O=C(O)CN(C)C,CN(C)CC(=O)O
617-62-9,O=C(O)CCC(C(=O)O)C,CC(CCC(=O)O)C(=O)O
636-61-3,O=C(O)CC(O)C(=O)O,O=C(O)CC(O)C(=O)O
632-20-2,O=C(O)C(N)C(O)C,CC(O)C(N)C(=O)O
110-94-1,O=C(O)CCCC(=O)O,O=C(O)CCCC(=O)O
98-89-5,O=C(O)C1CCCCC1,O=C(O)C1CCCCC1
88-14-2,O=C(O)C=1OC=CC1,O=C(O)c1ccco1
499-83-2,O=C(O)C=1N=C(C=CC1)C(=O)O,O=C(O)c1cccc(C(=O)O)n1
99-05-8,O=C(O)C=1C=CC=C(N)C1,Nc1cccc(C(=O)O)c1
93-09-4,O=C(O)C=1C=CC=2C=CC=CC2C1,O=C(O)c1ccc2ccccc2c1
552-16-9,O=C(O)C=1C=CC=CC1N(=O)=O,O=C(O)c1ccccc1[N+](=O)[O-]
446-08-2,O=C(O)C1=CC(F)=CC=C1N,Nc1ccc(F)cc1C(=O)O
127-17-3,O=C(O)C(=O)C,CC(=O)C(=O)O
541-48-0,O=C(O)CC(N)C,CC(N)CC(=O)O
456-22-4,O=C(O)C1=CC=C(F)C=C1,O=C(O)c1ccc(F)cc1
56-69-9,O=C(O)C(N)CC1=CNC=2C=CC(O)=CC21,NC(Cc1c[nH]c2ccc(O)cc12)C(=O)O
97-61-0,O=C(O)C(C)CCC,CCCC(C)C(=O)O
492-37-5,O=C(O)C(C=1C=CC=CC1)C,CC(C(=O)O)c1ccccc1
2612-02-4,O=C(O)C1=CC(OC)=CC=C1O,COc1ccc(O)c(C(=O)O)c1
99-06-9,O=C(O)C=1C=CC=C(O)C1,O=C(O)c1cccc(O)c1
4350-09-8,O=C(O)C(N)CC1=CNC=2C=CC(O)=CC21,NC(Cc1c[nH]c2ccc(O)cc12)C(=O)O
116-53-0,O=C(O)C(C)CC,CCC(C)C(=O)O
577-56-0,O=C(O)C=1C=CC=CC1C(=O)C,CC(=O)c1ccccc1C(=O)O
619-04-5,O=C(O)C1=CC=C(C(=C1)C)C,Cc1ccc(C(=O)O)cc1C
97-65-4,O=C(O)C(=C)CC(=O)O,C=C(CC(=O)O)C(=O)O
536-66-3,O=C(O)C1=CC=C(C=C1)C(C)C,CC(C)c1ccc(C(=O)O)cc1
83-40-9,O=C(O)C1=CC=CC(=C1O)C,Cc1cccc(C(=O)O)c1O
1466-76-8,O=C(O)C=1C(OC)=CC=CC1OC,COc1cccc(OC)c1C(=O)O
17199-29-0,O=C(O)C(O)C=1C=CC=CC1,O=C(O)C(O)c1ccccc1
1878-66-6,O=C(O)CC1=CC=C(Cl)C=C1,O=C(O)Cc1ccc(Cl)cc1
635-21-2,O=C(O)C1=CC(Cl)=CC=C1N,Nc1ccc(Cl)cc1C(=O)O
20776-50-5,O=C(O)C1=CC=C(Br)C=C1N,Nc1cc(Br)ccc1C(=O)O
104-03-0,O=C(O)CC1=CC=C(C=C1)N(=O)=O,O=C(O)Cc1ccc([N+](=O)[O-])cc1
96-97-9,O=C(O)C1=CC(=CC=C1O)N(=O)=O,O=C(O)c1cc([N+](=O)[O-])ccc1O
527-72-0,O=C(O)C=1SC=CC1,O=C(O)c1cccs1
34592-47-7,O=C(O)C1NCSC1,O=C(O)C1CSCN1
16694-18-1,O=C(O)C=1SC=C(Br)C1,O=C(O)c1cc(Br)cs1
94-53-1,O=C(O)C1=CC=C2OCOC2=C1,O=C(O)c1ccc2c(c1)OCO2
94-75-7,O=C(O)COC1=CC=C(Cl)C=C1Cl,O=C(O)COc1ccc(Cl)cc1Cl
79-09-4,O=C(O)CC,CCC(=O)O
4839-46-7,O=C(O)CC(C)(C)CC(=O)O,CC(C)(CC(=O)O)CC(=O)O
111-20-6,O=C(O)CCCCCCCCC(=O)O,O=C(O)CCCCCCCCC(=O)O
50-30-6,O=C(O)C=1C(Cl)=CC=CC1Cl,O=C(O)c1c(Cl)cccc1Cl
535-80-8,O=C(O)C=1C=CC=C(Cl)C1,O=C(O)c1cccc(Cl)c1
89-77-0,O=C(O)C1=CC=C(Cl)C=C1N,Nc1cc(Cl)ccc1C(=O)O
394-31-0,O=C(O)C1=CC(O)=CC=C1N,Nc1ccc(O)cc1C(=O)O
91-40-7,O=C(O)C=1C=CC=CC1NC=2C=CC=CC2,O=C(O)c1ccccc1Nc1ccccc1
2835-81-6,O=C(O)C(N)CC,CCC(N)C(=O)O
1132-21-4,O=C(O)C=1C=C(OC)C=C(OC)C1,COc1cc(OC)cc(C(=O)O)c1
934-60-1,O=C(O)C=1N=C(C=CC1)C,Cc1cccc(C(=O)O)n1
2941-78-8,O=C(O)C1=CC(=CC=C1N)C,Cc1ccc(N)c(C(=O)O)c1
7311-63-9,O=C(O)C=1SC(Br)=CC1,O=C(O)c1ccc(Br)s1
65-86-1,O=C1C=C(NC(=O)N1)C(=O)O,O=C(O)c1cc(=O)[nH]c(=O)[nH]1
122-59-8,O=C(O)COC=1C=CC=CC1,O=C(O)COc1ccccc1
585-76-2,O=C(O)C=1C=CC=C(Br)C1,O=C(O)c1cccc(Br)c1
92-70-6,O=C(O)C1=CC=2C=CC=CC2C=C1O,O=C(O)c1cc2ccccc2cc1O
79-43-6,O=C(O)C(Cl)Cl,O=C(O)C(Cl)Cl
328-42-7,O=C(O)C(=O)CC(=O)O,O=C(O)CC(=O)C(=O)O
444-27-9,O=C(O)C1NCSC1,O=C(O)C1CSCN1
1918-77-0,O=C(O)CC=1SC=CC1,O=C(O)Cc1cccs1
4294-95-5,O=C(O)C1=CC=C(OC)C=C1N,COc1ccc(C(=O)O)c(N)c1
77-95-2,O=C(O)C1(O)CC(O)C(O)C(O)C1,O=C(O)C1(O)CC(O)C(O)C(O)C1
1521-38-6,O=C(O)C=1C=CC=C(OC)C1OC,COc1cccc(C(=O)O)c1OC
321-14-2,O=C(O)C1=CC(Cl)=CC=C1O,O=C(O)c1cc(Cl)ccc1O
446-32-2,O=C(O)C1=CC=C(F)C=C1N,Nc1cc(F)ccc1C(=O)O
490-11-9,O=C(O)C=1C=NC=CC1C(=O)O,O=C(O)c1ccncc1C(=O)O
121-92-6,O=C(O)C1=CC=CC(=C1)N(=O)=O,O=C(O)c1cccc([N+](=O)[O-])c1
147-71-7,O=C(O)C(O)C(O)C(=O)O,O=C(O)C(O)C(O)C(=O)O
123-93-3,O=C(O)CSCC(=O)O,O=C(O)CSCC(=O)O
505-48-6,O=C(O)CCCCCCC(=O)O,O=C(O)CCCCCCC(=O)O
660-88-8,O=C(O)CCCCN,NCCCCC(=O)O
2305-36-4,O=C(O)C1=CC=C(C=C1N)C,Cc1ccc(C(=O)O)c(N)c1
499-81-0,O=C(O)C1=CN=CC(=C1)C(=O)O,O=C(O)c1cncc(C(=O)O)c1
645-08-9,O=C(O)C1=CC=C(OC)C(O)=C1,COc1ccc(C(=O)O)cc1O
637-44-5,O=C(O)C#CC=1C=CC=CC1,O=C(O)C#Cc1ccccc1
614-19-7,O=C(O)CC(N)C=1C=CC=CC1,NC(CC(=O)O)c1ccccc1
138-41-0,O=C(O)C1=CC=C(C=C1)S(=O)(=O)N,NS(=O)(=O)c1ccc(C(=O)O)cc1
2019-34-3,O=C(O)CCC1=CC=C(Cl)C=C1,O=C(O)CCc1ccc(Cl)cc1
609-99-4,O=C(O)C=1C=C(C=C(C1O)N(=O)=O)N(=O)=O,O=C(O)c1cc([N+](=O)[O-])cc([N+](=O)[O-])c1O
600-18-0,O=C(O)C(=O)CC,CCC(=O)C(=O)O
28954-12-3,O=C(O)C(N)C(O)C,CC(O)C(N)C(=O)O
121-91-5,O=C(O)C1=CC=CC(=C1)C(=O)O,O=C(O)c1cccc(C(=O)O)c1
3235-69-6,O=C(O)CN1CCOCC1,O=C(O)CN1CCOCC1
103-01-5,O=C(O)CNC=1C=CC=CC1,O=C(O)CNc1ccccc1
455-38-9,O=C(O)C=1C=CC=C(F)C1,O=C(O)c1cccc(F)c1
1877-73-2,O=C(O)CC=1C=CC=C(C1)N(=O)=O,O=C(O)Cc1cccc([N+](=O)[O-])c1
590-93-2,O=C(O)C#CC,CC#CC(=O)O
105-43-1,O=C(O)CC(C)CC,CCC(C)CC(=O)O
118-90-1,O=C(O)C=1C=CC=CC1C,Cc1ccccc1C(=O)O
622-47-9,O=C(O)CC1=CC=C(C=C1)C,Cc1ccc(CC(=O)O)cc1
98-73-7,O=C(O)C1=CC=C(C=C1)C(C)(C)C,CC(C)(C)c1ccc(C(=O)O)cc1
1929-29-9,O=C(O)CCC1=CC=C(OC)C=C1,COc1ccc(CCC(=O)O)cc1
5794-88-7,O=C(O)C1=CC(Br)=CC=C1N,Nc1ccc(Br)cc1C(=O)O
492-86-4,O=C(O)C(O)C1=CC=C(Cl)C=C1,O=C(O)C(O)c1ccc(Cl)cc1
122-88-3,O=C(O)COC1=CC=C(Cl)C=C1,O=C(O)COc1ccc(Cl)cc1
541-47-9,O=C(O)C=C(C)C,CC(C)=CC(=O)O
304-55-2,O=C(O)C(S)C(S)C(=O)O,O=C(O)C(S)C(S)C(=O)O
586-38-9,O=C(O)C=1C=CC=C(OC)C1,COc1cccc(C(=O)O)c1
6705-03-9,O=C(O)C1=CC(OC)=CC=C1N,COc1ccc(N)c(C(=O)O)c1
4442-54-0,O=C(O)C1=CC=C2OCCOC2=C1,O=C(O)c1ccc2c(c1)OCCO2
625-45-6,O=C(O)COC,COCC(=O)O
2623-91-8,O=C(O)C(N)CC,CCC(N)C(=O)O
2345-34-8,O=C(O)C1=CC=C(OC(=O)C)C=C1,CC(=O)Oc1ccc(C(=O)O)cc1
53293-00-8,O=C(O)CCCC#C,C#CCCCC(=O)O
303-07-1,O=C(O)C=1C(O)=CC=CC1O,O=C(O)c1c(O)cccc1O
86-55-5,O=C(O)C1=CC=CC=2C=CC=CC21,O=C(O)c1cccc2ccccc12
85-38-1,O=C(O)C1=CC=CC(=C1O)N(=O)=O,O=C(O)c1cccc([N+](=O)[O-])c1O
142-62-1,O=C(O)CCCCC,CCCCCC(=O)O
111-14-8,O=C(O)CCCCCC,CCCCCCC(=O)O
711-02-4,O=C(O)C12CCC(C(=O)O)(CC1)CC2,O=C(O)C12CCC(C(=O)O)(CC1)CC2
619-84-1,O=C(O)C1=CC=C(C=C1)N(C)C,CN(C)c1ccc(C(=O)O)cc1
602-94-8,O=C(O)C=1C(F)=C(F)C(F)=C(F)C1F,O=C(O)c1c(F)c(F)c(F)c(F)c1F
405-50-5,O=C(O)CC1=CC=C(F)C=C1,O=C(O)Cc1ccc(F)cc1
109-52-4,O=C(O)CCCC,CCCCC(=O)O
1918-79-2,O=C(O)C=1SC(=CC1)C,Cc1ccc(C(=O)O)s1
480-63-7,O=C(O)C=1C(=CC(=CC1C)C)C,Cc1cc(C)c(C(=O)O)c(C)c1
874-61-3,O=C(O)C1CCC(=O)CC1,O=C1CCC(C(=O)O)CC1
500-05-0,O=C1OC=C(C=C1)C(=O)O,O=C(O)c1ccc(=O)oc1
6317-37-9,O=C(O)C=1SC(=CC1)N(=O)=O,O=C(O)c1ccc([N+](=O)[O-])s1
619-21-6,O=CC1=CC=CC(=C1)C(=O)O,O=Cc1cccc(C(=O)O)c1
331-25-9,O=C(O)CC=1C=CC=C(F)C1,O=C(O)Cc1cccc(F)c1
619-17-0,O=C(O)C1=CC=C(C=C1N)N(=O)=O,Nc1cc([N+](=O)[O-])ccc1C(=O)O
75-98-9,O=C(O)C(C)(C)C,CC(C)(C)C(=O)O
68-11-1,O=C(O)CS,O=C(O)CS
107-92-6,O=C(O)CCC,CCCC(=O)O
24830-94-2,O=C(O)C(N)C(O)C,CC(O)C(N)C(=O)O
499-06-9,O=C(O)C=1C=C(C=C(C1)C)C,Cc1cc(C)cc(C(=O)O)c1
632-46-2,O=C(O)C=1C(=CC=CC1C)C,Cc1cccc(C)c1C(=O)O
610-72-0,O=C(O)C1=CC(=CC=C1C)C,Cc1ccc(C)c(C(=O)O)c1
99-64-9,O=C(O)C1=CC=CC(=C1)N(C)C,CN(C)c1cccc(C(=O)O)c1
4767-03-7,O=C(O)C(C)(CO)CO,CC(CO)(CO)C(=O)O
498-21-5,O=C(O)CC(C(=O)O)C,CC(CC(=O)O)C(=O)O
142-73-4,O=C(O)CNCC(=O)O,O=C(O)CNCC(=O)O
50-85-1,O=C(O)C1=CC=C(C=C1O)C,Cc1ccc(C(=O)O)c(O)c1
86-59-9,O=C(O)C1=CC=CC2=CC=CN=C21,O=C(O)c1cccc2cccnc12
16642-79-8,O=C(O)CCC1=CC=C(C=C1)N(=O)=O,O=C(O)CCc1ccc([N+](=O)[O-])cc1
133-37-9,O=C(O)C(O)C(O)C(=O)O,O=C(O)C(O)C(O)C(=O)O
7782-24-3,O=C(O)C(C=1C=CC=CC1)C,CC(C(=O)O)c1ccccc1
611-01-8,O=C(O)C1=CC=C(C=C1C)C,Cc1ccc(C(=O)O)c(C)c1
603-79-2,O=C(O)C1=CC=CC(=C1C)C,Cc1cccc(C(=O)O)c1C
91-52-1,O=C(O)C1=CC=C(OC)C=C1OC,COc1ccc(C(=O)O)c(OC)c1
499-80-9,O=C(O)C1=NC=CC(=C1)C(=O)O,O=C(O)c1ccnc(C(=O)O)c1
619-19-2,O=C(O)C1=CC=C(C=C1O)N(=O)=O,O=C(O)c1ccc([N+](=O)[O-])cc1O
79-08-3,O=C(O)CBr,O=C(O)CBr
141-82-2,O=C(O)CC(=O)O,O=C(O)CC(=O)O
601-75-2,O=C(O)C(C(=O)O)CC,CCC(C(=O)O)C(=O)O
80-68-2,O=C(O)C(N)C(O)C,CC(O)C(N)C(=O)O
565-71-9,O=C(O)C(O)CN,NCC(O)C(=O)O
70-49-5,O=C(O)CC(S)C(=O)O,O=C(O)CC(S)C(=O)O
567-61-3,O=C(O)C=1C(O)=CC=CC1C,Cc1cccc(O)c1C(=O)O
2237-36-7,O=C(O)C1=CC=C(OC)C=C1O,COc1ccc(C(=O)O)c(O)c1
1878-65-5,O=C(O)CC=1C=CC=C(Cl)C1,O=C(O)Cc1cccc(Cl)c1
52950-18-2,O=C(O)C(O)C=1C=CC=CC1Cl,O=C(O)C(O)c1ccccc1Cl
16650-55-8,O=C(O)C1=CC=C(Br)C=2C=CC=CC12,O=C(O)c1ccc(Br)c2ccccc12
381-73-7,O=C(O)C(F)F,O=C(O)C(F)F
20485-43-2,O=C(O)C1=NC=CN1C,Cn1ccnc1C(=O)O
6940-50-7,O=C(O)C(O)C1=CC=C(Br)C=C1,O=C(O)C(O)c1ccc(Br)cc1
2510-32-9,O=C(O)C=1OC=NC1C,Cc1ncoc1C(=O)O
99-04-7,O=C(O)C1=CC=CC(=C1)C,Cc1cccc(C(=O)O)c1
50-79-3,O=C(O)C1=CC(Cl)=CC=C1Cl,O=C(O)c1cc(Cl)ccc1Cl
40856-44-8,O=C(O)CC(N)C=1C=CC=CC1,NC(CC(=O)O)c1ccccc1
3128-06-1,O=C(O)CCCC(=O)C,CC(=O)CCCC(=O)O
107-96-0,O=C(O)CCS,O=C(O)CCS
2345-51-9,O=C(O)CC#C,C#CCC(=O)O
1505-50-6,O=C(O)CCC1=CC=C(C=C1)C,Cc1ccc(CCC(=O)O)cc1
10128-71-9,O=C(O)C=1C=CN=CC1O,O=C(O)c1ccncc1O
7170-38-9,O=C(O)CCOC=1C=CC=CC1,O=C(O)CCOc1ccccc1
618-84-8,O=C(O)C1=CC(N)=CC(=C1)N(=O)=O,Nc1cc(C(=O)O)cc([N+](=O)[O-])c1
85-52-9,O=C(O)C=1C=CC=CC1C(=O)C=2C=CC=CC2,O=C(O)c1ccccc1C(=O)c1ccccc1
79-31-2,O=C(O)C(C)C,CC(C)C(=O)O
79-11-8,O=C(O)CCl,O=C(O)CCl
586-42-5,O=C(O)C1=CC=CC(=C1)C(=O)C,CC(=O)c1cccc(C(=O)O)c1
7170-36-7,O=C(O)C=1N=C(C=CC1)C(=O)OC,COC(=O)c1cccc(C(=O)O)n1
3937-96-0,O=C(O)CS(=O)(=O)C1=CC=C(C=C1)C,Cc1ccc(S(=O)(=O)CC(=O)O)cc1
103-04-8,O=C(O)CSC=1C=CC=CC1,O=C(O)CSc1ccccc1
94-74-6,O=C(O)COC1=CC=C(Cl)C=C1C,Cc1cc(Cl)ccc1OCC(=O)O
3147-55-5,O=C(O)C=1C=C(Br)C=C(Br)C1O,O=C(O)c1cc(Br)cc(Br)c1O
1643-26-1,O=C(O)CCC=1C=CC=CC1F,O=C(O)CCc1ccccc1F
626-51-7,O=C(O)CC(C)CC(=O)O,CC(CC(=O)O)CC(=O)O
13041-62-8,O=C(O)C1=CC=C(OC)C=2C=CC=CC12,COc1ccc(C(=O)O)c2ccccc12
6925-00-4,O=C(O)C1=CC=C2N=CC=NC2=C1,O=C(O)c1ccc2nccnc2c1
10421-85-9,O=C(O)C(O)C=1C=CC=CC1Cl,O=C(O)C(O)c1ccccc1Cl
111-17-1,O=C(O)CCSCCC(=O)O,O=C(O)CCSCCC(=O)O
51-44-5,O=C(O)C1=CC=C(Cl)C(Cl)=C1,O=C(O)c1ccc(Cl)c(Cl)c1
89-55-4,O=C(O)C1=CC(Br)=CC=C1O,O=C(O)c1cc(Br)ccc1O
588-32-9,O=C(O)COC=1C=CC=C(Cl)C1,O=C(O)COc1cccc(Cl)c1
16730-20-4,O=C(O)C1=CC=2C=C(C=CC2N1)N(=O)=O,O=C(O)c1cc2cc([N+](=O)[O-])ccc2[nH]1
298-12-4,O=CC(=O)O,O=CC(=O)O
595-37-9,O=C(O)C(C)(C)CC,CCC(C)(C)C(=O)O
627-03-2,O=C(O)COCC,CCOCC(=O)O
119-68-6,O=C(O)C=1C=CC=CC1NC,CNc1ccccc1C(=O)O
138-60-3,O=C1C=C(NC(=C1)C(=O)O)C(=O)O,O=C(O)c1cc(=O)cc(C(=O)O)[nH]1
487-54-7,O=C(O)CNC(=O)C=1C=CC=CC1O,O=C(O)CNC(=O)c1ccccc1O
595-46-0,O=C(O)C(C(=O)O)(C)C,CC(C)(C(=O)O)C(=O)O
7782-26-5,O=C(O)C(C=1C=CC=CC1)C,CC(C(=O)O)c1ccccc1
610-16-2,O=C(O)C=1C=CC=CC1N(C)C,CN(C)c1ccccc1C(=O)O
1666-28-0,O=C(O)C1=CC=C(Br)C=C1O,O=C(O)c1ccc(Br)cc1O
573-03-5,O=C(O)C1=CC=C(F)C=2C=CC=CC12,O=C(O)c1ccc(F)c2ccccc12
1664-57-9,O=C(O)CCC=1C=CC=C(C1)N(=O)=O,O=C(O)CCc1cccc([N+](=O)[O-])c1
372-09-8,N#CCC(=O)O,N#CCC(=O)O
4593-90-2,O=C(O)CC(C=1C=CC=CC1)C,CC(CC(=O)O)c1ccccc1
30964-00-2,O=C(O)CCCCC#C,C#CCCCCC(=O)O
616-75-1,O=C(O)C(C(=O)O)CC=1C=CC=CC1,O=C(O)C(Cc1ccccc1)C(=O)O
52950-19-3,O=C(O)C(O)C=1C=CC=CC1Cl,O=C(O)C(O)c1ccccc1Cl
3775-73-3,O=C(O)CC(N)C,CC(N)CC(=O)O
22287-28-1,O=C(O)C12CC(C1)C2,O=C(O)C12CC(C1)C2
89-56-5,O=C(O)C1=CC(=CC=C1O)C,Cc1ccc(O)c(C(=O)O)c1
79-10-7,O=C(O)C=C,C=CC(=O)O
627-01-0,O=C(O)CNCC,CCNCC(=O)O
528-90-5,O=C(O)C=1C=C(C(=CC1C)C)C,Cc1cc(C)c(C(=O)O)cc1C
16841-19-3,O=C(O)C1(O)CCCC1,O=C(O)C1(O)CCCC1
926-77-2,O=C(O)C(NC(=O)CN)C,CC(NC(=O)CN)C(=O)O
883-62-5,O=C(O)C1=CC=2C=CC=CC2C=C1OC,COc1cc2ccccc2cc1C(=O)O
3813-52-3,O=C(O)C1C2C=CC(C2)C1C(=O)O,O=C(O)C1C2C=CC(C2)C1C(=O)O
637-84-3,O=C(O)CNC(=O)CNC(=O)CNC(=O)CN,NCC(=O)NCC(=O)NCC(=O)NCC(=O)O
652-18-6,O=C(O)C=1C(F)=C(F)C=C(F)C1F,O=C(O)c1c(F)c(F)cc(F)c1F
495-78-3,O=C(O)CCC=1C=CC=CC1O,O=C(O)CCc1ccccc1O
10541-83-0,O=C(O)C1=CC=C(C=C1)NC,CNc1ccc(C(=O)O)cc1
23229-72-3,O=C(O)C=1SC(=CC1)CC,CCc1ccc(C(=O)O)s1
17874-79-2,O=C(O)C1=NC=C(C=C1)C(=O)OC,COC(=O)c1ccc(C(=O)O)nc1
395-33-5,O=C(O)C(O)C1=CC=C(F)C=C1,O=C(O)C(O)c1ccc(F)cc1
15115-58-9,O=C(O)CCC=1C=CC=CC1Br,O=C(O)CCc1ccccc1Br
1798-11-4,O=C(O)COC1=CC=C(C=C1)N(=O)=O,O=C(O)COc1ccc([N+](=O)[O-])cc1
1730-91-2,O=C(O)C(C)CC,CCC(C)C(=O)O
3695-73-6,O=C(O)C(NC(=O)CN)C,CC(NC(=O)CN)C(=O)O
67-21-0,O=C(O)C(N)CCSCC,CCSCCC(N)C(=O)O
15959-93-0,O=C(O)C(N)CC(F)(F)F,NC(CC(F)(F)F)C(=O)O
10502-44-0,O=C(O)C(O)C1=CC=C(OC)C=C1,COc1ccc(C(O)C(=O)O)cc1
2613-89-0,O=C(O)C(C(=O)O)C=1C=CC=CC1,O=C(O)C(C(=O)O)c1ccccc1
506-21-8,O=C(O)CCCCCCCC=CCC=CCCCCC,CCCCCC=CCC=CCCCCCCCC(=O)O
652-34-6,O=C(O)C1=C(F)C(F)=C(O)C(F)=C1F,O=C(O)c1c(F)c(F)c(O)c(F)c1F
5930-93-8,O=C(O)C1=CC(=CN1)N(=O)=O,O=C(O)c1cc([N+](=O)[O-])c[nH]1
3987-53-9,O=C(O)CN(CC(=O)O)CC=1C=CC=CC1,O=C(O)CN(CC(=O)O)Cc1ccccc1
601-79-6,O=C(O)C(C(=O)O)C(C)C,CC(C)C(C(=O)O)C(=O)O
25055-86-1,O=C(O)CCC1(N=N1)C,CC1(CCC(=O)O)N=N1
5657-17-0,O=C(O)CNCCNCC(=O)O,O=C(O)CNCCNCC(=O)O
16034-49-4,O=C(O)CN1N=C(C=C1C)C,Cc1cc(C)n(CC(=O)O)n1
13921-90-9,O=C(O)CC(N)C=1C=CC=CC1,NC(CC(=O)O)c1ccccc1
7164-43-4,O=C(O)C=1NC(=O)NC(=O)C1N,Nc1c(C(=O)O)[nH]c(=O)[nH]c1=O
1798-82-9,O=C(O)C1=CC=C(C=C1)C2CC2,O=C(O)c1ccc(C2CC2)cc1
6924-66-9,O=C(O)C=1C=CC=C2N=CC=NC21,O=C(O)c1cccc2nccnc12
1013-04-3,O=C(O)C1=CC=C(Cl)C=2C=CC=CC12,O=C(O)c1ccc(Cl)c2ccccc12
471-25-0,O=C(O)C#C,C#CC(=O)O
22426-30-8,N#CC(C(=O)O)(C)C,CC(C)(C#N)C(=O)O
3739-30-8,O=C(O)C(O)(C)CC,CCC(C)(O)C(=O)O
14542-16-6,O=C(O)C1=NC(=CS1)C,Cc1csc(C(=O)O)n1
1457-59-6,O=C(O)C=1NC=NC1C,Cc1nc[nH]c1C(=O)O
652-32-4,O=C(O)C1=C(F)C(F)=C(C(F)=C1F)C,Cc1c(F)c(F)c(C(=O)O)c(F)c1F
3235-67-4,O=C(O)CN1CCCCC1,O=C(O)CN1CCCCC1
3959-23-7,O=C(O)CS(=O)(=O)C=1C=CC=CC1,O=C(O)CS(=O)(=O)c1ccccc1
4165-96-2,O=C(O)CC(C=1C=CC=CC1)CC(=O)O,O=C(O)CC(CC(=O)O)c1ccccc1
3775-72-2,O=C(O)CC(N)C,CC(N)CC(=O)O
80-69-3,O=C(O)C(O)C(=O)O,O=C(O)C(O)C(=O)O
13073-35-3,O=C(O)C(N)CCSCC,CCSCCC(N)C(=O)O
56961-31-0,O=C(O)C=1C(Cl)=CC=CC1O,O=C(O)c1c(O)cccc1Cl
24195-03-7,O=C(O)C1=NC=CC(=C1)C(=O)OC,COC(=O)c1ccnc(C(=O)O)c1
76-04-0,O=C(O)C(F)(F)Cl,O=C(O)C(F)(F)Cl
14282-78-1,O=C(O)C=1SC=C(C1)C,Cc1csc(C(=O)O)c1
1878-81-5,O=C(O)COC1=CC=C(C=C1)C(=O)C,CC(=O)c1ccc(OCC(=O)O)cc1
15448-77-8,O=C(O)C12CCC(C(=O)OC)(CC1)C2,COC(=O)C12CCC(C(=O)O)(CC1)C2
7498-54-6,O=C(O)C1=CC=CC(=C1)C(C)(C)C,CC(C)(C)c1cccc(C(=O)O)c1
15785-54-3,O=C(O)C1=CC(OC)=C(O)C(=C1)N(=O)=O,COc1cc(C(=O)O)cc([N+](=O)[O-])c1O
1878-88-2,O=C(O)COC1=CC=CC(=C1)N(=O)=O,O=C(O)COc1cccc([N+](=O)[O-])c1
75-75-2,O=S(=O)(O)C,CS(=O)(=O)O
107-35-7,O=S(=O)(O)CCN,NCCS(=O)(=O)O
121-57-3,O=S(=O)(O)C1=CC=C(N)C=C1,Nc1ccc(S(=O)(=O)O)cc1
636-73-7,O=S(=O)(O)C=1C=NC=CC1,O=S(=O)(O)c1cccnc1
98-71-5,O=S(=O)(O)C1=CC=C(C=C1)NN,NNc1ccc(S(=O)(=O)O)cc1
88-21-1,O=S(=O)(O)C=1C=CC=CC1N,Nc1ccccc1S(=O)(=O)O
121-47-1,O=S(=O)(O)C=1C=CC=C(N)C1,Nc1cccc(S(=O)(=O)O)c1
15103-48-7,O=S(=O)(O)C1=NC=CC=C1,O=S(=O)(O)c1ccccn1
82-75-7,O=S(=O)(O)C1=CC=CC=2C=CC=C(N)C21,Nc1cccc2cccc(S(=O)(=O)O)c12
119-79-9,O=S(=O)(O)C=1C=CC=2C(N)=CC=CC2C1,Nc1cccc2cc(S(=O)(=O)O)ccc12
84-86-6,O=S(=O)(O)C1=CC=C(N)C=2C=CC=CC21,Nc1ccc(S(=O)(=O)O)c2ccccc12
81-05-0,O=S(=O)(O)C1=CC=CC2=CC(N)=CC=C21,Nc1ccc2c(S(=O)(=O)O)cccc2c1
104-15-4,O=S(=O)(O)C1=CC=C(C=C1)C,Cc1ccc(S(=O)(=O)O)cc1
84-89-9,O=S(=O)(O)C=1C=CC=C2C(N)=CC=CC21,Nc1cccc2c(S(=O)(=O)O)cccc12
81-16-3,O=S(=O)(O)C1=C(N)C=CC=2C=CC=CC21,Nc1ccc2ccccc2c1S(=O)(=O)O
93-00-5,O=S(=O)(O)C1=CC=C2C=C(N)C=CC2=C1,Nc1ccc2cc(S(=O)(=O)O)ccc2c1
119-28-8,O=S(=O)(O)C=1C=CC=2C=CC=C(N)C2C1,Nc1cccc2ccc(S(=O)(=O)O)cc12
5402-20-0,O=S(=O)(O)C=1C=CN=CC1,O=S(=O)(O)c1ccncc1
98-33-9,O=S(=O)(O)C1=CC=C(N)C(=C1)C,Cc1cc(S(=O)(=O)O)ccc1N
138-30-7,O=S(=O)(O)C=1C=CC=C(C1)NN,NNc1cccc(S(=O)(=O)O)c1
68922-18-9,O=S(=O)(O)CCC1=NC=CC=C1,O=S(=O)(O)CCc1ccccn1
29021-67-8,O=S(=O)(O)C=1C=CC(O)=C2N=C(C=CC21)C,Cc1ccc2c(S(=O)(=O)O)ccc(O)c2n1
618-03-1,O=S(=O)(O)C1=CC=C(C(N)=C1)C,Cc1ccc(S(=O)(=O)O)cc1N
494-44-0,O=S(=O)(O)C1=CC=C2C=CC(N)=CC2=C1,Nc1ccc2ccc(S(=O)(=O)O)cc2c1
145-48-2,O=C1C=2C=CC=CC2C(=O)C3=C(O)C(=CC(O)=C13)S(=O)(=O)O,O=C1c2ccccc2C(=O)c2c(O)c(S(=O)(=O)O)cc(O)c21
87655-41-2,O=S(=O)(O)C1=CC=C(N=C1C)C,Cc1ccc(S(=O)(=O)O)c(C)n1
3062-37-1,O=S(=O)(O)C=1C=C(Br)C(O)=C2N=CC=CC21,O=S(=O)(O)c1cc(Br)c(O)c2ncccc12
81-06-1,O=S(=O)(O)C=1C=CC=2C=CC=CC2C1N,Nc1c(S(=O)(=O)O)ccc2ccccc12
3343-41-7,O=S(=O)(O)C(O)C1=NC=CC=C1,O=S(=O)(O)C(O)c1ccccn1
15851-63-5,O=N(=O)C1=CC(=C2C=CC=NC2=C1O)S(=O)(=O)O,O=[N+]([O-])c1cc(S(=O)(=O)O)c2cccnc2c1O
37026-33-8,O=N(=O)C1=CC(=C2C=CC(=NC2=C1O)C)S(=O)(=O)O,Cc1ccc2c(S(=O)(=O)O)cc([N+](=O)[O-])c(O)c2n1
134-54-3,O=S(=O)(O)C=1C=C(N)C=2C=CC=CC2C1,Nc1cc(S(=O)(=O)O)cc2ccccc12
4872-28-0,O=S(=O)(O)C(O)C=1C=CN=CC1,O=S(=O)(O)C(O)c1ccncc1
5807-21-6,O=C1C=C(NC(=O)N1)S(=O)(=O)O,O=c1cc(S(=O)(=O)O)[nH]c(=O)[nH]1
