name,smiles,pka_value,source_index,error_type,error_message
0,C=C(C)c1ccc(C(=O)O)cc1,4.04,0,DescriptorExtractionError,Cannot safely pair the structure/log/fchk: Duplicate fchk field: Force Field.
1,C=CCc1ccc(C(=O)O)cc1,4.34,1,DescriptorExtractionError,Cannot safely pair the structure/log/fchk: Duplicate fchk field: Force Field.
2,C=CCc1cccc(C(=O)O)c1,4.32,2,DescriptorExtractionError,Cannot safely pair the structure/log/fchk: Duplicate fchk field: Force Field.
3,CC(=O)Nc1cccc(C(=O)O)c1,4.03,3,DescriptorExtractionError,Cannot safely pair the structure/log/fchk: Duplicate fchk field: Force Field.
4,CC(=O)Oc1ccc(C(=O)O)cc1,3.92,4,DescriptorExtractionError,Cannot safely pair the structure/log/fchk: Duplicate fchk field: Force Field.
5,CC(=O)Oc1ccccc1C(=O)O,3.38,5,DescriptorExtractionError,Cannot safely pair the structure/log/fchk: Duplicate fchk field: Force Field.
6,CC(=O)c1ccc(C(=O)O)cc1,3.7,6,DescriptorExtractionError,Cannot safely pair the structure/log/fchk: Duplicate fchk field: Force Field.
7,CC(=O)c1cccc(C(=O)O)c1,3.827,7,DescriptorExtractionError,Cannot safely pair the structure/log/fchk: Duplicate fchk field: Force Field.
8,CC(=O)c1ccccc1C(=O)O,4.123,8,DescriptorExtractionError,Cannot safely pair the structure/log/fchk: Duplicate fchk field: Force Field.
9,CC(C)(C)c1ccc(C(=O)O)cc1,4.382,9,DescriptorExtractionError,Cannot safely pair the structure/log/fchk: Duplicate fchk field: Force Field.
10,CC(C)(C)c1cccc(C(=O)O)c1,4.204,10,DescriptorExtractionError,Cannot safely pair the structure/log/fchk: Duplicate fchk field: Force Field.
11,CC(C)c1ccc(C(=O)O)cc1,4.36,11,DescriptorExtractionError,Cannot safely pair the structure/log/fchk: Duplicate fchk field: Force Field.
12,CC(C)c1cccc(C(=O)O)c1O,2.76,12,DescriptorExtractionError,Cannot safely pair the structure/log/fchk: Duplicate fchk field: Force Field.
13,CC=Cc1ccc(C(=O)O)cc1,4.49,13,DescriptorExtractionError,Cannot safely pair the structure/log/fchk: Duplicate fchk field: Force Field.
14,CC=Cc1cccc(C(=O)O)c1,4.25,14,DescriptorExtractionError,Cannot safely pair the structure/log/fchk: Duplicate fchk field: Force Field.
15,CCCC(=O)c1ccccc1C(=O)O,4.45,15,DescriptorExtractionError,Cannot safely pair the structure/log/fchk: Duplicate fchk field: Force Field.
16,CCOC(=O)CNc1ccc(C(=O)O)cc1,4.88,16,DescriptorExtractionError,Cannot safely pair the structure/log/fchk: Duplicate fchk field: Force Field.
17,CCOC(=O)CNc1cccc(C(=O)O)c1,4.3,17,DescriptorExtractionError,Cannot safely pair the structure/log/fchk: Duplicate fchk field: Force Field.
18,CCOP(=O)(OCC)c1ccc(C(=O)O)cc1,3.63,18,DescriptorExtractionError,Cannot safely pair the structure/log/fchk: Duplicate fchk field: Force Field.
19,CCOP(=O)(OCC)c1cccc(C(=O)O)c1,3.73,19,DescriptorExtractionError,Cannot safely pair the structure/log/fchk: Duplicate fchk field: Force Field.
20,CCOc1ccc(C(=O)O)c(C(=O)O)c1,2.74,20,DescriptorExtractionError,Cannot safely pair the structure/log/fchk: Duplicate fchk field: Force Field.
21,CCOc1ccc(C(=O)O)c(O)c1,3.2,21,DescriptorExtractionError,Cannot safely pair the structure/log/fchk: Duplicate fchk field: Force Field.
22,CN(C)c1ccc(/N=N/c2ccccc2C(=O)O)cc1,4.82,22,DescriptorExtractionError,Cannot safely pair the structure/log/fchk: Duplicate fchk field: Force Field.
23,CN(C)c1ccc(C(=O)O)cc1,5.03,23,DescriptorExtractionError,Cannot safely pair the structure/log/fchk: Duplicate fchk field: Force Field.
24,CN(C)c1cccc(C(=O)O)c1,5.1,24,DescriptorExtractionError,Cannot safely pair the structure/log/fchk: Duplicate fchk field: Force Field.
25,CN(C)c1ccccc1C(=O)O,8.5,25,DescriptorExtractionError,Cannot safely pair the structure/log/fchk: Duplicate fchk field: Force Field.
26,CNc1ccc(C(=O)O)cc1,5.04,26,DescriptorExtractionError,Cannot safely pair the structure/log/fchk: Duplicate fchk field: Force Field.
27,CNc1cccc(C(=O)O)c1,5.1,27,DescriptorExtractionError,Cannot safely pair the structure/log/fchk: Duplicate fchk field: Force Field.
28,CNc1ccccc1C(=O)O,5.34,28,DescriptorExtractionError,Cannot safely pair the structure/log/fchk: Duplicate fchk field: Force Field.
29,COP(=O)(OC)c1ccc(C(=O)O)cc1,3.61,29,DescriptorExtractionError,Cannot safely pair the structure/log/fchk: Duplicate fchk field: Force Field.
30,COP(=O)(OC)c1cccc(C(=O)O)c1,3.74,30,DescriptorExtractionError,Cannot safely pair the structure/log/fchk: Duplicate fchk field: Force Field.
31,COc1cc(C(=O)O)cc(OC)c1O,4.34,31,DescriptorExtractionError,Cannot safely pair the structure/log/fchk: Duplicate fchk field: Force Field.
32,COc1cc(C(=O)O)cc(OC)c1OC,4.166666666666667,32,DescriptorExtractionError,Cannot safely pair the structure/log/fchk: Duplicate fchk field: Force Field.
33,COc1cc(C(=O)O)cc([N+](=O)[O-])c1O,4.12,33,DescriptorExtractionError,Cannot safely pair the structure/log/fchk: Duplicate fchk field: Force Field.
34,COc1cc(C(=O)O)ccc1O,4.49,34,DescriptorExtractionError,Cannot safely pair the structure/log/fchk: Duplicate fchk field: Force Field.
35,COc1cc(OC)cc(C(=O)O)c1,3.97,35,DescriptorExtractionError,Cannot safely pair the structure/log/fchk: Duplicate fchk field: Force Field.
36,COc1cc([N+](=O)[O-])cc(C(=O)O)c1O,2.58,36,DescriptorExtractionError,Cannot safely pair the structure/log/fchk: Duplicate fchk field: Force Field.
37,COc1cc2ccccc2cc1C(=O)O,3.8,37,DescriptorExtractionError,Cannot safely pair the structure/log/fchk: Duplicate fchk field: Force Field.
38,COc1ccc(C(=O)O)c(C(=O)O)c1,2.67,38,DescriptorExtractionError,Cannot safely pair the structure/log/fchk: Duplicate fchk field: Force Field.
39,COc1ccc(C(=O)O)c(N)c1,4.88,39,DescriptorExtractionError,Cannot safely pair the structure/log/fchk: Duplicate fchk field: Force Field.
40,COc1ccc(C(=O)O)c(O)c1,3.31,40,DescriptorExtractionError,Cannot safely pair the structure/log/fchk: Duplicate fchk field: Force Field.
41,COc1ccc(C(=O)O)c(OC)c1,4.36,41,DescriptorExtractionError,Cannot safely pair the structure/log/fchk: Duplicate fchk field: Force Field.
42,COc1ccc(C(=O)O)c2ccccc12,4.31,42,DescriptorExtractionError,Cannot safely pair the structure/log/fchk: Duplicate fchk field: Force Field.
43,COc1ccc(C(=O)O)cc1,4.2783750000000005,43,DescriptorExtractionError,Cannot safely pair the structure/log/fchk: Duplicate fchk field: Force Field.
44,COc1ccc(C(=O)O)cc1O,4.47,44,DescriptorExtractionError,Cannot safely pair the structure/log/fchk: Duplicate fchk field: Force Field.
45,COc1ccc(C(=O)O)cc1OC,4.395,45,DescriptorExtractionError,Cannot safely pair the structure/log/fchk: Duplicate fchk field: Force Field.
46,COc1ccc(C=O)c(C(=O)O)c1OC,3.065,46,DescriptorExtractionError,Cannot safely pair the structure/log/fchk: Duplicate fchk field: Force Field.
47,COc1ccc(N)c(C(=O)O)c1,5.57,47,DescriptorExtractionError,Cannot safely pair the structure/log/fchk: Duplicate fchk field: Force Field.
48,COc1ccc(O)c(C(=O)O)c1,2.94,48,DescriptorExtractionError,Cannot safely pair the structure/log/fchk: Duplicate fchk field: Force Field.
49,COc1cccc(C(=O)O)c1,3.8745,49,DescriptorExtractionError,Cannot safely pair the structure/log/fchk: Duplicate fchk field: Force Field.
50,COc1cccc(C(=O)O)c1OC,3.98,50,DescriptorExtractionError,Cannot safely pair the structure/log/fchk: Duplicate fchk field: Force Field.
51,COc1cccc(OC)c1C(=O)O,3.44,51,DescriptorExtractionError,Cannot safely pair the structure/log/fchk: Duplicate fchk field: Force Field.
52,COc1ccccc1C(=O)O,3.9,52,DescriptorExtractionError,Cannot safely pair the structure/log/fchk: Duplicate fchk field: Force Field.
53,C[Si](C)(C)c1ccc(C(=O)O)cc1,4.234,53,DescriptorExtractionError,Cannot safely pair the structure/log/fchk: Duplicate fchk field: Force Field.
54,C[Si](C)(C)c1cccc(C(=O)O)c1,4.1645,54,DescriptorExtractionError,Calculation file was not found: ../data/benzoicacid_v2/logfile/sub_54.log
55,Cc1c(F)c(F)c(C(=O)O)c(F)c1F,2.0,55,DescriptorExtractionError,Calculation file was not found: ../data/benzoicacid_v2/logfile/sub_55.log
56,Cc1cc(C(=O)O)c2ccccc2c1,3.72,56,DescriptorExtractionError,Cannot safely pair the structure/log/fchk: Duplicate fchk field: Force Field.
57,Cc1cc(C(=O)O)cc(C)c1C,4.52,57,DescriptorExtractionError,Cannot safely pair the structure/log/fchk: Duplicate fchk field: Force Field.
58,Cc1cc(C)c(C(=O)O)c(C)c1,3.498,58,DescriptorExtractionError,Cannot safely pair the structure/log/fchk: Duplicate fchk field: Force Field.
59,Cc1cc(C)c(C(=O)O)cc1C,4.38,59,DescriptorExtractionError,Cannot safely pair the structure/log/fchk: Duplicate fchk field: Force Field.
60,Cc1cc(C)c(C)c(C(=O)O)c1,4.01,60,DescriptorExtractionError,Cannot safely pair the structure/log/fchk: Duplicate fchk field: Force Field.
61,Cc1cc(C)c(C)c(C(=O)O)c1C,3.416,61,DescriptorExtractionError,Cannot safely pair the structure/log/fchk: Duplicate fchk field: Force Field.
62,Cc1cc(C)cc(C(=O)O)c1,4.343999999999999,62,DescriptorExtractionError,Cannot safely pair the structure/log/fchk: Duplicate fchk field: Force Field.
63,Cc1cc([N+](=O)[O-])c(C)c(C(=O)O)c1O,2.78,63,DescriptorExtractionError,Cannot safely pair the structure/log/fchk: Duplicate fchk field: Force Field.
64,Cc1cc2ccccc2c(C(=O)O)c1C,2.831,64,DescriptorExtractionError,Cannot safely pair the structure/log/fchk: Duplicate fchk field: Force Field.
65,Cc1ccc(C(=O)O)c(C)c1,4.2595,65,DescriptorExtractionError,Cannot safely pair the structure/log/fchk: Duplicate fchk field: Force Field.
66,Cc1ccc(C(=O)O)c(C)c1C,4.06,66,DescriptorExtractionError,Cannot safely pair the structure/log/fchk: Duplicate fchk field: Force Field.
67,Cc1ccc(C(=O)O)c(N)c1,5.07,67,DescriptorExtractionError,Cannot safely pair the structure/log/fchk: Duplicate fchk field: Force Field.
68,Cc1ccc(C(=O)O)c(O)c1,3.1630000000000003,68,DescriptorExtractionError,Calculation file was not found: ../data/benzoicacid_v2/logfile/sub_68.log
69,Cc1ccc(C(=O)O)cc1,4.383333333333334,69,DescriptorExtractionError,Cannot safely pair the structure/log/fchk: Duplicate fchk field: Force Field.
70,Cc1ccc(C(=O)O)cc1C,4.5,70,DescriptorExtractionError,Cannot safely pair the structure/log/fchk: Duplicate fchk field: Force Field.
71,Cc1ccc(C(=O)c2ccccc2C(=O)O)cc1,3.644,71,DescriptorExtractionError,Cannot safely pair the structure/log/fchk: Duplicate fchk field: Force Field.
72,Cc1ccc(C)c(C(=O)O)c1,4.0205,72,DescriptorExtractionError,Cannot safely pair the structure/log/fchk: Duplicate fchk field: Force Field.
73,Cc1ccc(C)c(C(=O)O)c1C,3.34,73,DescriptorExtractionError,Cannot safely pair the structure/log/fchk: Duplicate fchk field: Force Field.
74,Cc1ccc(C)c(C(=O)O)c1O,3.23,74,DescriptorExtractionError,Cannot safely pair the structure/log/fchk: Duplicate fchk field: Force Field.
75,Cc1ccc(N)c(C(=O)O)c1,5.13,75,DescriptorExtractionError,Cannot safely pair the structure/log/fchk: Duplicate fchk field: Force Field.
76,Cc1ccc(O)c(C(=O)O)c1,3.026666666666667,76,DescriptorExtractionError,Cannot safely pair the structure/log/fchk: Duplicate fchk field: Force Field.
77,Cc1ccc2ccccc2c1C(=O)O,3.034,77,DescriptorExtractionError,Cannot safely pair the structure/log/fchk: Duplicate fchk field: Force Field.
78,Cc1cccc(C(=O)O)c1,4.272666666666667,78,DescriptorExtractionError,Cannot safely pair the structure/log/fchk: Duplicate fchk field: Force Field.
79,Cc1cccc(C(=O)O)c1C,3.758,79,DescriptorExtractionError,Cannot safely pair the structure/log/fchk: Duplicate fchk field: Force Field.
80,Cc1cccc(C(=O)O)c1O,2.971,80,DescriptorExtractionError,Cannot safely pair the structure/log/fchk: Duplicate fchk field: Force Field.
81,Cc1cccc(C)c1C(=O)O,3.307,81,DescriptorExtractionError,Cannot safely pair the structure/log/fchk: Duplicate fchk field: Force Field.
82,Cc1cccc(O)c1C(=O)O,3.24,82,DescriptorExtractionError,Cannot safely pair the structure/log/fchk: Duplicate fchk field: Force Field.
83,Cc1ccccc1C(=O)O,3.914,83,DescriptorExtractionError,Cannot safely pair the structure/log/fchk: Duplicate fchk field: Force Field.
84,N#Cc1ccc(C(=O)O)c(O)c1,2.35,84,DescriptorExtractionError,Cannot safely pair the structure/log/fchk: Duplicate fchk field: Force Field.
85,N#Cc1ccc(O)c(C(=O)O)c1,2.38,85,DescriptorExtractionError,Cannot safely pair the structure/log/fchk: Duplicate fchk field: Force Field.
86,NS(=O)(=O)c1ccc(C(=O)O)cc1,3.47,86,DescriptorExtractionError,Cannot safely pair the structure/log/fchk: Duplicate fchk field: Force Field.
87,NS(=O)(=O)c1cccc(C(=O)O)c1,3.54,87,DescriptorExtractionError,Cannot safely pair the structure/log/fchk: Duplicate fchk field: Force Field.
88,Nc1cc(Br)ccc1C(=O)O,4.37,88,DescriptorExtractionError,Cannot safely pair the structure/log/fchk: Duplicate fchk field: Force Field.
89,Nc1cc(C(=O)O)c2ccccc2c1,4.39,89,DescriptorExtractionError,Cannot safely pair the structure/log/fchk: Duplicate fchk field: Force Field.
90,Nc1cc(C(=O)O)cc([N+](=O)[O-])c1,3.55,90,DescriptorExtractionError,Cannot safely pair the structure/log/fchk: Duplicate fchk field: Force Field.
91,Nc1cc(C(=O)O)cc2ccccc12,4.46,91,DescriptorExtractionError,Cannot safely pair the structure/log/fchk: Duplicate fchk field: Force Field.
92,Nc1cc(Cl)ccc1C(=O)O,4.44,92,DescriptorExtractionError,Cannot safely pair the structure/log/fchk: Duplicate fchk field: Force Field.
93,Nc1cc(F)ccc1C(=O)O,4.6,93,DescriptorExtractionError,Cannot safely pair the structure/log/fchk: Duplicate fchk field: Force Field.
94,Nc1cc([N+](=O)[O-])ccc1C(=O)O,3.7,94,DescriptorExtractionError,Cannot safely pair the structure/log/fchk: Duplicate fchk field: Force Field.
95,Nc1ccc(Br)cc1C(=O)O,4.41,95,DescriptorExtractionError,Cannot safely pair the structure/log/fchk: Duplicate fchk field: Force Field.
96,Nc1ccc(C(=O)O)c(O)c1,3.356666666666667,96,DescriptorExtractionError,Cannot safely pair the structure/log/fchk: Duplicate fchk field: Force Field.
97,Nc1ccc(C(=O)O)cc1,4.832833333333333,97,DescriptorExtractionError,Cannot safely pair the structure/log/fchk: Duplicate fchk field: Force Field.
98,Nc1ccc(Cl)cc1C(=O)O,4.35,98,DescriptorExtractionError,Cannot safely pair the structure/log/fchk: Duplicate fchk field: Force Field.
99,Nc1ccc(F)cc1C(=O)O,4.82,99,DescriptorExtractionError,Cannot safely pair the structure/log/fchk: Duplicate fchk field: Force Field.
100,Nc1ccc(O)cc1C(=O)O,5.37,100,DescriptorExtractionError,Cannot safely pair the structure/log/fchk: Duplicate fchk field: Force Field.
101,Nc1ccc(Oc2ccccc2)cc1C(=O)O,4.88,101,DescriptorExtractionError,Cannot safely pair the structure/log/fchk: Duplicate fchk field: Force Field.
102,Nc1cccc(C(=O)O)c1,4.749,102,DescriptorExtractionError,Cannot safely pair the structure/log/fchk: Duplicate fchk field: Force Field.
103,Nc1ccccc1C(=O)O,4.911714285714285,103,DescriptorExtractionError,Cannot safely pair the structure/log/fchk: Duplicate fchk field: Force Field.
104,O=C(O)CN(CC(=O)O)c1cc(C(=O)O)c(O)cc1C(=O)O,1.61,104,DescriptorExtractionError,Cannot safely pair the structure/log/fchk: Duplicate fchk field: Force Field.
105,O=C(O)COc1ccccc1C(=O)O,2.51,105,DescriptorExtractionError,Cannot safely pair the structure/log/fchk: Duplicate fchk field: Force Field.
106,O=C(O)CSc1ccccc1C(=O)O,2.93,106,DescriptorExtractionError,Cannot safely pair the structure/log/fchk: Duplicate fchk field: Force Field.
107,O=C(O)c1c(Cl)cccc1Cl,1.707,107,DescriptorExtractionError,Cannot safely pair the structure/log/fchk: Duplicate fchk field: Force Field.
108,O=C(O)c1c(F)c(F)c(-c2c(F)c(F)c(F)c(F)c2F)c(F)c1F,1.42,108,DescriptorExtractionError,Cannot safely pair the structure/log/fchk: Duplicate fchk field: Force Field.
109,O=C(O)c1c(F)c(F)c(Br)c(F)c1F,1.66,109,DescriptorExtractionError,Cannot safely pair the structure/log/fchk: Duplicate fchk field: Force Field.
110,O=C(O)c1c(F)c(F)c(C(F)(F)F)c(F)c1F,1.44,110,DescriptorExtractionError,Cannot safely pair the structure/log/fchk: Duplicate fchk field: Force Field.
111,O=C(O)c1c(F)c(F)c(Cl)c(F)c1F,1.69,111,DescriptorExtractionError,Cannot safely pair the structure/log/fchk: Duplicate fchk field: Force Field.
112,O=C(O)c1c(F)c(F)c(F)c(F)c1F,1.75,112,DescriptorExtractionError,Cannot safely pair the structure/log/fchk: Duplicate fchk field: Force Field.
113,O=C(O)c1c(F)c(F)c(O)c(F)c1F,2.27,113,DescriptorExtractionError,Cannot safely pair the structure/log/fchk: Duplicate fchk field: Force Field.
114,O=C(O)c1c(F)c(F)c(S)c(F)c1F,1.67,114,DescriptorExtractionError,Cannot safely pair the structure/log/fchk: Duplicate fchk field: Force Field.
115,O=C(O)c1c(F)c(F)cc(F)c1F,1.87,115,DescriptorExtractionError,Cannot safely pair the structure/log/fchk: Duplicate fchk field: Force Field.
116,O=C(O)c1c(O)cccc1Cl,2.63,116,DescriptorExtractionError,Cannot safely pair the structure/log/fchk: Duplicate fchk field: Force Field.
117,O=C(O)c1c(O)cccc1O,1.0605,117,DescriptorExtractionError,Cannot safely pair the structure/log/fchk: Duplicate fchk field: Force Field.
118,O=C(O)c1c(O)cccc1[N+](=O)[O-],2.24,118,DescriptorExtractionError,Cannot safely pair the structure/log/fchk: Duplicate fchk field: Force Field.
119,O=C(O)c1cc(Br)cc(Br)c1O,2.162,119,DescriptorExtractionError,Cannot safely pair the structure/log/fchk: Duplicate fchk field: Force Field.
120,O=C(O)c1cc(Br)ccc1O,2.6513999999999998,120,DescriptorExtractionError,Cannot safely pair the structure/log/fchk: Duplicate fchk field: Force Field.
121,O=C(O)c1cc(C(=O)O)c(C(=O)O)cc1C(=O)O,1.87,121,DescriptorExtractionError,Cannot safely pair the structure/log/fchk: Duplicate fchk field: Force Field.
122,O=C(O)c1cc(C(=O)O)c(C(=O)O)cc1O,1.86,122,DescriptorExtractionError,Cannot safely pair the structure/log/fchk: Duplicate fchk field: Force Field.
123,O=C(O)c1cc(C(=O)O)c(O)c(C(=O)O)c1,2.77,123,DescriptorExtractionError,Cannot safely pair the structure/log/fchk: Duplicate fchk field: Force Field.
124,O=C(O)c1cc(Cl)ccc1Cl,2.466,124,DescriptorExtractionError,Cannot safely pair the structure/log/fchk: Duplicate fchk field: Force Field.
125,O=C(O)c1cc(Cl)ccc1O,2.695,125,DescriptorExtractionError,Cannot safely pair the structure/log/fchk: Duplicate fchk field: Force Field.
126,O=C(O)c1cc(N=Nc2ccc(S(=O)(=O)O)cc2)ccc1O,2.38,126,DescriptorExtractionError,Cannot safely pair the structure/log/fchk: Duplicate fchk field: Force Field.
127,O=C(O)c1cc(O)c(O)c(O)c1,4.27,127,DescriptorExtractionError,Cannot safely pair the structure/log/fchk: Duplicate fchk field: Force Field.
128,O=C(O)c1cc(O)c2ccccc2c1,4.25,128,DescriptorExtractionError,Cannot safely pair the structure/log/fchk: Duplicate fchk field: Force Field.
129,O=C(O)c1cc(O)cc(O)c1,4.039,129,DescriptorExtractionError,Cannot safely pair the structure/log/fchk: Duplicate fchk field: Force Field.
130,O=C(O)c1cc(O)cc2ccccc12,3.69,130,DescriptorExtractionError,Cannot safely pair the structure/log/fchk: Duplicate fchk field: Force Field.
131,O=C(O)c1cc(O)ccc1O,2.9655,131,DescriptorExtractionError,Cannot safely pair the structure/log/fchk: Duplicate fchk field: Force Field.
132,O=C(O)c1cc([N+](=O)[O-])cc([N+](=O)[O-])c1O,0.7,132,DescriptorExtractionError,Cannot safely pair the structure/log/fchk: Duplicate fchk field: Force Field.
133,O=C(O)c1cc([N+](=O)[O-])cc2ccccc12,2.83,133,DescriptorExtractionError,Cannot safely pair the structure/log/fchk: Duplicate fchk field: Force Field.
134,O=C(O)c1cc([N+](=O)[O-])ccc1O,2.18,134,DescriptorExtractionError,Cannot safely pair the structure/log/fchk: Duplicate fchk field: Force Field.
135,O=C(O)c1cc2ccccc2cc1O,2.75,135,DescriptorExtractionError,Cannot safely pair the structure/log/fchk: Duplicate fchk field: Force Field.
136,O=C(O)c1ccc(Br)c2ccccc12,3.37,136,DescriptorExtractionError,Cannot safely pair the structure/log/fchk: Duplicate fchk field: Force Field.
137,O=C(O)c1ccc(Br)cc1,3.963,137,DescriptorExtractionError,Cannot safely pair the structure/log/fchk: Duplicate fchk field: Force Field.
138,O=C(O)c1ccc(Br)cc1C(=O)O,2.5,138,DescriptorExtractionError,Cannot safely pair the structure/log/fchk: Duplicate fchk field: Force Field.
139,O=C(O)c1ccc(Br)cc1O,2.669,139,DescriptorExtractionError,Cannot safely pair the structure/log/fchk: Duplicate fchk field: Force Field.
140,O=C(O)c1ccc(C(=O)O)c(C(=O)O)c1,2.5300000000000002,140,DescriptorExtractionError,Cannot safely pair the structure/log/fchk: Duplicate fchk field: Force Field.
141,O=C(O)c1ccc(C2CC2)cc1,4.44,141,DescriptorExtractionError,Cannot safely pair the structure/log/fchk: Duplicate fchk field: Force Field.
142,O=C(O)c1ccc(C=C[N+](=O)[O-])cc1,3.94,142,DescriptorExtractionError,Cannot safely pair the structure/log/fchk: Duplicate fchk field: Force Field.
143,O=C(O)c1ccc(Cl)c(Cl)c1,3.64,143,DescriptorExtractionError,Cannot safely pair the structure/log/fchk: Duplicate fchk field: Force Field.
144,O=C(O)c1ccc(Cl)c2ccccc12,3.36,144,DescriptorExtractionError,Cannot safely pair the structure/log/fchk: Duplicate fchk field: Force Field.
145,O=C(O)c1ccc(Cl)cc1,3.988,145,DescriptorExtractionError,Cannot safely pair the structure/log/fchk: Duplicate fchk field: Force Field.
146,O=C(O)c1ccc(Cl)cc1Cl,2.73,146,DescriptorExtractionError,Cannot safely pair the structure/log/fchk: Duplicate fchk field: Force Field.
147,O=C(O)c1ccc(F)c2ccccc12,3.7,147,DescriptorExtractionError,Cannot safely pair the structure/log/fchk: Duplicate fchk field: Force Field.
148,O=C(O)c1ccc(F)cc1,3.9074285714285715,148,DescriptorExtractionError,Cannot safely pair the structure/log/fchk: Duplicate fchk field: Force Field.
149,O=C(O)c1ccc(O)c(O)c1,4.3755,149,DescriptorExtractionError,Cannot safely pair the structure/log/fchk: Duplicate fchk field: Force Field.
150,O=C(O)c1ccc(O)cc1,4.566666666666666,150,DescriptorExtractionError,Cannot safely pair the structure/log/fchk: Duplicate fchk field: Force Field.
151,O=C(O)c1ccc(O)cc1O,3.20875,151,DescriptorExtractionError,Cannot safely pair the structure/log/fchk: Duplicate fchk field: Force Field.
152,O=C(O)c1ccc([N+](=O)[O-])c2ccccc12,2.8,152,DescriptorExtractionError,Cannot safely pair the structure/log/fchk: Duplicate fchk field: Force Field.
153,O=C(O)c1ccc([N+](=O)[O-])cc1,3.2511666666666668,153,DescriptorExtractionError,Calculation file was not found: ../data/benzoicacid_v2/logfile/sub_153.log
154,O=C(O)c1ccc([N+](=O)[O-])cc1O,2.27,154,DescriptorExtractionError,Cannot safely pair the structure/log/fchk: Duplicate fchk field: Force Field.
155,O=C(O)c1ccc2c(c1)OCCO2,4.35,155,DescriptorExtractionError,Cannot safely pair the structure/log/fchk: Duplicate fchk field: Force Field.
156,O=C(O)c1ccc2c(c1)OCO2,4.5,156,DescriptorExtractionError,Cannot safely pair the structure/log/fchk: Duplicate fchk field: Force Field.
157,O=C(O)c1ccc2ccccc2c1,4.343666666666667,157,DescriptorExtractionError,Cannot safely pair the structure/log/fchk: Duplicate fchk field: Force Field.
158,O=C(O)c1ccc2ncccc2c1,4.82,158,DescriptorExtractionError,Cannot safely pair the structure/log/fchk: Duplicate fchk field: Force Field.
159,O=C(O)c1ccc2nccnc2c1,3.64,159,DescriptorExtractionError,Cannot safely pair the structure/log/fchk: Duplicate fchk field: Force Field.
160,O=C(O)c1cccc(Br)c1,3.813,160,DescriptorExtractionError,Cannot safely pair the structure/log/fchk: Duplicate fchk field: Force Field.
161,O=C(O)c1cccc(Br)c1C(=O)O,2.27,161,DescriptorExtractionError,Cannot safely pair the structure/log/fchk: Duplicate fchk field: Force Field.
162,O=C(O)c1cccc(C(=O)O)c1,3.7,162,DescriptorExtractionError,Cannot safely pair the structure/log/fchk: Duplicate fchk field: Force Field.
163,O=C(O)c1cccc(C(=O)O)c1C(=O)O,2.84,163,DescriptorExtractionError,Cannot safely pair the structure/log/fchk: Duplicate fchk field: Force Field.
164,O=C(O)c1cccc(C=C[N+](=O)[O-])c1,3.87,164,DescriptorExtractionError,Cannot safely pair the structure/log/fchk: Duplicate fchk field: Force Field.
165,O=C(O)c1cccc(Cl)c1,3.8295,165,DescriptorExtractionError,Cannot safely pair the structure/log/fchk: Duplicate fchk field: Force Field.
166,O=C(O)c1cccc(F)c1,3.626714285714286,166,DescriptorExtractionError,Cannot safely pair the structure/log/fchk: Duplicate fchk field: Force Field.
167,O=C(O)c1cccc(O)c1,4.1899999999999995,167,DescriptorExtractionError,Cannot safely pair the structure/log/fchk: Duplicate fchk field: Force Field.
168,O=C(O)c1cccc(O)c1O,2.914,168,DescriptorExtractionError,Cannot safely pair the structure/log/fchk: Duplicate fchk field: Force Field.
169,O=C(O)c1cccc([N+](=O)[O-])c1,3.293333333333333,169,DescriptorExtractionError,Cannot safely pair the structure/log/fchk: Duplicate fchk field: Force Field.
170,O=C(O)c1cccc([N+](=O)[O-])c1O,2.085,170,DescriptorExtractionError,Cannot safely pair the structure/log/fchk: Duplicate fchk field: Force Field.
171,O=C(O)c1cccc2ccccc12,3.80925,171,DescriptorExtractionError,Cannot safely pair the structure/log/fchk: Duplicate fchk field: Force Field.
172,O=C(O)c1cccc2cccnc12,6.8,172,DescriptorExtractionError,Cannot safely pair the structure/log/fchk: Duplicate fchk field: Force Field.
173,O=C(O)c1cccc2nccnc12,4.026,173,DescriptorExtractionError,Cannot safely pair the structure/log/fchk: Duplicate fchk field: Force Field.
174,O=C(O)c1ccccc1,4.093071428571428,174,DescriptorExtractionError,Cannot safely pair the structure/log/fchk: Duplicate fchk field: Force Field.
175,O=C(O)c1ccccc1C(=O)O,2.813333333333333,175,DescriptorExtractionError,Cannot safely pair the structure/log/fchk: Duplicate fchk field: Force Field.
176,O=C(O)c1ccccc1C(=O)c1ccccc1,3.536,176,DescriptorExtractionError,Cannot safely pair the structure/log/fchk: Duplicate fchk field: Force Field.
177,O=C(O)c1ccccc1Cl,3.063333333333333,177,DescriptorExtractionError,Cannot safely pair the structure/log/fchk: Duplicate fchk field: Force Field.
178,O=C(O)c1ccccc1Nc1ccccc1,3.925,178,DescriptorExtractionError,Cannot safely pair the structure/log/fchk: Duplicate fchk field: Force Field.
179,O=C(O)c1ccccc1O,2.9423076923076925,179,DescriptorExtractionError,Cannot safely pair the structure/log/fchk: Duplicate fchk field: Force Field.
180,O=C(O)c1ccccc1P(O)O,1.32,180,DescriptorExtractionError,Cannot safely pair the structure/log/fchk: Duplicate fchk field: Force Field.
181,O=C(O)c1ccccc1[N+](=O)[O-],2.1083333333333334,181,DescriptorExtractionError,Cannot safely pair the structure/log/fchk: Duplicate fchk field: Force Field.
182,O=Cc1ccc(C(=O)O)cc1,3.76,182,DescriptorExtractionError,Cannot safely pair the structure/log/fchk: Duplicate fchk field: Force Field.
183,O=Cc1cccc(C(=O)O)c1,3.84,183,DescriptorExtractionError,Cannot safely pair the structure/log/fchk: Duplicate fchk field: Force Field.
