name,smiles,pka_value,source_index,sasa,polar,oh_distance,co_distance,co_double_distance,h_charge,o_single_charge,o_double_charge,cooh_charge,oh_bond,co_bond,co_double_bond,homo_ev,lumo_ev,dipole_moment_debye,logp,hbd,hba
0,C=C(C)c1ccc(C(=O)O)cc1,4.04,0,101.17180858396821,185.52043233333333,0.9708114559320983,1.3390610363247077,1.2155644587943495,0.52892,-0.70488,-0.68787,-0.03073999999999999,0.7028,1.072,1.6557,-7.989806878381,-0.7404217872105,3.23259076438698,2.4179000000000004,1,1
1,C=CCc1ccc(C(=O)O)cc1,4.34,1,101.57773699018405,177.97852066666667,0.9707950663044187,1.3397364185249279,1.2155515159222994,0.52883,-0.70614,-0.68875,-0.03212999999999999,0.7029,1.0707,1.6556,-8.4793396954305,-0.48626745084350004,3.6253008826854636,2.1133,1,1
2,C=CCc1cccc(C(=O)O)c1,4.32,2,101.48774384184182,176.72369133333333,0.9707994425441333,1.3387030530614323,1.2150027219150579,0.52913,-0.70461,-0.68636,-0.02686999999999995,0.7024,1.073,1.6589,-8.426821722284,-0.5047711926775,3.3444843593594515,2.1133,1,1
3,CC(=O)Nc1cccc(C(=O)O)c1,4.03,3,102.60317032500807,175.88534153333333,0.9710819054039673,1.3377692261148784,1.214397667116089,0.52985,-0.70274,-0.6831,-0.020320000000000005,0.7017,1.0756,1.6625,-7.9764732997065,-0.5630035566845,7.682597557467136,1.3432,2,2
4,CC(=O)Oc1ccc(C(=O)O)cc1,3.92,4,101.40170720943878,162.20254433333335,0.9708489821336788,1.3374397242507794,1.214353010679349,0.53006,-0.70258,-0.68252,-0.020260000000000056,0.7016,1.0758,1.6621,-8.880707624918,-0.5616429874319999,4.450797261165689,1.3101,1,3
5,CC(=O)Oc1ccccc1C(=O)O,3.38,5,83.22802556686483,162.39486166666666,0.971562535467481,1.3328016919572094,1.2135560290934244,0.53127,-0.69355,-0.67676,0.0015600000000000058,0.6986,1.0864,1.6665,-8.811590706891,-0.553479571917,3.478617416445793,1.3101,1,3
6,CC(=O)c1ccc(C(=O)O)cc1,3.7,6,102.85531225057557,163.29506966666665,0.9710073763437642,1.3359899709836895,1.2131395000897467,0.53112,-0.69988,-0.67486,-0.01036999999999988,0.7005,1.0797,1.6697,-8.9419332412805,-1.2911802206225,6.281668751215715,1.5874000000000001,1,2
7,CC(=O)c1cccc(C(=O)O)c1,3.827,7,102.8521275592341,161.6962391666667,0.9711764935612888,1.3366552213959288,1.2135350538888443,0.53078,-0.70171,-0.6795,-0.014249999999999874,0.7008,1.0776,1.666,-8.9468312905895,-0.8743018016565,7.943031849363314,1.5874000000000001,1,2
8,CC(=O)c1ccccc1C(=O)O,4.123,8,83.811210817844,159.98108200000001,0.9713227362735827,1.3348635213927302,1.2145076152289043,0.53178,-0.69708,-0.6664,0.005090000000000039,0.6997,1.0827,1.6552,-8.817032983900999,-0.672121210735,6.742509042633906,1.5874000000000001,1,2
9,CC(C)(C)c1ccc(C(=O)O)cc1,4.382,9,103.01949810491627,195.37668399999998,0.9705203605942541,1.340296548716738,1.2158337150667438,0.52829,-0.70667,-0.69016,-0.03461000000000003,0.7034,1.0696,1.6541,-8.4749858738225,-0.4236812652285,3.913775836708076,2.6823000000000006,1,1
10,CC(C)(C)c1cccc(C(=O)O)c1,4.204,10,102.75430724280821,193.70470799999998,0.9707864702446156,1.3390971292426848,1.215109646641405,0.52876,-0.70512,-0.68747,-0.02786999999999995,0.7028,1.072,1.6582,-8.4026035895895,-0.42096012672349997,2.9988504464210948,2.6823000000000006,1,1
11,CC(C)c1ccc(C(=O)O)cc1,4.36,11,102.93634455467392,177.60035133333335,0.9706689275679945,1.3398987308158776,1.2158660528174967,0.52842,-0.70639,-0.69078,-0.03491999999999995,0.7033,1.0701,1.6535,-8.480700264683,-0.4193274436205,3.910911415514292,2.5082000000000004,1,1
12,CC(C)c1cccc(C(=O)O)c1O,2.76,12,95.39856808275712,184.84008833333334,0.9712831436929193,1.3320546761612302,1.2270277577764896,0.53204,-0.69306,-0.70382,-0.023310000000000053,0.699,1.0915,1.5848,-7.871165239563001,-0.50613176193,3.0810418838438403,2.2137999999999995,2,2
13,CC=Cc1ccc(C(=O)O)cc1,4.49,13,102.94890053564808,192.85211966666668,0.9706657242125118,1.340161426115899,1.2161578596983205,0.52832,-0.70642,-0.69059,-0.03681000000000012,0.7034,1.0693,1.6518,-7.700549855299501,-0.7714427661675001,4.046169877798015,2.4179000000000004,1,1
14,CC=Cc1cccc(C(=O)O)c1,4.25,14,102.43488512840884,182.74354633333334,0.9706907148726622,1.3385543700817686,1.2146938530102964,0.52923,-0.70427,-0.68516,-0.024490000000000012,0.7024,1.0736,1.6607,-7.8262664542305,-0.521914365259,3.598259765497761,2.4178999999999995,1,1
15,CCCC(=O)c1ccccc1C(=O)O,4.45,15,84.48304129593913,193.39503233333335,0.9717583655760313,1.3345804333894606,1.2123889064512259,0.53377,-0.69455,-0.67091,0.007369999999999988,0.6964,1.0771,1.6744,-8.833087701080501,-0.791851304955,2.6193895242975986,2.3676,1,2
16,CCOC(=O)CNc1ccc(C(=O)O)cc1,4.88,16,101.84577138162426,222.22464633333334,0.9701015027294827,1.3455272542397643,1.219953742010327,0.52565,-0.71457,-0.71011,-0.07115000000000016,0.7063,1.0558,1.6273,-7.253466798928001,-0.19428928925699998,7.455313694942689,1.3598,2,4
17,CCOC(=O)CNc1cccc(C(=O)O)c1,4.3,17,101.8513101908699,212.92661133333334,0.9709916174591827,1.3390408969564744,1.2149823454227644,0.52906,-0.70517,-0.68615,-0.02687000000000006,0.7025,1.0727,1.6598,-7.2869368025395,-0.4791924907305,5.850772609664471,1.3598,2,4
18,CCOP(=O)(OCC)c1ccc(C(=O)O)cc1,3.63,18,102.51112095710334,229.50995766666665,0.9710194813339228,1.3356542623456116,1.2127547605406463,0.53149,-0.69951,-0.67364,-0.007469999999999977,0.7001,1.0805,1.6717,-8.994995442128001,-0.9434187196835,6.378660675251506,2.2762000000000002,1,4
19,CCOP(=O)(OCC)c1cccc(C(=O)O)c1,3.73,19,101.90115391484193,228.38085900000002,0.9709589888440189,1.3362638746280617,1.2133874509302462,0.53128,-0.70103,-0.67758,-0.011170000000000013,0.7003,1.0784,1.6674,-9.066289270959,-0.682461537054,3.6565290577267398,2.2762000000000002,1,4
20,CCOc1ccc(C(=O)O)c(C(=O)O)c1,2.74,20,182.51745229814424,192.36668266666666,0.9723787444226655,1.3324719442427297,1.2095295816762812,0.53243,-0.70182,-0.68205,0.003489999999999993,0.6991,1.0719,1.6619,-8.1076321756475,-0.48790013394650006,3.933611964848592,1.4817,2,3
21,CCOc1ccc(C(=O)O)c(O)c1,3.2,21,95.94865653710121,176.31155966666665,0.9711693573218839,1.3340896267496423,1.2289596846902666,0.53108,-0.69667,-0.71347,-0.041810000000000014,0.7002,1.0848,1.573,-7.9944328138395,-0.35048263944400004,6.257332515537271,1.4890999999999999,2,3
22,CN(C)c1ccc(/N=N/c2ccccc2C(=O)O)cc1,4.82,22,86.44840049248778,365.94944000000004,0.9718378675468454,1.3369832445883532,1.212323742733351,0.52812,-0.70116,-0.67526,0.0029400000000000537,0.7019,1.0744,1.6804,-6.783798292965,-1.274037048041,6.946100778134449,3.866200000000002,1,4
23,CN(C)c1ccc(C(=O)O)cc1,5.03,23,102.88273407144678,189.01088066666668,0.9699627711964004,1.3464626611518047,1.220431467556454,0.52517,-0.71565,-0.71229,-0.07597999999999994,0.707,1.0534,1.6244,-7.0082922196275,-0.1727922950675,6.972281352613361,1.4507999999999999,1,2
24,CN(C)c1cccc(C(=O)O)c1,5.1,24,101.94757060875793,177.99467,0.9707200222365872,1.3392043249489602,1.2150424834654958,0.52849,-0.70481,-0.6875,-0.027730000000000032,0.7031,1.0726,1.6589,-7.0262517337605,-0.418511102069,3.526435034138584,1.4507999999999999,1,2
25,CN(C)c1ccccc1C(=O)O,8.5,25,86.64947836994801,178.81568933333332,0.9710871096513431,1.3377608927685845,1.2168167720219836,0.52573,-0.70188,-0.69214,-0.032299999999999884,0.7042,1.0735,1.6557,-7.0790418207575,-0.19265660615400002,4.498995392307043,1.4507999999999999,1,2
26,CNc1ccc(C(=O)O)cc1,5.04,26,102.54204250967229,169.38319199999998,0.9700502239688412,1.3468899206523897,1.2210037274934913,0.5248,-0.71655,-0.71465,-0.08026999999999995,0.7072,1.0523,1.6212,-7.092919627133,-0.1385059499045,6.989714813924814,1.4264999999999999,2,2
27,CNc1cccc(C(=O)O)c1,5.1,27,101.68687356309117,159.29791196666667,0.970556645939844,1.3390946993252566,1.214913430161178,0.52863,-0.70526,-0.68602,-0.02696999999999994,0.703,1.0725,1.6604,-7.132920363156499,-0.4111640281055,5.4741649408836786,1.4264999999999999,2,2
28,CNc1ccccc1C(=O)O,5.34,28,94.86599620964668,164.11021413333336,0.9708313974614748,1.3463071342138093,1.219885459810879,0.53304,-0.72243,-0.71066,-0.07022000000000006,0.6967,1.0465,1.6242,-7.045299703295499,-0.3376932884705,5.610911116743875,1.4264999999999999,2,2
29,COP(=O)(OC)c1ccc(C(=O)O)cc1,3.61,29,101.7944907854828,195.66425633333333,0.9712653670779172,1.3352860137112947,1.212973130771659,0.53153,-0.69897,-0.67386,-0.007200000000000095,0.7,1.0814,1.671,-9.004247313045001,-0.964915713873,3.1740385284366037,1.4959999999999998,1,4
30,COP(=O)(OC)c1cccc(C(=O)O)c1,3.74,30,102.17341557973253,194.72152300000002,0.971055887807185,1.3363250190002431,1.2134569227282028,0.53097,-0.70078,-0.67812,-0.011809999999999876,0.7006,1.0783,1.6669,-9.084248785092,-0.739605445659,3.7383534423593496,1.4959999999999998,1,4
31,COc1cc(C(=O)O)cc(OC)c1O,4.34,31,102.5524944946788,180.834526,0.9705785719224382,1.3403618828212027,1.216325804640352,0.52852,-0.70706,-0.69267,-0.038060000000000094,0.7032,1.0679,1.6488,-7.630616595721,-0.359734510361,4.53023189251941,1.1076,2,4
32,COc1cc(C(=O)O)cc(OC)c1OC,4.166666666666667,32,102.09109337760613,195.23553066666668,0.9707928038551795,1.338093700562483,1.2146744872841448,0.52983,-0.70339,-0.68427,-0.02261000000000002,0.7018,1.0741,1.6597,-7.921234188055001,-0.49524720791000004,3.2684635442360372,1.4105999999999999,1,4
33,COc1cc(C(=O)O)cc([N+](=O)[O-])c1O,4.12,33,102.43346082845761,186.5100735,0.9708609338195664,1.3362074191640307,1.213760726811096,0.53161,-0.70095,-0.67915,-0.012839999999999963,0.7001,1.077,1.6623,-8.087495750710499,-1.6960856301665002,7.901224108959321,1.0071999999999999,2,5
34,COc1cc(C(=O)O)ccc1O,4.49,34,102.75534269480787,156.76317043333333,0.9703770307591786,1.3413970367098624,1.2165373639514736,0.52807,-0.70874,-0.69442,-0.04260000000000008,0.7037,1.0657,1.6474,-7.716060344778,-0.3344279222645,5.932221658872837,1.0989999999999998,2,3
35,COc1cc(OC)cc(C(=O)O)c1,3.97,35,102.74102103155047,171.46910666666668,0.9707787411315719,1.337026159766891,1.2135994241944086,0.53004,-0.70175,-0.67982,-0.014889999999999959,0.7016,1.0775,1.6669,-7.6368752142825,-0.4639541151025,6.58184350847086,1.402,1,3
36,COc1cc([N+](=O)[O-])cc(C(=O)O)c1O,2.58,36,95.91700357422859,190.59637553333332,0.9720056589614077,1.3414968468445982,1.2091753601115929,0.54696,-0.71867,-0.6617,0.009650000000000047,0.6821,1.0506,1.6833,-8.045862331584,-1.7377190492930001,7.498394939585404,1.0071999999999999,2,5
37,COc1cc2ccccc2cc1C(=O)O,3.8,37,97.86921897629833,231.93300966666666,0.9709811337595599,1.3428588956722145,1.213087257000089,0.5277,-0.70815,-0.67378,-0.01650000000000007,0.7035,1.0659,1.6731,-7.4006803920485,-0.7257276392835,4.071571605657943,2.5466000000000006,1,2
38,COc1ccc(C(=O)O)c(C(=O)O)c1,2.67,38,183.2808458017089,175.336414,0.972868256712079,1.3319338642950709,1.2089240871886868,0.53291,-0.70151,-0.68096,0.007324999999999915,0.6982,1.0731,1.6621,-8.1631434011495,-0.513750949744,6.3392548647297655,1.0916,2,3
39,COc1ccc(C(=O)O)c(N)c1,4.88,39,94.78012612360304,169.98175383333333,0.9703588272809185,1.3482209043287379,1.2216220357287275,0.53086,-0.72458,-0.71895,-0.08521999999999996,0.6994,1.0427,1.6127,-7.3119712767855,-0.082722610552,7.430293702135872,0.9756,2,3
40,COc1ccc(C(=O)O)c(O)c1,3.31,40,95.94265109081829,159.26091983333333,0.9707782511212335,1.334408453398359,1.2293608234643725,0.53069,-0.69687,-0.71477,-0.04461000000000004,0.7007,1.0837,1.5705,-7.9079006093804995,-0.31020978957,2.253628571881356,1.0989999999999998,2,3
41,COc1ccc(C(=O)O)c(OC)c1,4.36,41,96.01707027099843,175.969777,0.9710995382951219,1.3391387215613624,1.2201734073528239,0.52376,-0.69887,-0.70965,-0.051710000000000034,0.7057,1.0738,1.6253,-7.877423858124501,-0.256331247171,5.215558096694926,1.402,1,3
42,COc1ccc(C(=O)O)c2ccccc12,4.31,42,94.70651138491459,230.03700133333328,0.971159123580168,1.339004807600406,1.2177848065618981,0.52782,-0.70402,-0.69797,-0.037390000000000034,0.7022,1.071,1.6453,-7.3887073826265,-0.62586185615,3.500548929810866,2.5466000000000006,1,2
43,COc1ccc(C(=O)O)cc1,4.2783750000000005,43,102.94850698074798,150.52139106666667,0.970720314694712,1.3412406728823878,1.217225563210862,0.52774,-0.7086,-0.69698,-0.04536000000000007,0.704,1.0661,1.6448,-8.0107596448695,-0.306400195663,3.30176698299562,1.3934,1,2
44,COc1ccc(C(=O)O)cc1O,4.47,44,102.84707684120842,157.13638053333335,0.970652433005244,1.3404290191349184,1.216396847316697,0.52824,-0.70733,-0.6932,-0.039569999999999994,0.7035,1.0681,1.6491,-7.724495874143501,-0.327625076002,7.655450780326395,1.0989999999999998,2,3
45,COc1ccc(C(=O)O)cc1OC,4.395,45,102.79462716803899,174.75214233333335,0.9704674248968899,1.3413113267944174,1.2166387330123927,0.52821,-0.70872,-0.69496,-0.04282000000000008,0.7036,1.066,1.6468,-7.608575373830501,-0.325448165198,2.369068992241467,1.402,1,3
46,COc1ccc(C=O)c(C(=O)O)c1OC,3.065,46,83.70502847080587,197.81644600000004,0.9728727049157045,1.3305425907820463,1.2083560644131346,0.53045,-0.6911,-0.6583,0.03422999999999998,0.6981,1.0945,1.704,-8.0983803047305,-0.8650499307395,10.287147833097375,1.2145,1,4
47,COc1ccc(N)c(C(=O)O)c1,5.57,47,93.47918071684842,167.39504036666665,0.9703228953379385,1.343330084341522,1.221466289883597,0.52754,-0.71051,-0.70383,-0.056789999999999896,0.7042,1.0622,1.6195,-6.9206715597665,-0.40735443419850004,4.013935337047671,0.9756,2,3
48,COc1ccc(O)c(C(=O)O)c1,2.94,48,98.33492399986866,155.40665583333333,0.9705251494350883,1.3452697330531895,1.2145380433885138,0.52808,-0.71345,-0.68006,-0.03373999999999999,0.7037,1.0581,1.6607,-7.497825036677001,-0.5058596480795,3.838358844610545,1.099,2,3
49,COc1cccc(C(=O)O)c1,3.8745,49,102.78693404201024,147.2022036,0.9711385766851196,1.337552160450575,1.2143183288923873,0.52965,-0.70255,-0.6828,-0.02021000000000006,0.7019,1.0761,1.6633,-7.9438196376465005,-0.49905680181699996,5.062218900837854,1.3934,1,2
50,COc1cccc(C(=O)O)c1OC,3.98,50,92.42240191311956,170.366043,0.9712902305392553,1.3411141910199145,1.2120939830862951,0.52859,-0.70501,-0.67035,-0.007079999999999975,0.7024,1.0713,1.6793,-7.870076784160999,-0.39021126161700004,6.075070535392984,1.402,1,3
51,COc1cccc(OC)c1C(=O)O,3.44,51,95.92983671832721,168.84492833333334,0.9722167544503642,1.3365602932830978,1.211244039710413,0.52713,-0.69683,-0.6666,0.01774000000000009,0.7023,1.0847,1.6966,-7.805857915443,0.1357848113995,5.279775128734178,1.402,1,3
52,COc1ccccc1C(=O)O,3.9,52,98.27401046377328,148.76462853333334,0.9713846832604477,1.3360135762880554,1.2167617701962041,0.52594,-0.69498,-0.69252,-0.022740000000000093,0.7038,1.0823,1.6507,-7.967493542640001,-0.368986381278,5.340172530920701,1.3934,1,2
53,C[Si](C)(C)c1ccc(C(=O)O)cc1,4.234,53,102.92412083943111,210.45676766666668,0.9706679450878146,1.338888733257174,1.214999742262524,0.52904,-0.70463,-0.68585,-0.027529999999999943,0.7026,1.0729,1.6592,-8.629274427056,-0.5785140461630001,3.632030988303927,1.93,1,1
56,Cc1cc(C(=O)O)c2ccccc2c1,3.72,56,94.37116795064108,222.45064766666667,0.9711773814880573,1.341484405612678,1.214235800721178,0.52759,-0.70603,-0.67891,-0.018950000000000022,0.7033,1.0699,1.6664,-7.588711062744,-0.7115777190575,3.676094147325392,2.846420000000001,1,1
57,Cc1cc(C(=O)O)cc(C)c1C,4.52,57,102.92102654214142,179.554178,0.9704206822291039,1.3412231193779802,1.2164455292831653,0.52754,-0.70806,-0.69361,-0.03937999999999997,0.7041,1.0672,1.6508,-8.1996066571165,-0.36136719346400004,4.461827739839359,2.31006,1,1
58,Cc1cc(C)c(C(=O)O)c(C)c1,3.498,58,82.53058103207337,177.01683933333334,0.9719350214731438,1.3384268587655435,1.213607133603787,0.52623,-0.70092,-0.67628,0.00046000000000001595,0.7031,1.078,1.6812,-8.170490475113,0.0819062690005,2.9505635597288866,2.31006,1,1
59,Cc1cc(C)c(C(=O)O)cc1C,4.38,59,91.3149821232042,180.10545333333334,0.9710424642104997,1.3372783441460496,1.2182578360564729,0.5266,-0.69927,-0.70145,-0.03597000000000006,0.7033,1.0756,1.6419,-8.019467288085501,-0.271025395098,3.817520051027892,2.31006,1,1
60,Cc1cc(C)c(C)c(C(=O)O)c1,4.01,60,93.77891371630656,177.42712533333335,0.9715664036127436,1.337233537649277,1.2151436581351194,0.52706,-0.69987,-0.6862,-0.013980000000000103,0.7027,1.0784,1.6691,-7.956064760918999,-0.0927908230205,3.6947065675097934,2.31006,1,1
61,Cc1cc(C)c(C)c(C(=O)O)c1C,3.416,61,89.55045131565116,192.00746733333335,0.9726213841783452,1.3372520251882216,1.2115178596624152,0.52656,-0.70074,-0.66959,0.010029999999999983,0.7017,1.0848,1.7021,-7.715788230927501,0.8264097639685001,2.709463149777092,2.618480000000001,1,1
62,Cc1cc(C)cc(C(=O)O)c1,4.343999999999999,62,102.77143959909858,160.01252069999998,0.9705457973480696,1.3396910038818652,1.215357917348219,0.52839,-0.7058,-0.68835,-0.030449999999999977,0.7032,1.0711,1.6575,-8.241240076243,-0.465858912056,3.7719359644617514,2.00164,1,1
63,Cc1cc([N+](=O)[O-])c(C)c(C(=O)O)c1O,2.78,63,83.01425622672889,200.7006276666667,0.9722090909027749,1.3237717494118837,1.2267531182002354,0.53485,-0.67669,-0.69711,0.011120000000000019,0.6942,1.1129,1.5854,-8.2050489341265,-1.5115924395275,4.764947796146354,1.61544,2,4
64,Cc1cc2ccccc2c(C(=O)O)c1C,2.831,64,89.08906625427893,237.5165783333333,0.9725105823681303,1.3363108637061212,1.2110739273421751,0.52779,-0.69815,-0.66519,0.013610000000000011,0.7007,1.087,1.7025,-7.4719742208795,-0.23837173303800002,2.7864057457592213,3.154840000000002,1,1
65,Cc1ccc(C(=O)O)c(C)c1,4.2595,65,89.90918013771189,161.82653983333333,0.9701933296209572,1.3466973666336473,1.2153881201953556,0.52624,-0.71524,-0.68451,-0.04073999999999989,0.7054,1.0559,1.6554,-8.322330003692,-0.3453124762845,3.4125375030906255,2.00164,1,1
66,Cc1ccc(C(=O)O)c(C)c1C,4.06,66,93.27171436706567,178.9643153333333,0.9709243889211969,1.3436090966605578,1.2149173700182248,0.52595,-0.70937,-0.68397,-0.026229999999999865,0.705,1.0661,1.6639,-8.124775348229,-0.11047822330300001,3.311048820238083,2.31006,1,1
67,Cc1ccc(C(=O)O)c(N)c1,5.07,67,94.26413711595961,163.182413,0.9699478734519709,1.346932229246891,1.2245507785253333,0.52554,-0.71554,-0.7172,-0.08102999999999994,0.7063,1.0535,1.601,-7.2706099715095,-0.21633051114750002,2.852648581581685,1.27542,2,2
69,Cc1ccc(C(=O)O)cc1,4.383333333333334,69,102.95158640796798,142.855117,0.970643360157581,1.3400702702560041,1.2159528398062978,0.52845,-0.70673,-0.69084,-0.035479999999999956,0.7032,1.0697,1.6533,-8.479883923131501,-0.4231370375275,3.856975237151517,1.69322,1,1
70,Cc1ccc(C(=O)O)cc1C,4.5,70,102.8804969806194,161.18529183333334,0.9706510990391968,1.3405569207292167,1.216284857344693,0.5278,-0.70703,-0.69256,-0.037699999999999956,0.7039,1.0688,1.6515,-8.270084144396002,-0.383136301504,3.882724225334578,2.00164,1,1
71,Cc1ccc(C(=O)c2ccccc2C(=O)O)cc1,3.644,71,82.78854657031167,266.53505366666667,0.9711843409307008,1.336015522980553,1.2137902576895234,0.53142,-0.6977,-0.66395,0.007689999999999975,0.7002,1.0793,1.6587,-8.401243020337,-0.7768850431775,7.059019208785311,2.924220000000001,1,2
72,Cc1ccc(C)c(C(=O)O)c1,4.0205,72,91.82806577209809,160.46113873333334,0.9705928325765649,1.3441429734005235,1.214488937884162,0.52671,-0.71101,-0.68044,-0.028390000000000026,0.7046,1.0628,1.6636,-8.1163398188635,-0.3649046735205,3.1939089357713377,2.00164,1,1
73,Cc1ccc(C)c(C(=O)O)c1C,3.34,73,84.23162530065608,175.168777,0.9725562229059047,1.336463061024883,1.2124916510104307,0.52693,-0.69899,-0.67257,0.008349999999999969,0.7017,1.0853,1.6924,-7.930486058972,0.28109360756650004,2.408314352405018,2.31006,1,1
74,Cc1ccc(C)c(C(=O)O)c1O,3.23,74,83.49034457690648,169.79519866666666,0.9720511345222536,1.3279615392333468,1.2315093478597716,0.53097,-0.68296,-0.71405,-0.0224899999999999,0.698,1.1011,1.5593,-7.6956518059905,-0.447355170222,3.665733368645352,1.7072399999999999,2,2
75,Cc1ccc(N)c(C(=O)O)c1,5.13,75,94.40269110763454,162.40274036666668,0.9707618434497721,1.3451482377927722,1.2194402997268874,0.53158,-0.71991,-0.70905,-0.06613999999999998,0.6985,1.0511,1.6271,-7.135369387811,-0.314019383477,4.799959842540352,1.27542,2,2
76,Cc1ccc(O)c(C(=O)O)c1,3.026666666666667,76,95.77242986493079,150.24747856666667,0.9710133083294994,1.3318823365609291,1.2265413933010987,0.53191,-0.69314,-0.70472,-0.02573000000000003,0.6992,1.0908,1.5885,-7.789803198263501,-0.5249076176145,4.181681262363261,1.39882,2,2
77,Cc1ccc2ccccc2c1C(=O)O,3.034,77,85.71712884032341,219.335787,0.9723449723472631,1.335835698436376,1.212264041398985,0.52763,-0.69669,-0.66919,0.010740000000000083,0.7012,1.086,1.6924,-7.5718400040130005,-0.42803508683650004,3.0159796650508106,2.846420000000001,1,1
78,Cc1cccc(C(=O)O)c1,4.272666666666667,78,102.50012653693761,141.4726885,0.9706767913559072,1.3392286699178748,1.2150553417972367,0.52875,-0.70517,-0.68684,-0.02839999999999987,0.7029,1.0721,1.6589,-8.420835217573,-0.486539564694,3.156259441173998,1.69322,1,1
79,Cc1cccc(C(=O)O)c1C,3.758,79,92.86245773158473,159.56322933333334,0.9711614024198041,1.3423058182180392,1.2139600509283655,0.5267,-0.70748,-0.6792,-0.0188600000000001,0.7042,1.0693,1.6698,-8.1957970632095,-0.198098883164,2.5583527239221726,2.00164,1,1
80,Cc1cccc(C(=O)O)c1O,2.971,80,98.15641003173073,149.80448316666664,0.9713207805091992,1.3365857703959743,1.2172957533233246,0.52588,-0.69598,-0.69639,-0.029390000000000027,0.7038,1.0807,1.6448,-7.9362004498325005,-0.36817003972650003,5.922500274377368,1.39882,2,2
81,Cc1cccc(C)c1C(=O)O,3.307,81,82.54100032440539,157.46663266666664,0.9722900819246281,1.3367031451904348,1.212483132805566,0.52731,-0.69864,-0.67108,0.009559999999999902,0.7018,1.0825,1.6894,-8.2181103989505,0.07836878894400001,2.445916885341773,2.00164,1,1
82,Cc1cccc(O)c1C(=O)O,3.24,82,89.36583931429752,146.8354821,0.9720521186027015,1.3367751050247756,1.2124033511670116,0.52699,-0.69725,-0.6706,0.008569999999999967,0.7025,1.0842,1.6876,-7.942186954543501,-0.0029932523555,4.097055404799891,1.3988199999999997,2,2
83,Cc1ccccc1C(=O)O,3.914,83,91.5011301386473,141.69548696666666,0.9713972854584266,1.3352552285799146,1.2161117054189554,0.52795,-0.69672,-0.69051,-0.019449999999999967,0.7019,1.0815,1.6571,-8.4379783901545,-0.3289856452545,3.3290533519305456,1.69322,1,1
84,N#Cc1ccc(C(=O)O)c(O)c1,2.35,84,96.58556594340178,155.81584113333332,0.9707852935608366,1.340995229012393,1.2121412787934418,0.53042,-0.70648,-0.66631,-0.010119999999999907,0.7012,1.0681,1.6755,-8.387093100111,-1.184783705077,2.0806260620303685,0.9620799999999998,2,3
85,N#Cc1ccc(O)c(C(=O)O)c1,2.38,85,98.50549314893672,155.4051244,0.9706555750445162,1.3417352342846929,1.212409277296656,0.53049,-0.70836,-0.66989,-0.013289999999999913,0.7011,1.0656,1.6721,-8.3481808194895,-0.6827336509045,4.858625931269046,0.96208,2,3
86,NS(=O)(=O)c1ccc(C(=O)O)cc1,3.47,86,102.50900288487975,169.74388933333333,0.9711370153649792,1.3342765734835489,1.212099623828834,0.53249,-0.6974,-0.66958,-0.00031999999999998696,0.6991,1.0836,1.6751,-9.1781280635145,-1.07212857097,7.8506337897013125,0.03219999999999995,2,3
87,NS(=O)(=O)c1cccc(C(=O)O)c1,3.54,87,102.03358419874003,167.25007266666668,0.9712148054117584,1.3345864998522952,1.2124963088479899,0.53233,-0.69834,-0.67289,-0.002630000000000021,0.6992,1.0819,1.6714,-9.2347277444185,-0.8530769213175001,8.110065695171649,0.03219999999999973,2,3
88,Nc1cc(Br)ccc1C(=O)O,4.37,88,94.37131089589244,170.56378233333334,0.970949620625087,1.343307109048411,1.2180266309120664,0.53368,-0.71744,-0.70151,-0.05286999999999986,0.6964,1.0547,1.6349,-7.472518448580501,-0.487628020096,5.182099398892306,1.7295,2,2
89,Nc1cc(C(=O)O)c2ccccc2c1,4.39,89,94.75834805291024,224.08464133333337,0.9712350226994493,1.3406349336001209,1.21360070543404,0.52788,-0.70465,-0.67601,-0.014089999999999936,0.7029,1.0721,1.6707,-7.037952629332,-0.6832778786055,4.614414945580859,2.1202,2,2
90,Nc1cc(C(=O)O)cc([N+](=O)[O-])c1,3.55,90,102.55155986747859,169.18763596666668,0.9710112255468523,1.3346053083942087,1.2122599002020977,0.53214,-0.69801,-0.67276,-0.0011700000000001154,0.6994,1.0823,1.673,-7.707352701562,-1.8022100318615,5.364431556092407,0.8752,2,4
91,Nc1cc(C(=O)O)cc2ccccc12,4.46,91,102.67156673498593,224.85443533333333,0.9708675347718655,1.338962426051605,1.2154578997110512,0.52882,-0.70427,-0.68877,-0.029019999999999935,0.7027,1.073,1.6565,-6.973189532913,-0.699876823486,4.918650959358674,2.1202,2,2
92,Nc1cc(Cl)ccc1C(=O)O,4.44,92,94.21322848530366,159.71964986666666,0.9702233309650927,1.3434827257545965,1.222516814021386,0.52778,-0.71067,-0.70693,-0.06090999999999991,0.704,1.0615,1.6122,-7.467892513122001,-0.4606887488965,1.1393226979218838,1.6204,2,2
93,Nc1cc(F)ccc1C(=O)O,4.6,93,94.31895008633344,141.6519304,0.9708397547453442,1.3444496864955564,1.218868933236466,0.53306,-0.71935,-0.7062,-0.060820000000000096,0.6971,1.0518,1.6294,-7.470885765477501,-0.2800051521645,5.094069585311924,1.1061,2,2
94,Nc1cc([N+](=O)[O-])ccc1C(=O)O,3.7,94,94.45048949843815,172.82885263333333,0.9706201087809796,1.3393532816590998,1.2198502693416926,0.53031,-0.70416,-0.69245,-0.0361800000000001,0.7013,1.0715,1.6281,-7.604493666073,-1.9652062283110001,5.255986203368498,0.8752,2,4
95,Nc1ccc(Br)cc1C(=O)O,4.41,95,94.63282398215742,168.2976237,0.971161446240531,1.3426241374673704,1.2175040013905498,0.534,-0.71614,-0.69974,-0.04893000000000003,0.6961,1.0565,1.637,-7.2839435501839995,-0.485995336993,7.313565752080171,1.7295,2,2
96,Nc1ccc(C(=O)O)c(O)c1,3.356666666666667,96,96.10116158560183,156.19740126666667,0.9705556416038187,1.353768172924744,1.2178041573097869,0.53958,-0.73544,-0.70406,-0.06991000000000003,0.69,1.022,1.6309,-7.425442752444001,-0.1499347316255,4.02190409756374,0.6726000000000001,3,3
98,Nc1ccc(Cl)cc1C(=O)O,4.35,98,94.1101003003285,157.65772106666665,0.9703850226389525,1.3426319794172938,1.2218551674867197,0.52847,-0.70985,-0.70393,-0.055829999999999935,0.7032,1.0631,1.6158,-7.295916559606001,-0.49279818325550007,2.890361425496818,1.6204,2,2
99,Nc1ccc(F)cc1C(=O)O,4.82,99,93.95172278344413,141.1377118,0.9711011087883692,1.3422475557385085,1.2175575433181791,0.53384,-0.71568,-0.69965,-0.04979,0.6963,1.0575,1.6369,-7.314964529141,-0.4976962325645,6.87923846730145,1.1061,2,2
100,Nc1ccc(O)cc1C(=O)O,5.37,100,93.39840562562526,150.13641546666665,0.970149879116624,1.3438827076843425,1.2219871780215208,0.5271,-0.71122,-0.706,-0.061739999999999906,0.7046,1.0607,1.6157,-6.9723731913615,-0.420143785172,4.020187296631837,0.6726000000000001,3,3
101,Nc1ccc(Oc2ccccc2)cc1C(=O)O,4.88,101,94.36953205127028,248.12843966666665,0.9708933963381351,1.3432144622695217,1.2182191026042892,0.53312,-0.71687,-0.70241,-0.054359999999999964,0.697,1.0554,1.6337,-7.2798618424265,-0.45606281343800004,6.650446884232668,2.7593000000000005,2,3
102,Nc1cccc(C(=O)O)c1,4.749,102,102.7180391246311,140.74409110000002,0.9706669012019518,1.3390069831106184,1.2149040344438733,0.52871,-0.70466,-0.68653,-0.027229999999999865,0.7029,1.0731,1.6601,-7.3881631549255,-0.450620536428,3.493857630184722,0.9670000000000001,2,2
103,Nc1ccccc1C(=O)O,4.911714285714285,103,93.75189795592146,143.91531966666665,0.9708426638395121,1.3446314489602718,1.2189528759742931,0.53219,-0.71929,-0.7065,-0.06190999999999991,0.6979,1.0523,1.6304,-7.3228558308055005,-0.327080848301,5.0851848284993535,0.9670000000000001,2,2
104,O=C(O)CN(CC(=O)O)c1cc(C(=O)O)c(O)cc1C(=O)O,1.61,104,359.84320876205805,250.66185099999998,0.9719570200487264,1.3308863481958177,1.209017742846233,0.53021,-0.71277,-0.68948,-0.005097500000000005,0.7029,1.0736,1.6581,-7.6880326181765,-0.9733512432385001,7.904811176112938,-0.23579999999999984,5,6
105,O=C(O)COc1ccccc1C(=O)O,2.51,105,194.25143337365324,170.7005323333333,0.9724367239162658,1.3263322430062539,1.2107052229651114,0.53275,-0.6932,-0.68996,-0.009510000000000018,0.7032,1.0848,1.653,-8.0994687601325,-0.420143785172,2.8784639011111466,0.8482000000000001,2,3
106,O=C(O)CSc1ccccc1C(=O)O,2.93,106,189.1781998924866,193.10502599999998,0.9722250611802803,1.3330261137805965,1.2110905559449303,0.53116,-0.69908,-0.67971,-0.005755000000000066,0.7006,1.0868,1.6804,-7.8975602830615,-0.35864605495900004,5.626541824246933,1.5615,2,3
107,O=C(O)c1c(Cl)cccc1Cl,1.707,107,92.06616291144422,150.48270666666667,0.9733700857428279,1.328427745796511,1.206319255092117,0.53466,-0.68417,-0.63709,0.057700000000000085,0.694,1.1044,1.7226,-8.649955079694,0.082178382851,4.160506279288615,2.691600000000001,1,1
108,O=C(O)c1c(F)c(F)c(-c2c(F)c(F)c(F)c(F)c2F)c(F)c1F,1.42,108,95.18578367165746,213.83174266666666,0.9728191612288486,1.3269000252291052,1.206534887120136,0.53639,-0.6805,-0.63718,0.05890000000000006,0.6937,1.1033,1.7065,-8.902476732958,-1.1714501264025,2.417665322165167,4.3037,1,1
109,O=C(O)c1c(F)c(F)c(Br)c(F)c1F,1.66,109,97.75896967324138,143.06868753333333,0.9728077424476025,1.3270554114760995,1.2064850045790043,0.53655,-0.68104,-0.63749,0.058479999999999976,0.6936,1.1027,1.7063,-8.968056170928499,-0.954031159853,2.2689942926327515,2.7037,1,1
110,O=C(O)c1c(F)c(F)c(C(F)(F)F)c(F)c1F,1.44,110,97.92256193051645,132.8962031,0.9731182766519185,1.3251706648118953,1.2051994758026574,0.53809,-0.67795,-0.63024,0.07058999999999993,0.6919,1.1077,1.714,-9.0290096734405,-1.17553183416,3.518081342152282,2.96,1,1
111,O=C(O)c1c(F)c(F)c(Cl)c(F)c1F,1.69,111,97.72989969429992,133.51904199999998,0.9727752249846822,1.3270555415313257,1.2065650861826727,0.53652,-0.68121,-0.63797,0.05776999999999999,0.6936,1.1025,1.7059,-8.981389749603,-0.9289966856069999,2.3190229537458227,2.5946,1,1
112,O=C(O)c1c(F)c(F)c(F)c(F)c1F,1.75,112,97.62178180103638,116.16665576666668,0.9727131032133783,1.327766212732874,1.2070760348586167,0.53598,-0.68233,-0.64087,0.05318999999999996,0.6942,1.1008,1.7027,-9.011322273158001,-0.766816830709,2.43094701505401,2.0803000000000003,1,1
113,O=C(O)c1c(F)c(F)c(O)c(F)c1F,2.27,113,96.49820777476882,126.61286503333332,0.9723978556352334,1.330891695604492,1.2093701188746975,0.53352,-0.68722,-0.65301,0.03177999999999992,0.6967,1.0926,1.6884,-8.7079153298505,-0.6000110403525,2.1385522298976007,1.6467999999999998,2,2
114,O=C(O)c1c(F)c(F)c(S)c(F)c1F,1.67,114,97.3162913996469,148.86497756666668,0.9725629673532714,1.3293769895229117,1.208078205120844,0.53484,-0.68444,-0.64561,0.04391999999999996,0.6954,1.0969,1.6968,-8.4004266787855,-0.8519884659154999,1.7835699958229843,2.2298999999999998,2,2
115,O=C(O)c1c(F)c(F)cc(F)c1F,1.87,115,97.83535129473604,116.33759253333334,0.9727182464814774,1.3280233566473898,1.207140374439112,0.53551,-0.68266,-0.64142,0.05239000000000005,0.6946,1.1007,1.7039,-8.766964035409,-0.772259107719,2.5829101494244817,1.9412,1,1
116,O=C(O)c1c(O)cccc1Cl,2.63,116,85.2214832688762,148.62715393333335,0.9722512657569544,1.322388852488178,1.227656494258064,0.53301,-0.67463,-0.69925,0.0048799999999999955,0.695,1.1164,1.5772,-8.082869815252002,-0.721645931526,1.844343509219473,1.7438,2,2
117,O=C(O)c1c(O)cccc1O,1.0605,117,88.96985341178883,140.5047488,0.9716391853857065,1.3385665722503308,1.2243863670794446,0.54703,-0.71268,-0.69454,-0.01646000000000003,0.6815,1.0604,1.5913,-7.748169779137,-0.5151115189965,2.9874218818238583,0.7959999999999998,3,3
118,O=C(O)c1c(O)cccc1[N+](=O)[O-],2.24,118,81.89894740187842,156.724343,0.9719902509541957,1.3236269733504982,1.2213279646917123,0.5403,-0.686,-0.68074,0.01910999999999996,0.6895,1.1067,1.6113,-8.451311968829001,-1.5880564315180001,3.3006075592229984,0.9985999999999997,2,4
119,O=C(O)c1cc(Br)cc(Br)c1O,2.162,119,97.97530233905934,180.2175736,0.9717470686619023,1.3311691572531268,1.2142592454138448,0.52971,-0.68677,-0.68143,4.0000000000040004e-05,0.6997,1.093,1.657,-8.122598437425,-0.8362058625865,3.693211420972268,2.6153999999999997,2,2
120,O=C(O)c1cc(Br)ccc1O,2.6513999999999998,120,95.90111916693866,155.8680564,0.9718275976833544,1.3439506879394794,1.2109241822963155,0.54466,-0.72148,-0.67091,-0.007159999999999944,0.6845,1.0461,1.6738,-7.955792647068501,-0.668311616828,3.6873082702697917,1.8528999999999995,2,2
121,O=C(O)c1cc(C(=O)O)c(C(=O)O)cc1C(=O)O,1.87,121,365.9568460251565,200.09340166666667,0.9729282739611386,1.3293581659665692,1.207549405432755,0.53533,-0.69052,-0.65569,0.03344249999999996,0.6963,1.0924,1.674,-9.372145238921,-1.291452334473,7.159126369886202,0.4794000000000001,4,4
122,O=C(O)c1cc(C(=O)O)c(C(=O)O)cc1O,1.86,122,278.08780315729103,185.959475,0.9729414704718882,1.3300412057936402,1.2078249972413222,0.54642,-0.72017,-0.67218,0.01323666666666671,0.6992,1.048,1.653,-8.504646283527,-0.848450985859,5.45441442503226,0.48679999999999995,4,4
123,O=C(O)c1cc(C(=O)O)c(O)c(C(=O)O)c1,2.77,123,296.8892076560962,188.2300029666667,0.9717274765575996,1.3255147426317067,1.2141202418290373,0.53666,-0.70181,-0.68754,-0.0008733333333333185,0.7005,1.0758,1.5962,-8.535667262484,-1.007365474551,2.4271525992405176,0.4868,4,4
124,O=C(O)c1cc(Cl)ccc1Cl,2.466,124,96.11917796674786,152.56111063333333,0.9717954461860788,1.3357429549584008,1.2087216399858156,0.53214,-0.69701,-0.65215,0.022869999999999946,0.6988,1.0826,1.6972,-8.4717205076165,-0.6413723456285,2.584878509717623,2.691600000000001,1,1
125,O=C(O)c1cc(Cl)ccc1O,2.695,125,96.1282619751296,145.60175993333334,0.9717796359653768,1.3338630460245908,1.215855090162064,0.52786,-0.69148,-0.68956,-0.01676999999999995,0.7018,1.0863,1.6497,-8.013480783374499,-0.618786896037,6.197140368750735,1.7437999999999998,2,2
126,O=C(O)c1cc(N=Nc2ccc(S(=O)(=O)O)cc2)ccc1O,2.38,126,98.03499462790207,333.93059166666666,0.9706192969769355,1.3428217111873046,1.213211520140656,0.52946,-0.70979,-0.67392,-0.020059999999999967,0.7022,1.0633,1.6683,-7.9383773606365,-1.6813914822395,8.04693289458785,2.752500000000001,3,6
127,O=C(O)c1cc(O)c(O)c(O)c1,4.27,127,102.7417885978512,146.4311716,0.9705280594614463,1.339835907274096,1.2156687691497219,0.52896,-0.70622,-0.68983,-0.034109999999999974,0.7028,1.0696,1.6525,-7.7955175891240005,-0.36436044581950006,4.681277513670815,0.5015999999999998,4,4
128,O=C(O)c1cc(O)c2ccccc2c1,4.25,128,102.68214070562658,213.27091900000002,0.9711371281204315,1.3380142861696207,1.2148205947138864,0.52973,-0.7032,-0.68605,-0.024980000000000113,0.7018,1.0745,1.6585,-7.3669382745865,-0.7608303259979999,2.7615838245470656,2.2436,2,2
129,O=C(O)c1cc(O)cc(O)c1,4.039,129,102.66699281251695,137.31474036666665,0.9709337637851514,1.3365358904241964,1.2137073743052729,0.53046,-0.70139,-0.67946,-0.015039999999999831,0.7011,1.078,1.6663,-7.8986487384635,-0.5515747749635,2.8388656061885,0.7959999999999998,3,3
130,O=C(O)c1cc(O)cc2ccccc12,3.69,130,96.06435169396579,210.36705800000001,0.9719853056224668,1.3350185904870389,1.2134768910424294,0.53006,-0.69674,-0.67713,-0.0031600000000000517,0.6999,1.0828,1.6742,-7.457007959102,-0.6903528387185001,4.66427309341981,2.2436,2,2
131,O=C(O)c1cc(O)ccc1O,2.9655,131,95.83702125013298,138.72973666666667,0.9714007545256489,1.345489430203374,1.212211526826486,0.54269,-0.72334,-0.67723,-0.01910999999999996,0.6867,1.0439,1.667,-7.546261302066,-0.5619151012825001,1.6906803512195911,0.7959999999999998,3,3
132,O=C(O)c1cc([N+](=O)[O-])cc([N+](=O)[O-])c1O,0.7,132,98.96475073148872,191.72302336666667,0.9722266161723819,1.3279976928428752,1.2111023600133892,0.53289,-0.68323,-0.66439,0.02688999999999997,0.6969,1.1004,1.678,-9.058125855444,-2.17146852699,5.145714929919846,0.9067999999999998,2,6
133,O=C(O)c1cc([N+](=O)[O-])cc2ccccc12,2.83,133,95.62225604626467,236.62544766666667,0.9723619784807509,1.3325189991913813,1.2123354901536123,0.53221,-0.69302,-0.67014,0.010050000000000003,0.6977,1.088,1.6788,-8.0249095650955,-1.916769962922,9.192358895299945,2.446200000000001,1,3
134,O=C(O)c1cc([N+](=O)[O-])ccc1O,2.18,134,98.56089371669967,164.31820786666665,0.9706710715015667,1.3407278437662136,1.2117757577761654,0.53136,-0.70667,-0.66639,-0.007090000000000041,0.7003,1.0679,1.6755,-8.628185971654,-1.7292835199274998,5.440526334831953,0.9985999999999999,2,4
135,O=C(O)c1cc2ccccc2cc1O,2.75,135,99.01172382069211,214.20313833333333,0.9715583195166411,1.3350722865714049,1.215392992942612,0.5276,-0.69413,-0.6869,-0.014469999999999983,0.7024,1.0844,1.6579,-7.4093880352645,-0.7472246334729999,4.706153841514321,2.2436000000000003,2,2
136,O=C(O)c1ccc(Br)c2ccccc12,3.37,136,95.66146251011712,228.56178466666668,0.9719780033776482,1.3346147516470808,1.2132859657253106,0.53062,-0.69638,-0.67491,-0.00041000000000002146,0.6993,1.0837,1.6755,-7.751435145343001,-0.9249149778495,2.8654905513716145,3.3005000000000013,1,1
137,O=C(O)c1ccc(Br)cc1,3.963,137,102.87609822322958,148.82335346666667,0.9709475067154761,1.336893793721476,1.2138177618291799,0.53072,-0.70188,-0.67983,-0.01638000000000006,0.7009,1.077,1.6646,-8.565055558337999,-0.6827336509045,2.2699275715317437,2.1473000000000004,1,1
138,O=C(O)c1ccc(Br)cc1C(=O)O,2.5,138,184.02938893102078,174.51693333333333,0.9725538999489953,1.3311096134282105,1.2086169250862742,0.53346,-0.69389,-0.663,0.021989999999999954,0.698,1.0872,1.6684,-8.7187998838705,-0.8653220445900001,4.749464773003375,1.8455,2,2
139,O=C(O)c1ccc(Br)cc1O,2.669,139,96.2318610060652,158.08470093333332,0.9714423330398979,1.3348649644376018,1.2163581218715975,0.52733,-0.69286,-0.69143,-0.021100000000000008,0.7024,1.0844,1.6474,-8.249947719459,-0.6206916929905,3.711519691447157,1.8529000000000004,2,2
140,O=C(O)c1ccc(C(=O)O)c(C(=O)O)c1,2.5300000000000002,140,285.6489819908319,174.7342646666667,0.9724571088608486,1.3306760707313405,1.2083692598647153,0.53372,-0.69743,-0.6718,0.015653333333333408,0.6992,1.0833,1.6687,-9.1841145682255,-1.0707680017175,3.9243889842878725,0.7812000000000001,3,3
141,O=C(O)c1ccc(C2CC2)cc1,4.44,141,102.95701768374425,177.320607,0.9706844306925915,1.3407633324472292,1.216536456889805,0.52802,-0.70727,-0.69255,-0.03882999999999992,0.7037,1.0684,1.6505,-8.0994687601325,-0.449532081026,4.104427865123226,2.2622,1,1
142,O=C(O)c1ccc(C=C[N+](=O)[O-])cc1,3.94,142,102.8549312862358,210.50759870000002,0.9710567993258689,1.336134394944236,1.213509955224925,0.53099,-0.70008,-0.67585,-0.012530000000000041,0.7007,1.079,1.6675,-8.5462797026535,-2.1271139693585,6.196889965942594,1.6321999999999999,1,3
143,O=C(O)c1ccc(Cl)c(Cl)c1,3.64,143,102.87195813715726,153.34943406666667,0.9716580895675186,1.3351096048736972,1.2127249200061816,0.53258,-0.69965,-0.67325,-0.0044599999999999085,0.699,1.0808,1.6703,-8.688595246464999,-0.7978378096659999,1.3028008059561522,2.6916,1,1
144,O=C(O)c1ccc(Cl)c2ccccc12,3.36,144,96.08341193310896,218.09256966666666,0.9718643970158592,1.3349933551583693,1.2136526036737203,0.5305,-0.6977,-0.67724,-0.005309999999999926,0.6994,1.0826,1.6731,-7.756877422353,-0.9167515623345,2.854893488380959,3.1914000000000007,1,1
145,O=C(O)c1ccc(Cl)cc1,3.988,145,102.87595813206447,138.57066833333334,0.9709220735630644,1.3371593966143305,1.2139433552159673,0.53057,-0.7023,-0.68069,-0.017890000000000073,0.7011,1.0763,1.6637,-8.670091504631001,-0.650352102695,2.269491178656573,2.0382,1,1
146,O=C(O)c1ccc(Cl)cc1Cl,2.73,146,97.07549510530535,153.54521403333334,0.9721271624329815,1.3295335000773765,1.211630994125274,0.53179,-0.6872,-0.66511,0.021660000000000013,0.698,1.0971,1.6828,-8.700840369737499,-0.5649083536380001,1.5098732529586714,2.6916,1,1
147,O=C(O)c1ccc(F)c2ccccc12,3.7,147,95.50751032348818,200.23268500000003,0.9716863516726989,1.3358439968551716,1.2148503365126915,0.52998,-0.6988,-0.68366,-0.012979999999999992,0.7,1.0797,1.6639,-7.7435438436785,-0.795660898862,2.7909380609393684,2.677100000000001,1,1
148,O=C(O)c1ccc(F)cc1,3.9074285714285715,148,102.83291037524508,120.91900079999999,0.9708234894418243,1.3381652946347846,1.2144917532721247,0.52998,-0.70403,-0.68445,-0.02375000000000005,0.7017,1.0739,1.6599,-8.7813860694855,-0.4759271245245,2.247547607949607,1.5239,1,1
149,O=C(O)c1ccc(O)c(O)c1,4.3755,149,102.79098816152867,139.63759243333334,0.9708247684324912,1.3400669502192792,1.2167035386584524,0.52829,-0.70679,-0.69424,-0.04031999999999991,0.7034,1.0688,1.6474,-7.821640518771999,-0.343951907032,0.9579915083130957,0.7959999999999998,3,3
150,O=C(O)c1ccc(O)cc1,4.566666666666666,150,102.92772417572164,132.77377276666667,0.9705253924782187,1.3411929616759104,1.2169455126931528,0.52797,-0.70874,-0.6961,-0.04441000000000006,0.7038,1.0661,1.6458,-8.126408031332,-0.3066723095135,2.589143597794452,1.0903999999999998,2,2
151,O=C(O)c1ccc(O)cc1O,3.20875,151,96.51557993648521,140.85841936666668,0.9710262796345938,1.3392872309291983,1.2196800182347007,0.52456,-0.69973,-0.70796,-0.05060999999999993,0.7052,1.0733,1.6274,-7.9903511060820005,-0.23020831752300003,7.018064944840565,0.7959999999999998,3,3
152,O=C(O)c1ccc([N+](=O)[O-])c2ccccc12,2.8,152,95.6417282876831,229.34231066666666,0.9719207555644651,1.3348350963834448,1.2107240815421159,0.53149,-0.69531,-0.65969,0.014149999999999996,0.6991,1.0868,1.6871,-8.068175667324999,-1.8669731282805002,4.961689698076654,2.446200000000001,1,3
154,O=C(O)c1ccc([N+](=O)[O-])cc1O,2.27,154,95.78512858449334,160.04175673333333,0.9717628504820501,1.3261042008269939,1.222640761051667,0.5363,-0.68337,-0.68386,0.011209999999999942,0.6947,1.106,1.6103,-8.438794731706,-2.076228679315,7.292858190037703,0.9985999999999999,2,4
155,O=C(O)c1ccc2c(c1)OCCO2,4.35,155,101.23814753201378,168.43365493333334,0.9707313177898401,1.3405797712157976,1.2161187629672523,0.5286,-0.70736,-0.6916,-0.03702000000000005,0.7032,1.0682,1.6507,-7.779734985795,-0.374428658288,5.722613924597744,1.1559999999999997,1,3
156,O=C(O)c1ccc2c(c1)OCO2,4.5,156,102.20534873040957,149.19555776666667,0.9711482603835524,1.3404421217564748,1.2159310569884298,0.5291,-0.70698,-0.69116,-0.036270000000000024,0.7027,1.0688,1.651,-7.728033354199999,-0.41905532977000004,3.596961366208984,1.1134999999999997,1,3
157,O=C(O)c1ccc2ccccc2c1,4.343666666666667,157,102.77024219037204,205.72080533333335,0.9709249461858523,1.338784722100234,1.2150378330792833,0.52945,-0.7041,-0.68771,-0.028200000000000003,0.7021,1.073,1.6571,-7.6553789561165,-0.7921234188055001,3.2160583405777947,2.5380000000000003,1,1
158,O=C(O)c1ccc2ncccc2c1,4.82,158,102.79899471781223,194.19547923333334,0.9710761015960588,1.3375407974432034,1.214239105182336,0.53034,-0.70222,-0.68375,-0.021009999999999862,0.7012,1.0758,1.6611,-8.175388524421999,-0.9875011634645001,1.3747936717922438,1.9329999999999998,1,2
159,O=C(O)c1ccc2nccnc2c1,3.64,159,102.77784425013655,186.52687006666667,0.9715919371042558,1.3358216164656866,1.2131468321802599,0.5314,-0.70047,-0.67469,-0.009360000000000035,0.7002,1.0793,1.6686,-8.580293933966,-1.3891412068025,3.1068361752754203,1.3279999999999998,1,3
160,O=C(O)c1cccc(Br)c1,3.813,160,102.76862605217835,146.99218556666668,0.971128118255774,1.335754404415722,1.2132105513182778,0.5313,-0.70013,-0.67728,-0.010360000000000036,0.7002,1.0794,1.6677,-8.511177015939,-0.6811009678015,4.526704160865828,2.1473000000000004,1,1
161,O=C(O)c1cccc(Br)c1C(=O)O,2.27,161,172.64754848160666,172.60827666666668,0.9729271813912898,1.3290873526619686,1.2061358651665242,0.53786,-0.69385,-0.6656,0.03179000000000004,0.6955,1.0842,1.6769,-8.685601994109499,-0.820695373108,2.1034529398111097,1.8455,2,2
162,O=C(O)c1cccc(C(=O)O)c1,3.7,162,205.66678997518167,149.33939673333336,0.9712790478909755,1.335773231973152,1.2135616011344457,0.53132,-0.70065,-0.67858,-0.011775000000000035,0.7004,1.0791,1.6663,-9.05050666763,-0.8269539916695,3.057376967271128,1.083,2,2
163,O=C(O)c1cccc(C(=O)O)c1C(=O)O,2.84,163,256.57111559531785,174.26979766666668,0.9726022217165656,1.3285229828083518,1.207436231350128,0.53643,-0.69424,-0.66513,0.022310000000000014,0.6979,1.0859,1.6698,-9.169148306448,-0.8552538321215,5.249170404930669,0.7811999999999999,3,3
164,O=C(O)c1cccc(C=C[N+](=O)[O-])c1,3.87,164,101.9925188155032,193.52309300000002,0.9710909638041126,1.3369159831081383,1.213853793224291,0.53053,-0.70166,-0.68069,-0.015569999999999973,0.701,1.0772,1.6648,-8.5647834444875,-1.8843884147125003,8.904589571675947,1.6321999999999999,1,3
165,O=C(O)c1cccc(Cl)c1,3.8295,165,102.77959676574766,137.11436186666666,0.9712772157623178,1.336037024452541,1.213269314505646,0.53123,-0.70027,-0.67754,-0.01092000000000004,0.7004,1.0793,1.6675,-8.6159408483815,-0.6732096661370001,4.534302192179078,2.0382,1,1
166,O=C(O)c1cccc(F)c1,3.626714285714286,166,102.8448224298175,120.78856780000001,0.9715351499287096,1.3364801660653254,1.2133313974401225,0.53118,-0.70137,-0.67753,-0.012990000000000057,0.7004,1.0782,1.6674,-8.708187443701,-0.6500799888445,0.9134479733405728,1.5239,1,1
167,O=C(O)c1cccc(O)c1,4.1899999999999995,167,102.7514930648069,130.246568,0.9707671077040051,1.3377087364490075,1.2142001687831379,0.5298,-0.70271,-0.68264,-0.020709999999999895,0.7018,1.0758,1.6632,-8.0695362365775,-0.5390575378405,1.4571025564454958,1.0903999999999998,2,2
168,O=C(O)c1cccc(O)c1O,2.914,168,98.5569828931427,138.07167403333332,0.9703570752192207,1.3441399254534476,1.214194967066657,0.52801,-0.71135,-0.67975,-0.03022999999999998,0.7037,1.061,1.6626,-7.7495303483894995,-0.445722487119,6.737960466639739,0.7959999999999998,3,3
169,O=C(O)c1cccc([N+](=O)[O-])c1,3.293333333333333,169,102.83248213365596,149.55939316666667,0.9712266227214943,1.3343015556533688,1.2122004952218095,0.53274,-0.69742,-0.67114,0.00032999999999994145,0.6988,1.0833,1.673,-9.2869736037145,-1.8389454016790001,8.092089564506809,1.293,1,3
170,O=C(O)c1cccc([N+](=O)[O-])c1O,2.085,170,94.23210733888695,160.16462893333335,0.9715142434745875,1.3428174843328486,1.2090240677529955,0.54807,-0.7204,-0.66216,0.007969999999999922,0.6807,1.0457,1.6836,-8.535123034783,-1.6699627005185,5.739523553397093,0.9985999999999997,2,4
171,O=C(O)c1cccc2ccccc12,3.80925,171,94.24274405201507,203.05278366666667,0.9712464186585194,1.3413238673877388,1.2141965534772368,0.52773,-0.70551,-0.67857,-0.01873999999999998,0.7032,1.0706,1.6669,-7.6912979843825005,-0.7817830924865,3.0849596221020463,2.538000000000001,1,1
172,O=C(O)c1cccc2cccnc12,6.8,172,98.26882553722854,191.101145,0.9716848957789762,1.3407973101516875,1.2109117628609445,0.5275,-0.70374,-0.66809,2.0000000000020002e-05,0.7029,1.0743,1.6891,-8.18518462304,-0.8832815587230001,5.831599606454476,1.9329999999999998,1,2
173,O=C(O)c1cccc2nccnc12,4.026,173,99.2990301352988,183.668495,0.9716568474610776,1.3393991128173857,1.2103723251652772,0.52871,-0.70154,-0.66286,0.006589999999999985,0.7019,1.0763,1.6904,-8.585191983275001,-1.3137656702140001,3.004870007171691,1.3279999999999998,1,3
174,O=C(O)c1ccccc1,4.093071428571428,174,102.84022309545709,122.87498483333333,0.9707598912547841,1.3384428104442863,1.2147336683347507,0.52937,-0.70441,-0.68527,-0.025839999999999974,0.7022,1.0736,1.6603,-8.778937044831,-0.507764445033,3.1747536093372664,1.3848,1,1
175,O=C(O)c1ccccc1C(=O)O,2.813333333333333,175,185.83537432768824,148.26930683333333,0.9720353405494062,1.3345026655402377,1.2109729649112735,0.53084,-0.69552,-0.66533,0.010419999999999985,0.6997,1.0867,1.6843,-8.9805734080515,-0.721645931526,4.678400962935947,1.083,2,2
176,O=C(O)c1ccccc1C(=O)c1ccccc1,3.536,176,82.43135690353118,245.95029300000002,0.9712957509075182,1.3354084099136112,1.2138960267720627,0.53166,-0.6968,-0.66342,0.00927,0.7,1.0807,1.6581,-8.7389363088075,-0.853349035168,6.804669823731347,2.615800000000001,1,2
177,O=C(O)c1ccccc1Cl,3.063333333333333,177,95.94580564276927,137.64076916666667,0.9715499739972209,1.3381871876695726,1.2099471445943415,0.53022,-0.70034,-0.65947,0.010060000000000069,0.7008,1.0777,1.6913,-8.590634260285,-0.46558679820550003,5.039514773269347,2.0382,1,1
178,O=C(O)c1ccccc1Nc1ccccc1,3.925,178,94.67296174648997,254.42097133333334,0.9711082875673548,1.3438337665172728,1.2171934720565174,0.53493,-0.71738,-0.69754,-0.044930000000000025,0.6948,1.0523,1.6416,-6.93890318775,-0.4149736220125,3.8350142229201705,3.128400000000001,2,2
179,O=C(O)c1ccccc1O,2.9423076923076925,179,96.65638259266784,131.57063733333334,0.9713492167536862,1.3363431832512187,1.217109843297227,0.52637,-0.69576,-0.69571,-0.029160000000000075,0.7034,1.081,1.6445,-8.088312092262,-0.435926388501,5.27178618970838,1.0903999999999998,2,2
180,O=C(O)c1ccccc1P(O)O,1.32,180,86.75367301255093,171.34530733333335,0.9720810676281065,1.3337759292508617,1.2132235393636246,0.53549,-0.70139,-0.6777,-0.005999999999999894,0.6939,1.0754,1.6687,-8.291853252436,-0.588854372482,3.193994453658303,0.3065999999999998,3,3
181,O=C(O)c1ccccc1[N+](=O)[O-],2.1083333333333334,181,94.43985441280738,148.44906563333333,0.9727356771898519,1.3308731720423252,1.2078367389051388,0.5331,-0.69155,-0.65215,0.03420999999999996,0.6965,1.0926,1.7042,-9.187107820581,-1.8351358077720001,6.715867554530837,1.293,1,3
182,O=Cc1ccc(C(=O)O)cc1,3.76,182,102.7753790108178,148.47409536666666,0.9711416283292567,1.335039226365278,1.212742107518742,0.53174,-0.69855,-0.67282,-0.006669999999999954,0.6998,1.0817,1.6716,-9.0028867437925,-1.447101456959,2.10993301789417,1.1973,1,2
183,O=Cc1cccc(C(=O)O)c1,3.84,183,102.84615700444418,146.53439396666667,0.9712078183802888,1.3359284668207352,1.2132445468976976,0.53126,-0.70052,-0.67777,-0.01106000000000007,0.7003,1.0792,1.6677,-9.021118371776,-1.0016510836905002,7.677254864207648,1.1973,1,2
