name,smiles,pka_value,source_index,MolWt,MolLogP,MolMR,TPSA,LabuteASA,NumHAcceptors,NumHDonors,NumHeteroatoms,NumRotatableBonds,FractionCSP3,HeavyAtomCount,BertzCT,TotalSubstituentCount,OrthoSubstituentCount,MetaSubstituentCount,ParaSubstituentCount,HalogenAtomCount,HeteroatomsOutsideCOOH,AdditionalAromaticRingCount,SubstituentSP3CarbonCount,GasteigerCharge_AcidicH,GasteigerCharge_HydroxylO,GasteigerCharge_CarbonylO,GasteigerCharge_CarboxylC,GasteigerCharge_IpsoC,GasteigerCharge_OrthoCMean,GasteigerCharge_MetaCMean,GasteigerCharge_ParaC,EState_HydroxylO,EState_CarbonylO
0,C=C(C)c1ccc(C(=O)O)cc1,4.04,0,162.188,2.4179000000000004,48.10930000000002,37.3,71.15732439713892,1,1,2,2,0.1,12,276.11539371029056,1,0.0,0.0,1.0,0,0,0,1,0.296659120029855,-0.47763924659778434,-0.2463988290244029,0.3351789606076851,0.05946827720366421,-0.047088297670695924,-0.053880780802435274,-0.023274011841813633,8.591884448223734,10.459653722600152
1,C=CCc1ccc(C(=O)O)cc1,4.34,1,162.188,2.1133,47.302300000000024,37.3,71.15732439713892,1,1,2,3,0.1,12,285.21181851939207,1,0.0,0.0,1.0,0,0,0,1,0.2966591200186253,-0.4776392486990293,-0.2463988323905124,0.3351785775256363,0.05944565056829033,-0.0474081914898374,-0.05787026627669862,-0.044202615797839795,8.585447845804989,10.449937799193751
2,C=CCc1cccc(C(=O)O)c1,4.32,2,162.18799999999996,2.1133,47.302300000000024,37.3,71.15732439713892,1,1,2,3,0.1,12,302.4618185193921,1,0.0,1.0,0.0,0,0,0,1,0.2966591213630277,-0.4776391288538069,-0.24639863973380524,0.33518872826122137,0.05971055638730485,-0.04591501596451829,-0.052259224023064384,-0.058678478075363326,8.651655801209372,10.531577853363567
3,CC(=O)Nc1cccc(C(=O)O)c1,4.03,3,179.17499999999998,1.3432,47.70500000000001,66.4,75.19336959857837,2,2,4,2,0.1111111111111111,13,346.467980224553,1,0.0,1.0,0.0,0,2,0,1,0.296659130370564,-0.47763832599737716,-0.24639734910399608,0.33525673604540224,0.06148881952149943,-0.03575765919813998,-0.008914461199585132,-0.038484687666022754,8.63068074452003,10.526227796674226
4,CC(=O)Oc1ccc(C(=O)O)cc1,3.92,4,180.159,1.3101,44.71030000000002,63.60000000000001,74.75705264447721,3,1,4,2,0.1111111111111111,13,325.9728677267164,1,0.0,0.0,1.0,0,2,0,1,0.29665912014564855,-0.47763922500793254,-0.24639879443794116,0.33518286770723654,0.059695451815615926,-0.043986374523774796,-0.01832570922864372,0.13040164794483786,8.54983985260771,10.426675485008818
5,CC(=O)Oc1ccccc1C(=O)O,3.38,5,180.15899999999996,1.3101,44.71030000000002,63.60000000000001,74.75705264447721,3,1,4,2,0.1111111111111111,13,343.2228677267164,1,1.0,0.0,0.0,0,2,0,1,0.2966615052714913,-0.4775395271554559,-0.2462373342824576,0.33900378687731025,0.1021717530871286,0.05050526677778105,-0.039702697604500445,-0.05850689106118347,8.687243008314436,10.611948223733938
6,CC(=O)c1ccc(C(=O)O)cc1,3.7,6,164.16,1.5874000000000001,43.40580000000001,54.370000000000005,69.64350741497032,2,1,3,2,0.1111111111111111,12,278.0504621440199,1,0.0,0.0,1.0,0,1,0,1,0.29665912003006534,-0.47763924651629897,-0.24639882889408196,0.3351789914644432,0.0594721169293263,-0.04697085061010264,-0.05057104856121146,0.01723997070170947,8.529384448223734,10.397153722600152
7,CC(=O)c1cccc(C(=O)O)c1,3.827,7,164.15999999999997,1.5874000000000001,43.40580000000001,54.370000000000005,69.64350741497032,2,1,3,2,0.1111111111111111,12,299.05046214401995,1,0.0,1.0,0.0,0,1,0,1,0.29665912293448976,-0.4776389819040214,-0.24639840357849788,0.335202454764688,0.06014762724712381,-0.04225345973120519,-0.021318926416849654,-0.05137866362948437,8.579743008314436,10.464448223733939
8,CC(=O)c1ccccc1C(=O)O,4.123,8,164.15999999999997,1.5874000000000001,43.40580000000001,54.370000000000005,69.64350741497032,2,1,3,2,0.1111111111111111,12,295.30046214401995,1,1.0,0.0,0.0,0,1,0,1,0.29665950953965964,-0.4776220034031021,-0.24637092539812602,0.33592525130039436,0.07020306746711516,-0.007613802537991862,-0.05595663382559628,-0.06149372077492882,8.662314814814815,10.57398148148148
9,CC(C)(C)c1ccc(C(=O)O)cc1,4.382,9,178.231,2.6823000000000006,52.10130000000003,37.3,78.21186954371979,1,1,2,1,0.36363636363636365,13,303.8573181770073,1,0.0,0.0,1.0,0,0,0,4,0.296659120018644,-0.47763924869186225,-0.24639883237904975,0.3351785801995678,0.05944597298635602,-0.047398993260202554,-0.05765117460680652,-0.042588461547102024,8.678512849584278,10.561907123960696
10,CC(C)(C)c1cccc(C(=O)O)c1,4.204,10,178.23099999999997,2.6823000000000006,52.10130000000003,37.3,78.21186954371979,1,1,2,1,0.36363636363636365,13,321.10731817700736,1,0.0,1.0,0.0,0,0,0,4,0.2966591213681726,-0.47763912790558105,-0.2463986382147118,0.33518889567866705,0.05971976776150749,-0.04580534616259661,-0.05144755466006799,-0.05845936787660212,8.774990551776266,10.680103930461073
11,CC(C)c1ccc(C(=O)O)cc1,4.36,11,164.20399999999998,2.5082000000000004,47.490300000000026,37.3,71.84692742932317,1,1,2,2,0.3,12,272.39498298772276,1,0.0,0.0,1.0,0,0,0,3,0.29665912001862427,-0.47763924869947144,-0.2463988323912193,0.3351785773383009,0.059445622131780014,-0.04740939092958078,-0.05792417011090309,-0.04541125507663797,8.61431216931217,10.482081443688587
12,CC(C)c1cccc(C(=O)O)c1O,2.76,12,180.20299999999997,2.2137999999999995,49.155100000000026,57.53,76.64116118151918,2,2,3,2,0.3,13,328.9417850331439,2,1.0,1.0,0.0,0,1,0,3,0.29666150261525526,-0.47753977653725654,-0.2462377350407787,0.3389803553792545,0.10142840254326942,0.044588375409730034,-0.03177353888880316,-0.055041626470653054,8.71187641723356,10.636581632653062
13,CC=Cc1ccc(C(=O)O)cc1,4.49,13,162.188,2.4179000000000004,48.10930000000002,37.3,71.15732439713892,1,1,2,2,0.1,12,296.11954751006243,1,0.0,0.0,1.0,0,0,0,1,0.2966591200298367,-0.4776392466048504,-0.24639882903570381,0.3351789579483416,0.059467950528911774,-0.04709801315270434,-0.05413741561609653,-0.025943410466399166,8.587589443184681,10.452079396573444
14,CC=Cc1cccc(C(=O)O)c1,4.25,14,162.188,2.4178999999999995,48.10930000000002,37.3,71.15732439713892,1,1,2,2,0.1,12,313.3695475100625,1,0.0,1.0,0.0,0,0,0,1,0.29665912287092516,-0.4776389937891429,-0.24639842261802644,0.3352002912553118,0.06002025692536192,-0.044038254551095286,-0.04297395088951842,-0.054945404602153955,8.653391912320483,10.53331396447468
15,CCCC(=O)c1ccccc1C(=O)O,4.45,15,192.21399999999997,2.3676,52.63980000000002,54.370000000000005,82.37339164376355,2,1,3,4,0.2727272727272727,14,355.3052060308668,1,1.0,0.0,0.0,0,1,0,3,0.29665950954555903,-0.4776220023048257,-0.2463709236387033,0.33592544937031865,0.07021446227837799,-0.007464760657407473,-0.05595092225968731,-0.06149352995269537,8.83054043839758,10.778240268329554
16,CCOC(=O)CNc1ccc(C(=O)O)cc1,4.88,16,223.228,1.3598,58.52400000000002,75.63,93.0367990568785,4,2,5,5,0.2727272727272727,16,372.0758818636124,1,0.0,0.0,1.0,0,3,0,3,0.2966591200857331,-0.47763923619780346,-0.24639881236377012,0.3351808356009355,0.05957639773726806,-0.04564029239313881,-0.03809426598208517,0.0344895456970287,8.669280948311883,10.568979808955007
17,CCOC(=O)CNc1cccc(C(=O)O)c1,4.3,17,223.228,1.3598,58.52400000000002,75.63,93.0367990568785,4,2,5,5,0.2727272727272727,16,389.32588186361244,1,0.0,1.0,0.0,0,3,0,3,0.29665913036446934,-0.4776383271516447,-0.2463973509530153,0.33525652035231324,0.061475425696746466,-0.03596614631688343,-0.012024707286789432,-0.03890138694069365,8.75149180815577,10.674369681144572
18,CCOP(=O)(OCC)c1ccc(C(=O)O)cc1,3.63,18,258.21,2.2762000000000002,63.89380000000003,72.83,99.90190041908141,4,1,6,6,0.36363636363636365,17,415.9928602929713,1,0.0,0.0,1.0,0,4,0,4,0.296659120031836,-0.4776392461283534,-0.2463988282728983,0.33517908356350734,0.05948021350566027,-0.04677565185335525,-0.04593785945894956,0.06416887299706744,8.753694255479969,10.681779887881078
19,CCOP(=O)(OCC)c1cccc(C(=O)O)c1,3.73,19,258.21,2.2762000000000002,63.89380000000003,72.83,99.90190041908141,4,1,6,6,0.36363636363636365,17,433.2428602929713,1,0.0,1.0,0.0,0,4,0,4,0.2966591232135813,-0.4776389492233139,-0.24639835112599326,0.33520665683706713,0.060343005036462546,-0.03993351348945902,0.00224288421802182,-0.046745039173947116,8.863461356764928,10.824516093474427
20,CCOc1ccc(C(=O)O)c(C(=O)O)c1,2.74,20,210.18499999999997,1.4817,51.52960000000001,83.83,85.91622851106985,3,2,5,4,0.2,15,396.7992632669865,2,1.0,0.5,0.5,0,3,0,2,0.29665953747746854,-0.47761950126493957,-0.246366903220324,0.3361393433446289,0.07590702401362016,0.02604024522928504,0.013244450098645312,0.05031543375234071,8.759748401675484,10.72750996000252
21,CCOc1ccc(C(=O)O)c(O)c1,3.2,21,182.17499999999998,1.4890999999999999,46.23510000000002,66.76,75.38976429662947,3,2,4,3,0.2222222222222222,13,319.3907822709721,2,1.0,0.0,1.0,0,2,0,2,0.2966615012974761,-0.47753988090779437,-0.246237902960995,0.3389739392269858,0.10140671894608322,0.04654311688451447,0.0020228708673652347,0.12251154349493802,8.585623031620056,10.490112985008818
22,CN(C)c1ccc(/N=N/c2ccccc2C(=O)O)cc1,4.82,22,269.304,3.866200000000002,78.34630000000004,65.26,116.74569103568308,4,1,5,4,0.13333333333333333,20,633.8218150192176,1,1.0,0.0,0.0,0,3,1,2,0.29666048090968233,-0.47758154544249426,-0.24630540067450785,0.33746325365417795,0.08696430455723674,0.027384753101751393,-0.0474416804875067,-0.060001898477298435,9.053129027858464,11.045520789736157
23,CN(C)c1ccc(C(=O)O)cc1,5.03,23,165.19199999999998,1.4507999999999999,47.72830000000002,40.540000000000006,71.24181898512994,2,1,3,2,0.2222222222222222,12,277.0849389236156,1,0.0,0.0,1.0,0,1,0,2,0.29665912008574546,-0.47763923619303544,-0.24639881235614455,0.33518083739983434,0.059576619701244546,-0.045633650321522945,-0.03791975798973215,0.0361002946712423,8.600706727135298,10.468476001511716
24,CN(C)c1cccc(C(=O)O)c1,5.1,24,165.19199999999998,1.4507999999999999,47.72830000000002,40.540000000000006,71.24181898512994,2,1,3,2,0.2222222222222222,12,294.3349389236156,1,0.0,1.0,0.0,0,1,0,2,0.2966591303678917,-0.4776383265137643,-0.24639734993114384,0.33525663560787994,0.061482078097212185,-0.035878806881368935,-0.011216020336560335,-0.03872686211341162,8.672524565381709,10.55722978080121
25,CN(C)c1ccccc1C(=O)O,8.5,25,165.19199999999995,1.4507999999999999,47.72830000000002,40.540000000000006,71.24181898512994,2,1,3,2,0.2222222222222222,12,294.3349389236156,1,1.0,0.0,0.0,0,1,0,2,0.2966604601623766,-0.47758340428114743,-0.24630838874337296,0.3373041303791902,0.08273125160141317,0.002602030911669575,-0.049570309254814274,-0.060155529031452576,8.78787037037037,10.699537037037036
26,CNc1ccc(C(=O)O)cc1,5.04,26,151.165,1.4264999999999999,42.948000000000015,49.33,64.66690538413799,2,2,3,2,0.125,11,253.2994975838911,1,0.0,0.0,1.0,0,1,0,1,0.2966591200857331,-0.47763923619782794,-0.24639881236380914,0.3351808355815974,0.05957639263503207,-0.04564063549451501,-0.03811701845295956,0.03375585957857317,8.528002645502646,10.380146919879063
27,CNc1cccc(C(=O)O)c1,5.1,27,151.165,1.4264999999999999,42.948000000000015,49.33,64.66690538413799,2,2,3,2,0.125,11,270.54949758389114,1,0.0,1.0,0.0,0,1,0,1,0.2966591303644518,-0.47763832715849797,-0.24639735096397578,0.33525651770084025,0.06147508147438757,-0.03597752496781101,-0.012391717752582621,-0.03892414339647037,8.577003023431594,10.44130007558579
28,CNc1ccccc1C(=O)O,5.34,28,151.165,1.4264999999999999,42.948000000000015,49.33,64.66690538413799,2,2,3,2,0.125,11,270.54949758389114,1,1.0,0.0,0.0,0,1,0,1,0.29666045923426626,-0.47758348796902106,-0.24630852326531386,0.3372968785941402,0.08253433438901264,0.001426824609853057,-0.04966931880972299,-0.06016253003888441,8.656759259259259,10.540648148148147
29,COP(=O)(OC)c1ccc(C(=O)O)cc1,3.61,29,230.156,1.4959999999999998,54.659800000000025,72.83,87.17201619028819,4,1,6,4,0.2222222222222222,15,389.46866024139564,1,0.0,0.0,1.0,0,4,0,2,0.296659120031836,-0.4776392461283534,-0.24639882827289836,0.3351790835634699,0.05948021348576968,-0.04677565449350943,-0.04593819435503558,0.06414977143320034,8.661348576467624,10.569434208868733
30,COP(=O)(OC)c1cccc(C(=O)O)c1,3.74,30,230.156,1.4959999999999998,54.65980000000002,72.83,87.17201619028819,4,1,6,4,0.2222222222222222,15,406.71866024139564,1,0.0,1.0,0.0,0,4,0,2,0.29665912321358123,-0.4776389492233271,-0.24639835112601444,0.3352066568267264,0.06034300238575153,-0.03993368096479411,0.002233332195549758,-0.046745374139895754,8.749070924666162,10.68543430335097
31,COc1cc(C(=O)O)cc(OC)c1O,4.34,31,198.17399999999998,1.1076,48.17010000000002,75.99000000000001,80.50330952613633,4,2,5,3,0.2222222222222222,14,333.215100846296,3,0.0,2.0,1.0,0,3,0,2,0.29665915697118805,-0.47763593640107344,-0.24639350791343967,0.3354625621767431,0.06706694354614175,-0.0012568715532971582,0.16479525293508274,0.20028495707203162,8.722894935752079,10.655786092214663
32,COc1cc(C(=O)O)cc(OC)c1OC,4.166666666666667,32,212.20099999999996,1.4105999999999999,53.057300000000026,64.99000000000001,87.1875631178438,4,1,5,4,0.3,15,347.07065170154243,3,0.0,2.0,1.0,0,3,0,3,0.296659156971202,-0.4776359363956832,-0.2463935079048191,0.3354625642261134,0.06706720001875197,-0.0012490245547743149,0.16500703835110314,0.20280768138648303,8.836415343915345,10.78493150037793
33,COc1cc(C(=O)O)cc([N+](=O)[O-])c1O,4.12,33,213.14499999999998,1.0071999999999999,48.272500000000015,109.9,83.67779790473266,5,2,7,3,0.125,15,427.38522534488595,3,0.0,2.0,1.0,0,5,0,1,0.2966591727182619,-0.4776345299773344,-0.2463912470510748,0.3355822143577996,0.07021916587775036,0.016877250908892652,0.24160227350925545,0.236843788522436,8.64211262282691,10.5954119425548
34,COc1cc(C(=O)O)ccc1O,4.49,34,168.148,1.0989999999999998,41.61810000000002,66.76,69.02482218223285,3,2,4,2,0.125,12,305.92621196610224,2,0.0,1.0,1.0,0,2,0,1,0.29665913855242493,-0.47763758130261175,-0.24639615213649593,0.3353226528876391,0.06338061399259609,-0.022643613312282707,0.07268236685038891,0.15717769510994672,8.558484504913077,10.443189720332578
35,COc1cc(OC)cc(C(=O)O)c1,3.97,35,182.17499999999998,1.402,46.50530000000002,55.760000000000005,75.70907577394033,3,1,4,3,0.2222222222222222,13,297.1407822709721,2,0.0,2.0,0.0,0,2,0,2,0.2966591568229336,-0.47763596404027975,-0.2463935521908483,0.3354575619710383,0.0667770733918313,-0.005151515151087921,0.12291876184629995,0.022243604776117223,8.71363567649282,10.626118669690099
36,COc1cc([N+](=O)[O-])cc(C(=O)O)c1O,2.58,36,213.14499999999998,1.0071999999999999,48.272500000000015,109.9,83.67779790473266,5,2,7,3,0.125,15,427.38522534488595,3,1.0,2.0,0.0,0,5,0,1,0.2966615556146662,-0.4775350460774473,-0.24623013067220298,0.33938180085869335,0.11184178026263948,0.10349143395298335,0.22076993215886614,0.061892690746731864,8.653686696900984,10.626577853363568
37,COc1cc2ccccc2cc1C(=O)O,3.8,37,202.20899999999997,2.5466000000000006,57.45930000000002,46.53,86.91225296177205,2,1,3,2,0.08333333333333333,15,517.2562006079831,3,1.0,1.0,1.0,0,1,1,1,0.29666150504762945,-0.47753955333939824,-0.24623737630789613,0.33900039604136323,0.1020111048834508,0.048760228013819726,-0.01423740159858981,-0.014668665902087229,8.976228269085412,10.944336262282691
38,COc1ccc(C(=O)O)c(C(=O)O)c1,2.67,38,196.158,1.0916,46.912600000000005,83.83,79.55128639667323,3,2,5,3,0.1111111111111111,14,382.78874558784804,2,1.0,0.5,0.5,0,3,0,1,0.29665953747746027,-0.47761950126814207,-0.2463669032254458,0.33613934213798513,0.07590687617989589,0.026035880424576465,0.013133044051974959,0.05010120343469287,8.694798752834467,10.648574971655329
39,COc1ccc(C(=O)O)c(N)c1,4.88,39,167.164,0.9756,44.365700000000004,72.55,69.57047912704955,3,2,4,2,0.125,12,309.1713244639388,2,1.0,0.0,1.0,0,2,0,1,0.2966604584491218,-0.4775835452385225,-0.24630861546439842,0.3372943859706512,0.08261182897557609,0.003945301515978519,-0.0075132245201203745,0.12046477791309447,8.608427815570673,10.50057208994709
40,COc1ccc(C(=O)O)c(O)c1,3.31,40,168.148,1.0989999999999998,41.61810000000001,66.76,69.02482218223285,3,2,4,2,0.125,12,305.92621196610224,2,1.0,0.0,1.0,0,2,0,1,0.2966615012974761,-0.4775398809078185,-0.2462379029610336,0.33897393920814994,0.10140671418866247,0.046542824987101244,0.0020059888617483448,0.12209998940671786,8.528427815570673,10.42057208994709
41,COc1ccc(C(=O)O)c(OC)c1,4.36,41,182.17499999999998,1.402,46.50530000000001,55.760000000000005,75.70907577394033,3,1,4,3,0.2222222222222222,13,319.3907822709721,2,1.0,0.0,1.0,0,2,0,2,0.2966615022698858,-0.47753979082880776,-0.24623775819110247,0.33898215964503337,0.10165069811458252,0.04818733769520182,0.0021284544832315937,0.12210800046518629,8.739538926681785,10.659460978835979
42,COc1ccc(C(=O)O)c2ccccc12,4.31,42,202.209,2.5466000000000006,57.45930000000002,46.53,86.91225296177204,2,1,3,2,0.08333333333333333,15,517.2562006079833,3,1.0,1.0,1.0,0,1,1,1,0.2966594954757276,-0.4776232518284681,-0.24637293235572275,0.3358204728106275,0.06752891596917417,-0.021742757830325993,0.003076544506877629,0.12623269648876673,9.005616024187454,10.973724017384733
43,COc1ccc(C(=O)O)cc1,4.2783750000000005,43,152.149,1.3934,39.953300000000006,46.53,64.23058843003683,2,1,3,2,0.125,11,250.54461008172765,1,0.0,0.0,1.0,0,1,0,1,0.2966591201456074,-0.47763922502399586,-0.24639879446363125,0.3351828615420761,0.05969466325967029,-0.044011883291559646,-0.019126179638670922,0.11840935098684245,8.507594482237339,10.359738756613757
44,COc1ccc(C(=O)O)cc1O,4.47,44,168.148,1.0989999999999998,41.61810000000001,66.76,69.02482218223285,3,2,4,2,0.125,12,305.92621196610224,2,0.0,1.0,1.0,0,2,0,1,0.2966591385488522,-0.4776375819773879,-0.24639615321742805,0.33532252763626164,0.06337298008348055,-0.022755121129101694,0.07137793810375033,0.16002726452235602,8.520927815570673,10.400849867724867
45,COc1ccc(C(=O)O)cc1OC,4.395,45,182.17499999999998,1.402,46.50530000000002,55.760000000000005,75.70907577394033,3,1,4,3,0.2222222222222222,13,319.3907822709721,2,0.0,1.0,1.0,0,2,0,2,0.2966591385524382,-0.47763758129742234,-0.24639615212819652,0.3353226548788547,0.06338086799071571,-0.022635518642529186,0.07292081262585404,0.16026485538765464,8.672004913076343,10.572335128495842
46,COc1ccc(C=O)c(C(=O)O)c1OC,3.065,46,210.18499999999997,1.2145,51.892800000000015,72.83000000000001,86.2355399883807,4,1,5,4,0.2,15,397.04437576482303,3,2.0,1.0,0.0,0,3,0,2,0.2966619142508329,-0.47752073556717534,-0.2462069395685721,0.33987170901625113,0.11573411685828351,0.104181132034211,0.057157362955124635,-0.015325165738887904,8.934225245653817,10.934077853363569
47,COc1ccc(N)c(C(=O)O)c1,5.57,47,167.16400000000002,0.9756,44.365700000000004,72.55,69.57047912704955,3,2,4,2,0.125,12,309.1713244639388,2,1.0,1.0,0.0,0,2,0,1,0.29666047684095426,-0.47758191700012703,-0.24630599787599597,0.3374301733221613,0.08601130673749227,0.021512231508941174,0.04238850914176488,-0.017886252801666364,8.65005857898715,10.554355631141345
48,COc1ccc(O)c(C(=O)O)c1,2.94,48,168.148,1.099,41.61810000000001,66.76,69.02482218223285,3,2,4,2,0.125,12,305.92621196610224,2,1.0,1.0,0.0,0,2,0,1,0.29666151979114647,-0.4775382437806201,-0.2462352710814966,0.33911038023016227,0.10480105953030405,0.06412002252034871,0.05192979209550197,-0.016258520762353425,8.570058578987151,10.474355631141345
49,COc1cccc(C(=O)O)c1,3.8745,49,152.149,1.3934,39.953300000000006,46.53,64.23058843003683,2,1,3,2,0.125,11,267.7946100817276,1,0.0,1.0,0.0,0,1,0,1,0.29665913840979163,-0.47763760789652226,-0.24639619473934946,0.33531784060697534,0.06310119438063759,-0.026427234885687427,0.030748034283693916,-0.019932367474946276,8.549225245653817,10.413522297808012
50,COc1cccc(C(=O)O)c1OC,3.98,50,182.17499999999998,1.402,46.50530000000002,55.760000000000005,75.70907577394033,3,1,4,3,0.2222222222222222,13,319.39078227097207,2,1.0,1.0,0.0,0,2,0,2,0.29666152199285006,-0.47753804573604497,-0.2462349527346954,0.3391274464586,0.10525656426618876,0.06557603173656337,0.05184301265989375,-0.016037921869994646,8.781169690098261,10.713244520030234
51,COc1cccc(OC)c1C(=O)O,3.44,51,182.17499999999998,1.402,46.50530000000002,55.760000000000005,75.70907577394034,3,1,4,3,0.2222222222222222,13,297.1407822709721,2,2.0,0.0,0.0,0,2,0,2,0.29666390928558944,-0.47743931752492,-0.24607503906612382,0.34281476020031176,0.14321197513821804,0.1367032976346263,-0.018790380620733096,-0.05484736257465661,8.848703703703704,10.80037037037037
52,COc1ccccc1C(=O)O,3.9,52,152.14899999999997,1.3934,39.953300000000006,46.53,64.23058843003683,2,1,3,2,0.125,11,267.7946100817276,1,1.0,0.0,0.0,0,1,0,1,0.29666150212584746,-0.4775398176841513,-0.246237801212768,0.3389773053584174,0.10137225458801348,0.04449859402592239,-0.04010443667444206,-0.05853245870347398,8.61675925925926,10.500648148148148
53,C[Si](C)(C)c1ccc(C(=O)O)cc1,4.234,53,194.30599999999998,1.93,56.38130000000003,37.3,79.22791467470029,1,1,3,2,0.3,13,308.6917850331439,1,0.0,0.0,1.0,0,1,0,3,0.2966591200030163,-0.4776392516012855,-0.24639883703990345,0.33517805534380857,0.059415665006896906,-0.04780643557935244,-0.062158504166069765,-0.05999268748235494,8.689850718065003,10.57324499244142
54,C[Si](C)(C)c1cccc(C(=O)O)c1,4.1645,54,194.30599999999995,1.93,56.38130000000003,37.3,79.22791467470029,1,1,3,2,0.3,13,325.94178503314396,1,0.0,1.0,0.0,0,1,0,3,0.2966591192732107,-0.4776393142538494,-0.24639893778244165,0.33517318093345966,0.05931303345329666,-0.048073175517249135,-0.060357628933765894,-0.06296703939386275,8.790422650541698,10.695536029226506
55,Cc1c(F)c(F)c(C(=O)O)c(F)c1F,2.0,55,208.10999999999999,2.2496199999999997,37.97030000000001,37.3,75.77918481223489,1,1,6,1,0.125,14,385.28768569483816,5,2.0,2.0,1.0,4,4,0,1,0.2966627679211873,-0.47748348546427066,-0.2461466484775367,0.3414381677714986,0.1368727970822252,0.17632868091073506,0.16527883672403654,0.026611357630894745,8.27292894935752,10.245003779289494
56,Cc1cc(C(=O)O)c2ccccc2c1,3.72,56,186.21,2.846420000000001,55.644300000000015,37.3,81.79870773226516,1,1,2,1,0.08333333333333333,14,500.6479306436569,3,1.0,2.0,0.0,0,0,1,1,0.2966594966827345,-0.4776231578854766,-0.24637278119236192,0.33582591067232526,0.06751929943479724,-0.02396450417003526,-0.033453214976694165,-0.05139012117736433,9.007280801209372,10.967133408919123
57,Cc1cc(C(=O)O)cc(C)c1C,4.52,57,164.20399999999998,2.31006,47.61230000000002,37.3,71.84692742932316,1,1,2,1,0.3,12,303.60561870596365,3,0.0,2.0,1.0,0,0,0,3,0.2966591227054238,-0.4776390093848824,-0.24639844767990787,0.3351988116368873,0.05997166293592122,-0.04446906200637071,-0.047080777962920976,-0.045223229594073606,8.724595616024187,10.61667044595616
58,Cc1cc(C)c(C(=O)O)c(C)c1,3.498,58,164.20399999999998,2.31006,47.61230000000002,37.3,71.84692742932317,1,1,2,1,0.3,12,303.6056187059636,3,2.0,0.0,1.0,0,0,0,3,0.2966594672616437,-0.4776248260737522,-0.24637547295108467,0.33572312076173816,0.06527754004306133,-0.03605956301672117,-0.05550311165227801,-0.05055487922755735,8.837373393801965,10.753892668178382
59,Cc1cc(C)c(C(=O)O)cc1C,4.38,59,164.20399999999998,2.31006,47.61230000000002,37.3,71.84692742932316,1,1,2,1,0.3,12,326.85561870596365,3,1.0,1.0,1.0,0,0,0,3,0.29665929491780235,-0.4776319204428037,-0.24638696471071309,0.3354608756431738,0.0626248744083894,-0.04026415833122042,-0.05129179925943422,-0.04788877567627558,8.780984504913077,10.68528155706727
60,Cc1cc(C)c(C)c(C(=O)O)c1,4.01,60,164.204,2.31006,47.61230000000002,37.3,71.84692742932317,1,1,2,1,0.3,12,326.85561870596365,3,1.0,2.0,0.0,0,0,0,3,0.29665929625836646,-0.47763180204803785,-0.24638677437385734,0.3354707007111724,0.0628691715737155,-0.03905414263262892,-0.04853505754758489,-0.05606899071539859,8.814537037037036,10.726203703703703
61,Cc1cc(C)c(C)c(C(=O)O)c1C,3.416,61,178.231,2.618480000000001,52.34930000000002,37.3,78.21186954371977,1,1,2,1,0.36363636363636365,13,338.59329521938565,4,2.0,2.0,0.0,0,0,0,4,0.29665946995526676,-0.4776245871918156,-0.2463750889241784,0.33574312650991744,0.0657857051541888,-0.03337519236169982,-0.047059103309526736,-0.055804456070497804,8.99537037037037,10.947037037037038
62,Cc1cc(C)cc(C(=O)O)c1,4.343999999999999,62,150.177,2.00164,42.87530000000002,37.3,65.48198531492656,1,1,2,1,0.2222222222222222,11,269.3642492178085,2,0.0,2.0,0.0,0,0,0,2,0.29665912269535316,-0.4776390112607927,-0.2463984506850834,0.33519847284921045,0.059952058969889366,-0.04473345706900217,-0.05001097523387085,-0.05633352511887182,8.633703703703704,10.50537037037037
63,Cc1cc([N+](=O)[O-])c(C)c(C(=O)O)c1O,2.78,63,211.173,1.61544,51.19450000000002,100.67,84.92919478962237,4,2,6,2,0.2222222222222222,15,452.3061928125433,4,2.0,2.0,0.0,0,4,0,2,0.2966617127468573,-0.4775293901868241,-0.2462209504632124,0.3395181845365837,0.11114307351010137,0.08914800770470734,0.1358479223315014,0.022826548265657436,8.794554043839758,10.787037037037038
64,Cc1cc2ccccc2c(C(=O)O)c1C,2.831,64,200.23699999999997,3.154840000000002,60.381300000000024,37.3,88.16364984666178,1,1,2,1,0.15384615384615385,15,541.4724046303094,4,2.0,2.0,0.0,0,0,1,2,0.29665967053511827,-0.47761593618196974,-0.2463610846614383,0.3360986013763705,0.07043512066896015,-0.018285617547741963,-0.0319771886426467,-0.05112560922260212,9.188114134542705,11.187966742252456
65,Cc1ccc(C(=O)O)c(C)c1,4.2595,65,150.177,2.00164,42.87530000000002,37.3,65.48198531492656,1,1,2,1,0.2222222222222222,11,289.6142492178085,2,1.0,0.0,1.0,0,0,0,2,0.2966592935731766,-0.4776320402154027,-0.2463871572516609,0.3354507472836609,0.06236152380367214,-0.04174458791892917,-0.056985033868763926,-0.0508185100301892,8.656540060468632,10.53305933484505
66,Cc1ccc(C(=O)O)c(C)c1C,4.06,66,164.20399999999998,2.31006,47.61230000000002,37.3,71.84692742932316,1,1,2,1,0.3,12,326.85561870596365,3,1.0,1.0,1.0,0,0,0,3,0.2966592949237816,-0.47763191994476495,-0.24638696390971954,0.3354609115754474,0.06262546047171888,-0.040270386660442206,-0.0512980266112803,-0.04788818424826685,8.780984504913077,10.685281557067272
67,Cc1ccc(C(=O)O)c(N)c1,5.07,67,151.165,1.27542,42.550700000000006,63.31999999999999,64.45693389754267,2,2,3,1,0.125,11,294.14357423078934,2,1.0,0.0,1.0,0,1,0,1,0.2966604583186036,-0.4775835695823273,-0.24630865446258737,0.3372899800233864,0.08235714070671975,0.000510557526201643,-0.04682837307782858,-0.04903686046520686,8.576540060468632,10.45305933484505
68,Cc1ccc(C(=O)O)c(O)c1,3.1630000000000003,68,152.149,1.39882,39.80310000000001,57.53,63.91127695272596,2,2,3,1,0.125,11,291.3886867286258,2,1.0,0.0,1.0,0,1,0,1,0.29666150116402873,-0.47753990579040373,-0.2462379428223742,0.33896944077635643,0.1011485699039425,0.043118205778006805,-0.03728860896686102,-0.04740979165278274,8.496540060468632,10.373059334845049
69,Cc1ccc(C(=O)O)cc1,4.383333333333334,69,136.15,1.69322,38.13830000000001,37.3,59.11704320052995,1,1,2,1,0.125,10,235.93943338088374,1,0.0,0.0,1.0,0,0,0,1,0.2966591200185854,-0.47763924871448865,-0.24639883241523666,0.33517857168901455,0.05944492878976103,-0.04742997674955426,-0.058466919448209635,-0.05108214060514878,8.475706727135298,10.312226001511716
70,Cc1ccc(C(=O)O)cc1C,4.5,70,150.177,2.00164,42.87530000000002,37.3,65.48198531492656,1,1,2,1,0.2222222222222222,11,289.6142492178085,2,0.0,1.0,1.0,0,0,0,2,0.29665912136197287,-0.4776391290527874,-0.24639864005255574,0.335188691361609,0.05970829575154534,-0.04594953733522726,-0.05277367556429108,-0.04815238927014406,8.600151171579743,10.464448223733939
71,Cc1ccc(C(=O)c2ccccc2C(=O)O)cc1,3.644,71,240.258,2.924220000000001,68.01280000000003,54.370000000000005,104.70060162103438,2,1,3,3,0.06666666666666667,18,597.3907084536906,1,1.0,0.0,0.0,0,1,1,1,0.29665951121401357,-0.47762185103863086,-0.24637068049837313,0.33593873294526566,0.0705892835431722,-0.004963137251616012,-0.05576250031314291,-0.061480708735215855,9.053337322583355,11.059415994792978
72,Cc1ccc(C)c(C(=O)O)c1,4.0205,72,150.17700000000002,2.00164,42.87530000000002,37.3,65.48198531492656,1,1,2,1,0.2222222222222222,11,289.6142492178085,2,1.0,1.0,0.0,0,0,0,2,0.29665929490772597,-0.4776319223197442,-0.24638696771753907,0.33546053670242043,0.06260527905363175,-0.040528070602500965,-0.054227687065852834,-0.059011236030231576,8.690092592592592,10.573981481481482
73,Cc1ccc(C)c(C(=O)O)c1C,3.34,73,164.204,2.31006,47.61230000000002,37.3,71.84692742932316,1,1,2,1,0.3,12,326.85561870596365,3,2.0,1.0,0.0,0,0,0,3,0.2966594686033822,-0.47762470757489484,-0.24637528244689155,0.3357329537859413,0.06552182912560063,-0.03484911034331921,-0.052751723490852345,-0.058746684503614706,8.870925925925926,10.794814814814815
74,Cc1ccc(C)c(C(=O)O)c1O,3.23,74,166.17600000000002,1.7072399999999999,44.54010000000002,57.53,70.27621906712257,2,2,3,1,0.2222222222222222,12,328.790687139693,3,2.0,1.0,0.0,0,1,0,2,0.29666167798943227,-0.47753249259172215,-0.24622593767894227,0.33925489733382513,0.10431508463831639,0.04999929735961184,-0.033128427313170256,-0.05532609457841001,8.710925925925926,10.634814814814815
75,Cc1ccc(N)c(C(=O)O)c1,5.13,75,151.16500000000002,1.27542,42.550700000000006,63.32000000000001,64.45693389754265,2,2,3,1,0.125,11,294.14357423078934,2,1.0,1.0,0.0,0,1,0,1,0.29666045966126775,-0.4775834509822692,-0.24630846379591184,0.3372998203001653,0.08260043479771681,0.0017256377330423268,-0.04406928031998821,-0.05722739712818079,8.610092592592592,10.493981481481482
76,Cc1ccc(O)c(C(=O)O)c1,3.026666666666667,76,152.149,1.39882,39.80310000000001,57.53,63.91127695272596,2,2,3,1,0.125,11,291.3886867286258,2,1.0,1.0,0.0,0,1,0,1,0.2966615025141274,-0.47753978654307605,-0.24623775111502116,0.33897932836574146,0.10139149069763181,0.04433403729495189,-0.03452790291561898,-0.05559836553954917,8.530092592592592,10.413981481481482
77,Cc1ccc2ccccc2c1C(=O)O,3.034,77,186.20999999999998,2.846420000000001,55.644300000000015,37.3,81.79870773226519,1,1,2,1,0.08333333333333333,14,500.6479306436569,3,2.0,1.0,0.0,0,0,1,1,0.29665966918153264,-0.47761605672021007,-0.24636127843354186,0.3360884158961041,0.07017126694514664,-0.0197596051189616,-0.03766975894967617,-0.054067111821841186,9.063669690098262,11.035744520030233
78,Cc1cccc(C(=O)O)c1,4.272666666666667,78,136.15,1.69322,38.13830000000001,37.3,59.11704320052995,1,1,2,1,0.125,10,253.1894333808838,1,0.0,1.0,0.0,0,0,0,1,0.2966591213519304,-0.4776391309235565,-0.2463986430494947,0.33518835345887,0.05968873612142475,-0.04621362149944662,-0.055709839887292195,-0.05927519263189125,8.50925925925926,10.353148148148149
79,Cc1cccc(C(=O)O)c1C,3.758,79,150.177,2.00164,42.87530000000002,37.3,65.48198531492656,1,1,2,1,0.2222222222222222,11,289.6142492178085,2,1.0,1.0,0.0,0,0,0,2,0.29665929491370535,-0.47763192182171876,-0.24638696691656695,0.3354605726329041,0.06260586508941961,-0.040534297204918524,-0.05423391290961947,-0.059010641351067275,8.690092592592592,10.573981481481482
80,Cc1cccc(C(=O)O)c1O,2.971,80,152.149,1.39882,39.80310000000001,57.53,63.91127695272596,2,2,3,1,0.125,11,291.3886867286258,2,1.0,1.0,0.0,0,1,0,1,0.2966615026035395,-0.4775397787133174,-0.24623773852682238,0.3389799651708144,0.10140640393340403,0.04431579940626128,-0.034611169982960883,-0.05559005656809948,8.530092592592592,10.413981481481482
81,Cc1cccc(C)c1C(=O)O,3.307,81,150.177,2.00164,42.87530000000002,37.3,65.48198531492656,1,1,2,1,0.2222222222222222,11,269.3642492178085,2,2.0,0.0,0.0,0,0,0,2,0.2966594672515617,-0.4776248279517213,-0.2463754759595587,0.3357227816682562,0.06525795330600609,-0.03632299253027795,-0.05844468672535521,-0.061689501586015265,8.746481481481482,10.642592592592592
82,Cc1cccc(O)c1C(=O)O,3.24,82,152.149,1.3988199999999997,39.80310000000001,57.53,63.91127695272596,2,2,3,1,0.125,11,271.1386867286258,2,2.0,0.0,0.0,0,1,0,1,0.29666167653808007,-0.47753262174642697,-0.24622614530345607,0.33924401033751594,0.10403709557023218,0.04853744554396944,-0.03874423073315072,-0.058276414246584064,8.586481481481481,10.482592592592592
83,Cc1ccccc1C(=O)O,3.914,83,136.15,1.69322,38.13830000000001,37.3,59.11704320052995,1,1,2,1,0.125,10,253.1894333808838,1,1.0,0.0,0.0,0,0,0,1,0.29665929356312853,-0.4776320420871974,-0.24638716025024293,0.3354504092285493,0.062341972782703696,-0.042008189335771245,-0.059926885355241155,-0.061953475188337076,8.565648148148147,10.42175925925926
84,N#Cc1ccc(C(=O)O)c(O)c1,2.35,84,163.13199999999998,0.9620799999999998,39.78110000000001,81.32000000000001,68.30385663419469,3,2,4,1,0.0,12,365.05598919505206,2,1.0,0.0,1.0,0,2,0,0,0.2966615011989039,-0.4775398992253892,-0.2462379323056878,0.3389706513415281,0.10122101543879441,0.04417178020477167,-0.022368071038418615,0.05570623438476882,8.486335978835978,10.378480253212397
85,N#Cc1ccc(O)c(C(=O)O)c1,2.38,85,163.13199999999998,0.96208,39.78110000000001,81.32,68.30385663419469,3,2,4,1,0.0,12,365.05598919505206,2,1.0,1.0,0.0,0,2,0,0,0.29666150707226985,-0.477539371389563,-0.2462370838308204,0.3390161086523916,0.10244065881900295,0.05183260029327106,0.017555040352422238,-0.04066505328185152,8.516203703703704,10.420500755857898
86,NS(=O)(=O)c1ccc(C(=O)O)cc1,3.47,86,201.20299999999997,0.03219999999999995,44.77450000000001,97.46000000000001,74.85276767556115,3,2,6,2,0.0,13,420.3106937537544,1,0.0,0.0,1.0,0,4,0,0,0.2966591200486021,-0.47763924301019123,-0.2463988232776314,0.3351796448837444,0.05951248550389518,-0.046345755085900796,-0.041278698428128396,0.08180803642635161,8.497815570672714,10.381209845049131
87,NS(=O)(=O)c1cccc(C(=O)O)c1,3.54,87,201.20299999999997,0.03219999999999973,44.77450000000001,97.46000000000001,74.85276767556115,3,2,6,2,0.0,13,437.56069375375444,1,0.0,1.0,0.0,0,4,0,0,0.29665912545883033,-0.47763874993086874,-0.24639803074507133,0.3352233894904498,0.06077212589179464,-0.03758888545452243,0.011277803838538675,-0.042085654360506125,8.539351851851851,10.44446523053666
88,Nc1cc(Br)ccc1C(=O)O,4.37,88,216.03400000000002,1.7295,45.5137,63.32000000000001,71.95953938878742,2,2,4,1,0.0,11,298.4920897763861,2,1.0,0.0,1.0,1,2,0,0,0.2966604583482226,-0.4775835640259253,-0.2463086455615293,0.3372909978384486,0.08241750911938431,0.0013727753904886238,-0.035487222333894106,0.019574219559582072,8.561233938019653,10.43775321239607
89,Nc1cc(C(=O)O)c2ccccc2c1,4.39,89,187.198,2.1202,55.31970000000001,63.32000000000001,80.77365631488126,2,2,3,1,0.0,14,505.61373284730047,3,1.0,2.0,0.0,0,1,1,0,0.29665950571191274,-0.47762235294034655,-0.2463714872065795,0.3358941052498457,0.06929840095033585,-0.013826450610721965,0.008686287451039951,-0.03124526419429285,8.951725245653817,10.911577853363568
90,Nc1cc(C(=O)O)cc([N+](=O)[O-])c1,3.55,90,182.13499999999996,0.8752,44.4681,106.46000000000001,72.74496750564586,4,2,6,2,0.0,13,342.50533357431954,2,0.0,2.0,0.0,0,4,0,0,0.2966591645069281,-0.4776352793381205,-0.24639245149766464,0.3355155239144165,0.06828747657110049,0.003236740831361877,0.15548259594140906,0.03891331352592503,8.537331821617537,10.449814814814815
91,Nc1cc(C(=O)O)cc2ccccc12,4.46,91,187.198,2.1202,55.319700000000005,63.32000000000001,80.77365631488126,2,2,3,1,0.0,14,505.61373284730047,3,0.0,2.0,1.0,0,1,1,0,0.2966591332463337,-0.477638066808496,-0.24639693247616146,0.33527921358053914,0.06210694682866719,-0.03180295652587581,0.012356220211666005,0.004666503982574167,8.813172713529855,10.741280706727135
92,Nc1cc(Cl)ccc1C(=O)O,4.44,92,171.583,1.6204,42.8237,63.32000000000001,68.39525801002773,2,2,4,1,0.0,11,298.4920897763861,2,1.0,0.0,1.0,1,2,0,0,0.29666045836119664,-0.4775835615986446,-0.24630864167312197,0.33729143995734023,0.08244341805543201,0.001733100856380912,-0.03103941736470134,0.042648022103534175,8.533456160241874,10.409975434618293
93,Nc1cc(F)ccc1C(=O)O,4.6,93,155.128,1.1061,37.77170000000001,63.32000000000001,62.257527186072295,2,2,4,1,0.0,11,298.4920897763861,2,1.0,0.0,1.0,1,2,0,0,0.2966604584138512,-0.47758355175816775,-0.24630862590901523,0.33729322837054804,0.08254772023800194,0.003167784529885167,-0.013845377747514525,0.1248098373854666,8.454091080876795,10.330610355253212
94,Nc1cc([N+](=O)[O-])ccc1C(=O)O,3.7,94,182.135,0.8752,44.46810000000001,106.46,72.74496750564586,4,2,6,2,0.0,13,374.7553335743196,2,1.0,0.0,1.0,0,4,0,0,0.2966604585695044,-0.4775835227860538,-0.24630857949607993,0.3372984493225452,0.08284667528975283,0.007109329228045247,0.028322908760919828,0.27103574577859685,8.545290060468632,10.45305933484505
95,Nc1ccc(Br)cc1C(=O)O,4.41,95,216.03400000000002,1.7295,45.5137,63.32000000000001,71.95953938878742,2,2,4,1,0.0,11,298.4920897763861,2,1.0,1.0,0.0,1,2,0,0,0.29666046358241155,-0.4775830966182127,-0.24630789419081336,0.33733072098196526,0.08345703275301108,0.007426505568077078,-0.009335117632506426,-0.045879954167054864,8.58925925925926,10.473148148148148
96,Nc1ccc(C(=O)O)c(O)c1,3.356666666666667,96,153.137,0.6726000000000001,39.478500000000004,83.55000000000001,62.88622553534207,3,3,4,1,0.0,11,295.7372022742226,2,1.0,0.0,1.0,0,2,0,0,0.29666150123456114,-0.4775398926487476,-0.24623792176968695,0.33897181287083294,0.10128422750707557,0.044903931352213884,-0.017159933330338783,0.03511190689206404,8.455723733938019,10.332243008314437
97,Nc1ccc(C(=O)O)cc1,4.832833333333333,97,137.138,0.9670000000000001,37.81370000000001,63.32000000000001,58.09199178314606,2,2,3,1,0.0,10,240.2879489264805,1,0.0,0.0,1.0,0,1,0,0,0.29665912008572076,-0.4776392362026082,-0.24639881237145425,0.3351808337675886,0.05957616599650099,-0.045647613799591195,-0.03831445596504817,0.03139915998400891,8.434890400604687,10.271409674981104
98,Nc1ccc(Cl)cc1C(=O)O,4.35,98,171.583,1.6204,42.8237,63.32000000000001,68.39525801002773,2,2,4,1,0.0,11,298.4920897763861,2,1.0,1.0,0.0,1,2,0,0,0.2966604652953546,-0.4775829426893264,-0.24630764675618405,0.3373439822915891,0.08381493848801892,0.00966347406726456,0.0023810189253424957,-0.04142946265773615,8.551450617283951,10.43533950617284
99,Nc1ccc(F)cc1C(=O)O,4.82,99,155.12800000000001,1.1061,37.77170000000001,63.32000000000001,62.257527186072295,2,2,4,1,0.0,11,298.4920897763861,2,1.0,1.0,0.0,1,2,0,0,0.29666047223981257,-0.4775823200362445,-0.24630664585112183,0.3373973674328701,0.08523986989721127,0.01831319420742348,0.04417541646496943,-0.02422467122978114,8.443425925925926,10.327314814814814
100,Nc1ccc(O)cc1C(=O)O,5.37,100,153.137,0.6726000000000001,39.478500000000004,83.55,62.88622553534207,3,3,4,1,0.0,11,295.7372022742226,2,1.0,1.0,0.0,0,2,0,0,0.29666047683736957,-0.4775819176811961,-0.24630599896698832,0.33743004544880806,0.08600337548144707,0.021390050635903334,0.04074312518971685,-0.018130451087241137,8.498981481481481,10.38287037037037
101,Nc1ccc(Oc2ccccc2)cc1C(=O)O,4.88,101,229.235,2.7593000000000005,64.32970000000002,72.55,98.26263121871699,3,2,4,3,0.0,17,537.6157679203478,2,1.0,1.0,0.0,0,2,1,0,0.29666047685246044,-0.4775819148412125,-0.24630599441753256,0.3374305689707291,0.0860347795009961,0.021849424142420693,0.04668519379222836,-0.017212388346399307,8.920626732174352,10.890865142353238
102,Nc1cccc(C(=O)O)c1,4.749,102,137.138,0.9670000000000001,37.81370000000001,63.32000000000001,58.09199178314606,2,2,3,1,0.0,10,257.53794892648057,1,0.0,1.0,0.0,0,1,0,0,0.2966591303610206,-0.47763832780173254,-0.24639735199440527,0.3352564000157797,0.06146809171049732,-0.03607633142251166,-0.013573543874604264,-0.03912160180088075,8.453703703703704,10.297592592592592
103,Nc1ccccc1C(=O)O,4.911714285714285,103,137.138,0.9670000000000001,37.81370000000001,63.32000000000001,58.09199178314606,2,2,3,1,0.0,10,257.53794892648057,1,1.0,0.0,0.0,0,1,0,0,0.2966604583083135,-0.47758357149944064,-0.24630865753376796,0.3372896338780637,0.08233723785689283,0.00024549160492016303,-0.04976841744659992,-0.06016952418605846,8.485648148148147,10.341759259259259
104,O=C(O)CN(CC(=O)O)c1cc(C(=O)O)c(O)cc1C(=O)O,1.61,104,313.2180000000001,-0.23579999999999984,69.51,172.67,121.99814663723514,6,5,10,7,0.16666666666666666,22,636.2421707411571,3,1.0,1.0,1.0,0,8,0,2,0.29666099520344635,-0.4775603544909247,-0.24627107514391688,0.33824773941472974,0.09486981735194543,0.040501515573646965,0.040501515573646965,0.09486981735194543,8.981616433610482,11.057323948097757
105,O=C(O)COc1ccccc1C(=O)O,2.51,105,196.158,0.8482000000000001,46.532100000000014,83.83,79.55128639667323,3,2,5,4,0.1111111111111111,14,357.97487585062294,1,1.0,0.0,0.0,0,3,0,1,0.2966615021450989,-0.4775398140175837,-0.24623779533940413,0.338977997354855,0.10141556911961398,0.045162831421997646,-0.04008273054819236,-0.05853179176908358,8.703458522297808,10.639005574452003
106,O=C(O)CSc1ccccc1C(=O)O,2.93,106,212.226,1.5615,51.76110000000001,74.6,84.5608511925316,3,2,5,4,0.1111111111111111,14,361.5845163250598,1,1.0,0.0,0.0,0,3,0,1,0.2966598139827865,-0.477609945980269,-0.2463513834284869,0.3363280370886165,0.07300961036423809,-0.012114527571382764,-0.05451702601382387,-0.06110259560495473,8.770125188964474,10.70567224111867
107,O=C(O)c1c(Cl)cccc1Cl,1.707,107,191.013,2.691600000000001,43.42130000000001,37.3,73.35863353989669,1,1,4,1,0.0,11,276.2420897763861,2,2.0,0.0,0.0,2,2,0,0,0.2966609343680816,-0.47756218417186613,-0.24627405435022126,0.3382415056604448,0.09662447618572106,0.056607465352569275,-0.042534251941214136,-0.05925376420835384,8.577592592592593,10.473703703703704
108,O=C(O)c1c(F)c(F)c(-c2c(F)c(F)c(F)c(F)c2F)c(F)c1F,1.42,108,360.13100000000003,4.3037,58.45929999999997,37.3,125.2990139185335,1,1,11,2,0.0,24,833.9769370412891,5,2.0,2.0,1.0,9,9,1,0,0.2966627679344345,-0.47748348297143867,-0.2461466444841928,0.3414386268657535,0.13689995383962608,0.17670816741688053,0.1704343363759016,0.06551220663031937,8.459565913550401,10.550537922341675
109,O=C(O)c1c(F)c(F)c(Br)c(F)c1F,1.66,109,272.979,2.7037,40.93329999999999,37.3,83.28179030347967,1,1,7,1,0.0,14,389.6362012404349,5,2.0,2.0,1.0,5,5,0,0,0.29666276795500446,-0.4774834791220638,-0.2461466383176524,0.34143932748900024,0.1369403340222386,0.17723885813233672,0.17658253695496254,0.09512039217306499,8.257622826908541,10.229697656840514
110,O=C(O)c1c(F)c(F)c(C(F)(F)F)c(F)c1F,1.44,110,262.08,2.96,38.235299999999995,37.3,88.2757910210136,1,1,9,1,0.125,17,462.62266588644087,5,2.0,2.0,1.0,7,7,0,1,0.29666276792193025,-0.47748348517697603,-0.24614664801806016,0.3414382760257786,0.1368858578317037,0.1766956322227195,0.1746760774633595,0.13297331332913237,8.1944850718065,10.213434901738474
111,O=C(O)c1c(F)c(F)c(Cl)c(F)c1F,1.69,111,228.528,2.5946,38.2433,37.3,79.71750892471998,1,1,7,1,0.0,14,389.6362012404349,5,2.0,2.0,1.0,5,5,0,0,0.2966627679698153,-0.47748347635208505,-0.24614663388025174,0.3414398310776284,0.1369693012261835,0.17761870937159543,0.181005785339586,0.11813324781815471,8.229845049130763,10.201919879062736
112,O=C(O)c1c(F)c(F)c(F)c(F)c1F,1.75,112,212.07299999999998,2.0803000000000003,33.191300000000005,37.3,73.57977810076453,1,1,7,1,0.0,14,386.0265607659981,5,2.0,2.0,1.0,5,5,0,0,0.2966627680299141,-0.47748346512446777,-0.24614661589397288,0.34144186762305767,0.1370858699466513,0.17913007341308648,0.19808945707066553,0.20007492122704026,8.150479969765684,10.122554799697657
113,O=C(O)c1c(F)c(F)c(O)c(F)c1F,2.27,113,210.082,1.6467999999999998,34.89810000000001,57.53,74.20847645003431,2,2,7,1,0.0,14,386.88131373827144,5,2.0,2.0,1.0,4,5,0,0,0.2966627680701406,-0.4774834576961315,-0.24614660399357519,0.34144318218613534,0.1371570856455972,0.17993670889020183,0.2040916246619552,0.19357528234880395,8.191296296296297,10.16337112622827
114,O=C(O)c1c(F)c(F)c(S)c(F)c1F,1.67,114,226.15,2.2298999999999998,40.4853,37.3,80.56930936124003,2,2,7,1,0.0,14,389.6362012404349,5,2.0,2.0,1.0,4,5,0,0,0.2966627679558811,-0.47748347897527177,-0.2461466380824094,0.341439347654739,0.13694068741988918,0.17721972374052908,0.17569892406062543,0.08196586146796647,8.247985638699925,10.220060468631898
115,O=C(O)c1c(F)c(F)cc(F)c1F,1.87,115,194.083,1.9412,33.23330000000001,37.3,69.41424269783829,1,1,6,1,0.0,13,348.9955585699927,4,2.0,2.0,0.0,4,4,0,0,0.2966627679094391,-0.4774834876521299,-0.24614665198245167,0.34143777355702415,0.13685055844032204,0.17604982505714162,0.16237356391457058,0.015746162383665458,8.182037037037036,10.133703703703704
116,O=C(O)c1c(O)cccc1Cl,2.63,116,172.56699999999998,1.7438,40.07610000000001,57.53,67.84960106521102,2,2,4,1,0.0,11,275.4872022742226,2,2.0,0.0,0.0,1,2,0,0,0.29666241607144384,-0.47750103985772646,-0.24617501366509814,0.340513168327119,0.11969384916231321,0.09500723695251599,-0.03078627276286172,-0.057058505425085324,8.502037037037036,10.398148148148149
117,O=C(O)c1c(O)cccc1O,1.0605,117,154.12099999999998,0.7959999999999998,36.73090000000001,77.76,62.34056859052537,3,3,4,1,0.0,11,272.2420897763861,2,2.0,0.0,0.0,0,2,0,0,0.2966639073160919,-0.4774394999820511,-0.24607533230084055,0.3427981257437381,0.1427245874107277,0.1334142125259958,-0.019035612660996622,-0.05486323552105364,8.426481481481481,10.322592592592594
118,O=C(O)c1c(O)cccc1[N+](=O)[O-],2.24,118,183.11899999999997,0.9985999999999997,41.720500000000015,100.67,72.19931056082915,4,2,6,2,0.0,13,373.14569309988275,2,2.0,0.0,0.0,0,4,0,0,0.29666596558844127,-0.47735349736563953,-0.2459360507905572,0.3460864100582106,0.1784524674976681,0.21195603212636577,-0.0008368452650977954,-0.05170378487799575,8.530925925925926,10.482592592592594
119,O=C(O)c1cc(Br)cc(Br)c1O,2.162,119,295.914,2.6153999999999997,50.46610000000001,57.53,85.28143004961208,2,2,5,1,0.0,12,335.66852769827057,3,1.0,2.0,0.0,2,3,0,0,0.2966615121110648,-0.47753892154998384,-0.246236360700099,0.33905429601637666,0.1034320007955451,0.05716266936608627,0.040518674322947874,-0.029888562222963776,8.61287037037037,10.524537037037037
120,O=C(O)c1cc(Br)ccc1O,2.6513999999999998,120,217.018,1.8528999999999995,42.76610000000001,57.53,71.41388244397072,2,2,4,1,0.0,11,295.73720227422257,2,1.0,1.0,0.0,1,2,0,0,0.2966615064575212,-0.4775394301448906,-0.24623717824051744,0.33901039563123164,0.10224780335599867,0.05003473565531477,0.0002062689671485634,-0.04425128804552458,8.50925925925926,10.393148148148148
121,O=C(O)c1cc(C(=O)O)c(C(=O)O)cc1C(=O)O,1.87,121,254.14999999999998,0.4794000000000001,54.27919999999999,149.2,98.71419498604253,4,4,8,4,0.0,18,473.23556602352045,3,1.0,1.0,1.0,0,6,0,0,0.29665953120380933,-0.4776200516224613,-0.24636778804031345,0.3360944099843522,0.07484421147342274,0.02174771650123786,0.02174771650123786,0.07484421147342274,8.74656887755102,10.778487811791383
122,O=C(O)c1cc(C(=O)O)c(C(=O)O)cc1O,1.86,122,226.14,0.48679999999999995,48.9847,132.13,88.18773077160215,4,4,7,3,0.0,16,488.87602258085815,3,1.0,1.0,1.0,0,5,0,0,0.29666019406441274,-0.47759277789708143,-0.24632360862469307,0.3371009913469112,0.08492138452272541,0.03707937288846065,0.04523873545450762,0.10340814858900864,8.64045949861426,10.629837805492569
123,O=C(O)c1cc(C(=O)O)c(O)c(C(=O)O)c1,2.77,123,226.14,0.4868,48.9847,132.13,88.18773077160216,4,4,7,3,0.0,16,453.6260225808581,3,0.6666666666666666,2.0,0.3333333333333333,0,5,0,0,0.296660713661817,-0.47757243261051024,-0.246290628631782,0.33776177868206547,0.08907205359189962,0.028544648532979427,0.08907205359189962,0.028544648532979427,8.628381204333586,10.615149911816578
124,O=C(O)c1cc(Cl)ccc1Cl,2.466,124,191.013,2.691600000000001,43.42130000000001,37.3,73.35863353989669,1,1,4,1,0.0,11,296.492089776386,2,1.0,1.0,0.0,2,2,0,0,0.29666003232853305,-0.47760017125556553,-0.24633556789065308,0.336760908403323,0.07951134369138692,0.013874513295994859,0.00017681506490545285,-0.04199528995238503,8.547006172839506,10.430895061728396
125,O=C(O)c1cc(Cl)ccc1O,2.695,125,172.567,1.7437999999999998,40.07610000000001,57.53,67.84960106521103,2,2,4,1,0.0,11,295.73720227422257,2,1.0,1.0,0.0,1,2,0,0,0.29666150818017706,-0.47753927533359364,-0.2462369293875535,0.3390237282478761,0.10260558183214864,0.05227163636557364,0.01192239622883617,-0.03980094211198076,8.471450617283951,10.35533950617284
126,O=C(O)c1cc(N=Nc2ccc(S(=O)(=O)O)cc2)ccc1O,2.38,126,322.29800000000006,2.752500000000001,75.49870000000003,136.62,124.67884289892311,6,3,9,4,0.0,22,843.3340785190201,2,1.0,1.0,0.0,0,7,1,0,0.2966615117241884,-0.4775389570883482,-0.24623641781844094,0.3390510901299124,0.10333695980740099,0.056793820338048515,0.034844740296709836,-0.03080476428074184,8.86929234861844,10.866866145341628
127,O=C(O)c1cc(O)c(O)c(O)c1,4.27,127,170.11999999999998,0.5015999999999998,38.39570000000001,97.99000000000001,67.13480234272139,4,4,5,1,0.0,12,307.56377472599723,3,0.0,2.0,1.0,0,3,0,0,0.29665915696400913,-0.47763593776233854,-0.2463935100940395,0.3354623074615446,0.06705117909053017,-0.0014952466969726577,0.16176248661045542,0.1998059399192645,8.42074074074074,10.312815570672713
128,O=C(O)c1cc(O)c2ccccc2c1,4.25,128,188.182,2.2436,52.57210000000001,57.53,80.22799937006457,2,2,3,1,0.0,14,502.858845345137,3,0.0,2.0,1.0,0,1,1,0,0.29665914129275134,-0.47763734742636865,-0.24639577605864257,0.33534054801486834,0.06373280544611752,-0.022269379490061476,0.054966066475437884,0.02354371685700404,8.757617157974302,10.68572515117158
129,O=C(O)c1cc(O)cc(O)c1,4.039,129,154.12099999999998,0.7959999999999998,36.730900000000005,77.76,62.34056859052537,3,3,4,1,0.0,11,272.2420897763861,2,0.0,2.0,0.0,0,2,0,0,0.29665915681581334,-0.47763596539309905,-0.24639355435790525,0.33545730780564625,0.06676120923791432,-0.00539601842900983,0.11962820760191628,0.021755530466524824,8.41148148148148,10.283148148148149
130,O=C(O)c1cc(O)cc2ccccc12,3.69,130,188.182,2.2436,52.57210000000002,57.53,80.22799937006457,2,2,3,1,0.0,14,502.858845345137,3,1.0,2.0,0.0,0,1,1,0,0.2966595137750679,-0.4776216320773446,-0.24637032840837464,0.3359555523983152,0.0709233476699266,-0.004298903493303875,0.05136062988840105,-0.012308310408315466,8.896169690098262,10.856022297808012
131,O=C(O)c1cc(O)ccc1O,2.9655,131,154.12099999999998,0.7959999999999998,36.730900000000005,77.76,62.34056859052537,3,3,4,1,0.0,11,292.492089776386,2,1.0,1.0,0.0,0,2,0,0,0.29666151978753896,-0.4775382444660303,-0.24623527217944288,0.33911025159610136,0.10479312735377888,0.06399784442897792,0.050284407821739034,-0.016502712804103026,8.418981481481481,10.302870370370371
132,O=C(O)c1cc([N+](=O)[O-])cc([N+](=O)[O-])c1O,0.7,132,228.11599999999999,0.9067999999999998,48.374900000000004,143.81,86.85228628332897,6,2,9,3,0.0,16,460.5038631394357,3,1.0,2.0,0.0,0,7,0,0,0.29666157262775594,-0.47753352594796883,-0.24622768703177939,0.3395110976578962,0.11520656990684221,0.12193822148248389,0.2974803852122161,0.09775239551027334,8.572904383975812,10.566203703703703
133,O=C(O)c1cc([N+](=O)[O-])cc2ccccc12,2.83,133,217.18,2.446200000000001,57.56170000000002,80.44,90.08674134036838,3,1,5,2,0.0,16,591.5542984015813,3,1.0,2.0,0.0,0,3,1,0,0.2966595295459509,-0.47762022365291407,-0.2463680643285204,0.33607533755040736,0.07407433866591819,0.01386144302053894,0.1298657561663738,0.023781896387019285,8.96646447467876,10.967133408919123
134,O=C(O)c1cc([N+](=O)[O-])ccc1O,2.18,134,183.119,0.9985999999999999,41.72050000000001,100.67,72.19931056082916,4,2,6,2,0.0,13,373.14569309988275,2,1.0,1.0,0.0,0,4,0,0,0.2966615357254124,-0.47753682103325773,-0.2462329839743676,0.3392312198139793,0.10794188448326354,0.08215655601294812,0.1287884987920092,0.019600148484786986,8.48927626606198,10.413981481481482
135,O=C(O)c1cc2ccccc2cc1O,2.75,135,188.182,2.2436000000000003,52.57210000000003,57.53,80.22799937006457,2,2,3,1,0.0,14,502.858845345137,3,1.0,1.0,1.0,0,1,1,0,0.29666150407518005,-0.47753964341745003,-0.24623752107633337,0.3389921765887413,0.10176722946062945,0.04711559404991629,-0.014359932951755833,-0.014676610909567452,8.7651171579743,10.705447373393802
136,O=C(O)c1ccc(Br)c2ccccc12,3.37,136,251.079,3.3005000000000013,58.607300000000016,37.3,89.30131322350994,1,1,3,1,0.0,14,505.61373284730047,3,1.0,1.0,1.0,1,1,1,0,0.2966594953758755,-0.4776232704184304,-0.24637296213656962,0.3358171197889647,0.06733579934195769,-0.024316520279689165,-0.024876421022154104,0.025374295981120943,8.958422146636433,10.910905139833712
137,O=C(O)c1ccc(Br)cc1,3.963,137,201.019,2.1473000000000004,41.10130000000001,37.3,66.61964869177471,1,1,3,1,0.0,10,240.2879489264805,1,0.0,0.0,1.0,1,1,0,0,0.2966591200474105,-0.4776392433072885,-0.24639882375319036,0.3351795626680709,0.059504121959262336,-0.04657191187830275,-0.047119745472167886,0.01752654669700297,8.460400604686319,10.296919879062736
138,O=C(O)c1ccc(Br)cc1C(=O)O,2.5,138,245.028,1.8455,48.0606,74.6,81.94034665841112,2,2,5,2,0.0,13,372.4068180287228,2,1.0,0.5,0.5,1,3,0,0,0.29665953082268703,-0.4776200982930421,-0.24636786292995758,0.3360880793420473,0.07453241630127125,0.01771440754042858,-0.02672160885006497,-0.014339616479715846,8.640802154195011,10.57656179138322
139,O=C(O)c1ccc(Br)cc1O,2.669,139,217.018,1.8529000000000004,42.76610000000001,57.53,71.41388244397073,2,2,4,1,0.0,11,295.73720227422257,2,1.0,0.0,1.0,1,2,0,0,0.2966615011943128,-0.4775399001109089,-0.2462379337241194,0.3389704799969879,0.10120976400747031,0.04397818588943508,-0.025952311239072778,0.021203221427927025,8.481233938019653,10.35775321239607
140,O=C(O)c1ccc(C(=O)O)c(C(=O)O)c1,2.5300000000000002,140,210.141,0.7812000000000001,47.3199,111.89999999999999,83.39349701940613,3,3,6,3,0.0,15,447.9158332869801,2,0.6666666666666666,0.6666666666666666,0.6666666666666666,0,4,0,0,0.2966593941350089,-0.4776264516723932,-0.24637813779962703,0.3357889739636957,0.06970401830422794,-0.0014042863081075985,-0.005963804008408679,0.029179895368445955,8.625984189972286,10.585967183169563
141,O=C(O)c1ccc(C2CC2)cc1,4.44,141,162.188,2.2622,45.37630000000002,37.3,70.84109627579394,1,1,2,2,0.3,12,296.11954751006243,1,0.0,0.0,1.0,0,0,0,3,0.29665912001862427,-0.47763924869944385,-0.2463988323911753,0.33517857735980655,0.05944562765038545,-0.04740903993271531,-0.057903261316727364,-0.044860584512269625,8.62993716931217,10.497706443688587
142,O=C(O)c1ccc(C=C[N+](=O)[O-])cc1,3.94,142,193.15799999999996,1.6321999999999999,49.42970000000001,80.44,79.44535800524213,3,1,5,3,0.0,14,380.30335715415833,1,0.0,0.0,1.0,0,3,0,0,0.2966591200298371,-0.4776392466045429,-0.24639882903521249,0.3351789581887939,0.05946801244005858,-0.04709404800949352,-0.053897892062766906,-0.019458765575821903,8.567589443184682,10.452079396573444
143,O=C(O)c1ccc(Cl)c(Cl)c1,3.64,143,191.01299999999998,2.6916,43.42130000000001,37.3,73.3586335398967,1,1,4,1,0.0,11,296.492089776386,2,0.0,1.0,1.0,2,2,0,0,0.2966591269984879,-0.4776386164455821,-0.24639781612115685,0.3352340135509624,0.0610098303635958,-0.03677223887866489,0.009448327330313554,0.05923258478850375,8.498425296044344,10.362722348198538
144,O=C(O)c1ccc(Cl)c2ccccc12,3.36,144,206.628,3.1914000000000007,55.91730000000002,37.3,85.73703184475023,1,1,3,1,0.0,14,505.61373284730047,3,1.0,1.0,1.0,1,1,1,0,0.2966594953887151,-0.4776232680165927,-0.24637295828891959,0.33581755734712804,0.06736155040240921,-0.023955921371156805,-0.02043053164220685,0.04844106915305872,8.930644368858655,10.883127362055934
145,O=C(O)c1ccc(Cl)cc1,3.988,145,156.56799999999998,2.0382,38.41130000000001,37.3,63.05536731301502,1,1,3,1,0.0,10,240.2879489264805,1,0.0,0.0,1.0,1,1,0,0,0.296659120060037,-0.47763924094516946,-0.2463988199691688,0.3351799931332665,0.05952952671519803,-0.04621332662416256,-0.04266932746053013,0.040599756065967704,8.432622826908542,10.26914210128496
146,O=C(O)c1ccc(Cl)cc1Cl,2.73,146,191.01299999999998,2.6916,43.42130000000001,37.3,73.35863353989669,1,1,4,1,0.0,11,296.492089776386,2,1.0,0.0,1.0,2,2,0,0,0.2966600254068603,-0.4776007890823868,-0.24633656106710913,0.3367084427042981,0.07813949450892585,0.005937430360417554,-0.03324070311273358,0.042082236538533685,8.52901171579743,10.405530990173848
147,O=C(O)c1ccc(F)c2ccccc12,3.7,147,190.173,2.677100000000001,50.86530000000001,37.3,79.59930102079478,1,1,3,1,0.0,14,505.61373284730047,3,1.0,1.0,1.0,1,1,1,0,0.29665949544082376,-0.47762325827938884,-0.24637294269024626,0.3358193272794322,0.06746521373661438,-0.022520258622468564,-0.0032452756930335877,0.13057681089769402,8.851279289493576,10.803762282690855
148,O=C(O)c1ccc(F)cc1,3.9074285714285715,148,140.113,1.5239,33.359300000000005,37.3,56.91763648905958,1,1,3,1,0.0,10,240.2879489264805,1,0.0,0.0,1.0,1,1,0,0,0.29665912011128104,-0.4776392313687754,-0.24639880462811098,0.33518173442375127,0.05963180035841191,-0.044785569530512166,-0.025464769214216264,0.12275875959670463,8.353257747543461,10.18977702191988
149,O=C(O)c1ccc(O)c(O)c1,4.3755,149,154.12099999999998,0.7959999999999998,36.730900000000005,77.76,62.34056859052537,3,3,4,1,0.0,11,292.492089776386,2,0.0,1.0,1.0,0,2,0,0,0.29665913854883885,-0.477637581982577,-0.24639615322572692,0.33532252564441734,0.06337272580455121,-0.022763238099736027,0.07113793697158954,0.1569370385722381,8.407407407407407,10.271704459561603
150,O=C(O)c1ccc(O)cc1,4.566666666666666,150,138.12199999999999,1.0903999999999998,35.066100000000006,57.53,57.54633483832936,2,2,3,1,0.0,10,237.53306142431703,1,0.0,0.0,1.0,0,1,0,0,0.29665912014559465,-0.47763922502895123,-0.2463987944715563,0.33518285963636446,0.059694418802797466,-0.04401979931808845,-0.019370358378479877,0.11512645500938284,8.394074074074073,10.23059334845049
151,O=C(O)c1ccc(O)cc1O,3.20875,151,154.12099999999998,0.7959999999999998,36.730900000000005,77.76,62.34056859052537,3,3,4,1,0.0,11,292.492089776386,2,1.0,0.0,1.0,0,2,0,0,0.29666150129746266,-0.4775398809130282,-0.24623790296936537,0.3389739372072796,0.1014064610057542,0.04653486962446344,0.0017618312558532086,0.11881738285858257,8.414907407407407,10.291426681783825
152,O=C(O)c1ccc([N+](=O)[O-])c2ccccc12,2.8,152,217.18,2.446200000000001,57.56170000000002,80.44,90.08674134036838,3,1,5,2,0.0,16,539.0542984015815,3,1.0,1.0,1.0,0,3,1,0,0.29665949559485805,-0.4776232296124909,-0.24637289676624244,0.3358244939734197,0.0677623061206704,-0.018577095561309934,0.03888881602367829,0.2767389164468986,8.942478269085413,10.926211262282692
153,O=C(O)c1ccc([N+](=O)[O-])cc1,3.2511666666666668,153,167.12,1.293,40.05570000000001,80.44,67.40507680863315,3,1,5,2,0.0,12,283.68319020476093,1,0.0,0.0,1.0,0,3,0,0,0.29665912026276925,-0.4776392031733409,-0.24639875945939782,0.33518681796768635,0.059924950905585396,-0.0408630812772159,0.01673333431752615,0.2689737051927783,8.444456727135298,10.312226001511716
154,O=C(O)c1ccc([N+](=O)[O-])cc1O,2.27,154,183.119,0.9985999999999999,41.72050000000001,100.67,72.19931056082916,4,2,6,2,0.0,13,373.14569309988275,2,1.0,0.0,1.0,0,4,0,0,0.2966615014205571,-0.477539857959086,-0.24623786619767654,0.3389780877222503,0.10164473808660753,0.04969741923629008,0.03782334525740418,0.2726763155624128,8.465290060468632,10.373059334845049
155,O=C(O)c1ccc2c(c1)OCCO2,4.35,155,180.15899999999993,1.1559999999999997,44.39130000000002,55.760000000000005,74.7032446204111,3,1,4,1,0.2222222222222222,13,345.46798022455295,2,0.0,1.0,1.0,0,2,0,2,0.29665913855245507,-0.47763758129081135,-0.24639615211762347,0.33532265743333206,0.06338119862141839,-0.022624715890527374,0.07325398548824455,0.16090993667279777,8.690021494708994,10.590351710128497
156,O=C(O)c1ccc2c(c1)OCO2,4.5,156,166.13199999999995,1.1134999999999997,39.52430000000001,55.760000000000005,68.33830250601449,3,1,4,1,0.125,12,331.82978715700074,2,0.0,1.0,1.0,0,2,0,1,0.29665913855261694,-0.4776375812281254,-0.2463961520173686,0.3353226811512469,0.06338414119706633,-0.022536393057434066,0.07555854055061957,0.16534541914123735,8.619708994708994,10.504414210128497
157,O=C(O)c1ccc2ccccc2c1,4.343666666666667,157,172.183,2.5380000000000003,50.90730000000002,37.3,75.43376561786856,1,1,2,1,0.0,13,460.35186173234996,2,0.0,1.0,1.0,0,0,1,0,0.2966591228923603,-0.47763898978021446,-0.24639841619587555,0.33520102139772945,0.06006328569928089,-0.043433235905232695,-0.0355339619340347,-0.0183527220153795,8.744283824640966,10.644614040060468
158,O=C(O)c1ccc2ncccc2c1,4.82,158,173.171,1.9329999999999998,48.70230000000002,50.19,74.65341359881506,2,1,3,1,0.0,13,465.18632858848656,2,0.0,1.0,1.0,0,1,1,0,0.2966591229488446,-0.47763897922999105,-0.24639839929474824,0.3352029377139873,0.060175571192571393,-0.041874497287977236,-0.016974299498041863,0.07019523264812132,8.723875661375661,10.624205876795163
159,O=C(O)c1ccc2nccnc2c1,3.64,159,174.159,1.3279999999999998,46.49730000000001,63.08,73.8730615797616,3,1,4,1,0.0,13,467.8762845243794,2,0.0,1.0,1.0,0,2,1,0,0.29665913049052833,-0.47763830361028803,-0.24639731324047848,0.3352607946363067,0.06172553509500191,-0.032517052603499415,0.028070776609826473,0.0886796632603669,8.696097883597883,10.596428099017384
160,O=C(O)c1cccc(Br)c1,3.813,160,201.01899999999998,2.1473000000000004,41.10130000000001,37.3,66.61964869177471,1,1,3,1,0.0,10,257.53794892648057,1,0.0,1.0,0.0,1,1,0,0,0.2966591252452293,-0.4776387790968116,-0.24639807752264092,0.3352190478172378,0.060545679823955846,-0.040512764556002306,-0.020975697343738817,-0.047927278349560364,8.488425925925926,10.332314814814815
161,O=C(O)c1cccc(Br)c1C(=O)O,2.27,161,245.02799999999996,1.8455,48.0606,74.6,81.94034665841112,2,2,5,2,0.0,13,372.4068180287228,2,1.5,0.5,0.0,1,3,0,0,0.29665987339332334,-0.477605527962837,-0.24634427200128484,0.3366686987252044,0.0816013041838275,0.037344588145061024,-0.030276062999163595,-0.05363999810462175,8.678425925925925,10.623981481481483
162,O=C(O)c1cccc(C(=O)O)c1,3.7,162,166.13199999999998,1.083,40.360600000000005,74.6,68.07279905276974,2,2,4,2,0.0,12,300.33467465916425,1,0.0,1.0,0.0,0,2,0,0,0.29665912300386793,-0.47763896896100383,-0.24639838284410992,0.33520479982520107,0.0602842971100376,-0.04038339183088875,-0.000132602181508297,-0.04764163676498614,8.498110355253212,10.382815570672713
163,O=C(O)c1cccc(C(=O)O)c1C(=O)O,2.84,163,210.14099999999996,0.7811999999999999,47.3199,111.89999999999999,83.39349701940613,3,3,6,3,0.0,15,415.6658332869801,2,1.3333333333333333,0.6666666666666666,0.0,0,4,0,0,0.29665966657154236,-0.47761382496494154,-0.24635771678641527,0.3363823680345151,0.0793576536153774,0.03883358456353139,-0.010809613251373302,-0.05133368230321931,8.682197026958931,10.67144494834971
164,O=C(O)c1cccc(C=C[N+](=O)[O-])c1,3.87,164,193.158,1.6321999999999999,49.42970000000001,80.44,79.44535800524211,3,1,5,3,0.0,14,397.55335715415833,1,0.0,1.0,0.0,0,3,0,0,0.2966591228711455,-0.47763899370392215,-0.24639842248173116,0.33520032342927797,0.060024234832231675,-0.043918466179811835,-0.03972969194578007,-0.054705840636618965,8.628700554295792,10.53331396447468
165,O=C(O)c1cccc(Cl)c1,3.8295,165,156.56799999999998,2.0382,38.41130000000001,37.3,63.05536731301502,1,1,3,1,0.0,10,257.53794892648057,1,0.0,1.0,0.0,1,1,0,0,0.2966591269460163,-0.47763862626875,-0.24639783185744915,0.33523222079399845,0.06090374012388761,-0.038275808239640136,-0.009259552507007485,-0.043476598863637264,8.450617283950617,10.294506172839506
166,O=C(O)c1cccc(F)c1,3.626714285714286,166,140.113,1.5239,33.359300000000005,37.3,56.91763648905958,1,1,3,1,0.0,10,257.53794892648057,1,0.0,1.0,0.0,1,1,0,0,0.29665913384121045,-0.47763800806585593,-0.24639683810562107,0.3352852507554461,0.06232930452467972,-0.029626150720879516,0.03253488365820936,-0.02627107674944989,8.342592592592592,10.186481481481483
167,O=C(O)c1cccc(O)c1,4.1899999999999995,167,138.12199999999999,1.0903999999999998,35.066100000000006,57.53,57.54633483832936,2,2,3,1,0.0,10,254.78306142431708,1,0.0,1.0,0.0,0,1,0,0,0.296659138406235,-0.4776376085722302,-0.2463961958217542,0.33531771366934326,0.06309326438546807,-0.026549418873257305,0.0291026507482531,-0.020176573704176803,8.398148148148149,10.242037037037036
168,O=C(O)c1cccc(O)c1O,2.914,168,154.12099999999998,0.7959999999999998,36.730900000000005,77.76,62.34056859052537,3,3,4,1,0.0,11,292.4920897763861,2,1.0,1.0,0.0,0,2,0,0,0.2966615210153176,-0.4775381358433982,-0.2462350975547583,0.339119304379745,0.10501972858513216,0.06404970675826432,0.05018504060474187,-0.016285149794549345,8.418981481481481,10.302870370370371
169,O=C(O)c1cccc([N+](=O)[O-])c1,3.293333333333333,169,167.11999999999998,1.293,40.05570000000001,80.44,67.40507680863315,3,1,5,2,0.0,12,304.683190204761,1,0.0,1.0,0.0,0,3,0,0,0.296659154142047,-0.47763620333687157,-0.2463939368677962,0.3354372389098325,0.06624469975143338,-0.008390356095835324,0.10760699990197602,0.015928999050162075,8.468442932728648,10.353148148148149
170,O=C(O)c1cccc([N+](=O)[O-])c1O,2.085,170,183.11899999999997,0.9985999999999997,41.72050000000001,100.67,72.19931056082916,4,2,6,2,0.0,13,340.89569309988275,2,1.0,1.0,0.0,0,4,0,0,0.29666153801208967,-0.4775366169679524,-0.24623265593238797,0.3392485428244936,0.10839274933042647,0.08260252749987758,0.12841772541075636,0.019983907831563875,8.489276266061982,10.413981481481482
171,O=C(O)c1cccc2ccccc12,3.80925,171,172.183,2.538000000000001,50.90730000000001,37.3,75.43376561786854,1,1,2,1,0.0,13,455.10186173234996,2,1.0,1.0,0.0,0,0,1,0,0.2966594953363794,-0.47762327781368663,-0.24637297398344551,0.33581576987767653,0.06725601508768744,-0.025444728499668733,-0.03915202062931142,-0.05433104614629758,8.882836356764928,10.814911186696902
172,O=C(O)c1cccc2cccnc12,6.8,172,173.171,1.9329999999999998,48.702300000000015,50.19,74.65341359881505,2,1,3,1,0.0,13,459.93632858848656,2,1.0,1.0,0.0,0,1,1,0,0.2966604747996522,-0.4775820948200844,-0.24630628377402086,0.3374158641888878,0.08568250712946526,0.01961816747746327,-0.029805967247788417,-0.05276254990023953,8.842836356764929,10.774911186696901
173,O=C(O)c1cccc2nccnc12,4.026,173,174.159,1.3279999999999998,46.49730000000002,63.08,73.87306157976157,3,1,4,1,0.0,13,462.6262845243794,2,1.0,1.0,0.0,0,2,1,0,0.2966604827235291,-0.47758138542308914,-0.24630514341810122,0.3374764948149606,0.08728936486266539,0.028913068031196313,0.015210437442027314,-0.034152693941456695,8.81505857898715,10.747133408919124
174,O=C(O)c1ccccc1,4.093071428571428,174,122.12299999999996,1.3848,33.4013,37.3,52.75210108613335,1,1,2,1,0.0,9,203.415952604261,0,0.0,0.0,0.0,0,0,0,0,0.2966591200085711,-0.47763925058011736,-0.24639883540394028,0.3351782346710392,0.05942541349067609,-0.04769375004654255,-0.061409047342272656,-0.06221744854052669,8.384814814814815,10.200925925925926
175,O=C(O)c1ccccc1C(=O)O,2.813333333333333,175,166.13199999999998,1.083,40.360600000000005,74.6,68.07279905276974,2,2,4,2,0.0,12,296.58467465916425,1,1.0,0.0,0.0,0,2,0,0,0.29665952817560726,-0.47762033859383274,-0.24636824917832942,0.33606691885784895,0.07393232736093683,0.013563466135148285,-0.05408118069099824,-0.06135696629135622,8.551203703703704,10.462870370370371
176,O=C(O)c1ccccc1C(=O)c1ccccc1,3.536,176,226.231,2.615800000000001,63.275800000000025,54.37,98.33565950663777,2,1,3,3,0.0,17,558.6898224465508,1,1.0,0.0,0.0,0,1,1,0,0.29665951121401357,-0.47762185103863086,-0.24637068049837316,0.3359387329452452,0.07058928353232115,-0.0049631386567014525,-0.05576250031856982,-0.06148070873523553,9.009222096245907,11.00530076845553
177,O=C(O)c1ccccc1Cl,3.063333333333333,177,156.56799999999998,2.0382,38.41130000000001,37.3,63.05536731301502,1,1,3,1,0.0,10,257.53794892648057,1,1.0,0.0,0.0,1,1,0,0,0.2966600253541211,-0.47760079895521496,-0.24633657688295707,0.33670664180931204,0.07803352276236908,0.0044566645728775466,-0.0519726061552297,-0.0607356223398593,8.481203703703704,10.337314814814816
178,O=C(O)c1ccccc1Nc1ccccc1,3.925,178,213.236,3.128400000000001,63.126000000000026,49.33,93.35905747580544,2,2,3,3,0.0,16,494.2955976569277,1,1.0,0.0,0.0,0,1,1,0,0.2966604608654863,-0.47758334052031026,-0.24630828625645299,0.33730974521680224,0.08289197735328677,0.0037650663345246277,-0.04948952063625305,-0.060150108668715244,9.00366654069035,10.971967435122197
179,O=C(O)c1ccccc1O,2.9423076923076925,179,138.12199999999999,1.0903999999999998,35.066100000000006,57.53,57.54633483832936,2,2,3,1,0.0,10,254.78306142431708,1,1.0,0.0,0.0,0,1,0,0,0.2966615011535074,-0.4775399077499754,-0.2462379459615751,0.33896908736073095,0.10112839693627633,0.04285393795138013,-0.0402269829834041,-0.058540393033453014,8.405648148148149,10.26175925925926
180,O=C(O)c1ccccc1P(O)O,1.32,180,186.10299999999998,0.3065999999999998,44.39290000000001,77.76,70.01359448765308,3,3,5,2,0.0,12,297.2127794821931,1,1.0,0.0,0.0,0,3,0,0,0.2966595408338933,-0.477620438109767,-0.24636839619984716,0.3360072470526342,0.07168599297785229,-0.0014856326274905601,-0.05520844766912647,-0.06141438010892124,8.602685185185186,10.514351851851853
181,O=C(O)c1ccccc1[N+](=O)[O-],2.1083333333333334,181,167.11999999999995,1.293,40.05570000000001,80.44,67.40507680863315,3,1,5,2,0.0,12,300.933190204761,1,1.0,0.0,0.0,0,3,0,0,0.2966635382047568,-0.47745480919663447,-0.24610012818428884,0.3422249668862208,0.1369467212834833,0.12138520845627208,-0.022036196497292465,-0.05538103257571784,8.510092592592592,10.421759259259261
182,O=Cc1ccc(C(=O)O)cc1,3.76,182,150.13299999999998,1.1973,38.78880000000001,54.370000000000005,63.27856530057372,2,1,3,2,0.0,11,273.8935742307893,1,0.0,0.0,1.0,0,1,0,0,0.29665912003004563,-0.47763924652392353,-0.24639882890627607,0.33517898859344064,0.05947176386081778,-0.04698137865925823,-0.05085088616638601,0.014293951060744738,8.460081727135298,10.312226001511716
183,O=Cc1cccc(C(=O)O)c1,3.84,183,150.13299999999998,1.1973,38.78880000000001,54.370000000000005,63.27856530057372,2,1,3,2,0.0,11,291.1435742307893,1,0.0,1.0,0.0,0,1,0,0,0.29665912292901664,-0.4776389829221096,-0.24639840520946482,0.3352022714281579,0.060137082762709744,-0.04239351472373645,-0.022797184458808892,-0.05165852863460343,8.488851095993953,10.353148148148149
