name,smiles,yield,conversion,selectivity,oligomers,fructose_mannose,5-hmf,levoglucosan,furfural,others
88-99-3,O=C(C1=CC=CC=C1C(O)=O)O,13.32,30.37,43.73,0.39,1.50,2,1.02,0.75,10
2169-87-1,O=C(C1=CC2=CC=CC=C2C=C1C(O)=O)O,11.80,24.44,48.28,0.65,1.80,1.68,1,0.66,6.85
89-05-4,O=C(C1=CC(C(O)=O)=C(C(O)=O)C=C1C(O)=O)O,11.53,30.31,38.04,5.22,1.85,2.74,1.20,1.07,6.70
610-27-5,O=C(O)C1=CC=C(C=C1C(=O)O)N(=O)=O,15.65,36.39,43.01,0.45,1.65,2.65,1.44,1.17,13.38
603-11-2,O=C(O)C1=CC=CC(=C1C(=O)O)N(=O)=O,12.49,32.69,38.21,1.10,1.59,2.12,,0.76,
te,O=C(C(C=C1)=C(C(O)=O)C=C1OC2=CC(OC3=CC=C(C(O)=O)C(C(O)=O)=C3)=CC(OC4=CC(C(O)=O)=C(C(O)=O)C=C4)=C2)O,4.18,17.72,23.59,1.70,1.32,1.81,0.52,0.64,8.28
27485-15-0,O=C1C2=C(C=C(C(O)=O)C(C(O)=O)=C2)C(C3=CC=CC=C31)=O,17.69,22.38,79.04,0.52,1.66,2.31,1.33,0.92,10.57
1885-13-8,COC1=CC=C(C(O)=O)C(C(O)=O)=C1,13.29,36,43.61,0.80,1.70,2.70,1.40,1.20,13
14963-97-4,COC1=C(C(O)=O)C(C(O)=O)=CC=C1,8.95,21.36,41.90,0.80,1.72,1.50,0.89,0.45,7.10
56962-08-4,ClC1=C(Cl)C=C(C(O)=O)C(C(O)=O)=C1,18.18,35.46,51.27,0.78,1.83,2.37,1.27,0.53,10.50
2479-49-4,O=C(C1=CC(C(O)=O)=C(C(O)=O)C=C1)C2=CC=C(C(O)=O)C(C(O)=O)=C2,14.76,27.90,52.90,0.84,2.25,1.97,1.34,0.74,6
18959-31-4,FC1=C(F)C=C(C(O)=O)C(C(O)=O)=C1,14.92,35.71,41.78,1.01,2.38,3.52,1.92,0.96,11.01
27563-65-1,ClC1=C(C(O)=O)C(C(O)=O)=CC=C1,10,22,45.45,1.40,1.80,1.40,0.80,0.60,6
652-03-9,FC1=C(F)C(F)=C(C(O)=O)C(C(O)=O)=C1F,10.92,27.62,39.54,1.27,1.95,2.33,1.98,0.78,8.39
528-44-9,O=C(O)C1=CC=C(C(=O)O)C(=C1)C(=O)O,11.82,26.51,44.59,1.22,1.95,2.02,1.10,0.66,7.74
651-97-8,O=C(O)C=1C(F)=CC=C(F)C1C(=O)O,11.85,25.09,47.31,0.86,10.94,2,0.96,0.78,-2.32
3786-46-7,O=C(O)C=1C(O)=CC=C(O)C1C(=O)O,0.86,6.64,3.16,0,2.14,0.77,0.57,6.47,-3.52
10595-31-0,O=C(O)C1=CC=C(C=C1C(=O)O)S(=O)(=O)C2=CC=C(C(=O)O)C(=C2)C(=O)O,13.04,27.16,48.09,0.70,2.01,2.12,1.70,0.91,6.66
6968-28-1,O=C(O)C1=CC=C(Br)C=C1C(=O)O,14.22,34.10,41.70,0.83,1.97,2.03,1.09,0,13.96
632-58-6,O=C(O)C=1C(Cl)=C(Cl)C(Cl)=C(Cl)C1C(=O)O,13.81,19.94,69.26,0.96,2.20,1.76,1.40,0.56,-0.75