cas,smiles,yield,conversion,selectivity,oligomers,fructose_mannose,5-hmf,levoglucosan,furfural,others,canonical_smiles,MW,logP,TPSA,HBA,HBD,rotatable_bonds,aromatic_rings,FractionCSP3,formal_charge,acid_type,acid_group_count,acid_center_aromatic_flag,local_heteroatom_count,local_halogen_count,nearest_heteroatom_distance,local_conjugation,local_formal_charge,error
88-99-3,O=C(C1=CC=CC=C1C(O)=O)O,13.32,30.37,43.73,0.39,1.5,2.0,1.02,0.75,10.0,O=C(O)c1ccccc1C(=O)O,166.132,1.083,74.6,2,2,2,1,0.0,0,0,2,0,2,0,4,2,0,
2169-87-1,O=C(C1=CC2=CC=CC=C2C=C1C(O)=O)O,11.8,24.44,48.28,0.65,1.8,1.68,1.0,0.66,6.85,O=C(O)c1cc2ccccc2cc1C(=O)O,216.192,2.2362,74.6,2,2,2,2,0.0,0,0,2,0,2,0,4,2,0,
89-05-4,O=C(C1=CC(C(O)=O)=C(C(O)=O)C=C1C(O)=O)O,11.53,30.31,38.04,5.22,1.85,2.74,1.2,1.07,6.7,O=C(O)c1cc(C(=O)O)c(C(=O)O)cc1C(=O)O,254.15,0.4794,149.2,4,4,4,1,0.0,0,0,4,0,4,0,8,4,0,
610-27-5,O=C(O)C1=CC=C(C=C1C(=O)O)N(=O)=O,15.65,36.39,43.01,0.45,1.65,2.65,1.44,1.17,13.38,O=C(O)c1ccc([N+](=O)[O-])cc1C(=O)O,211.129,0.9912,117.74,4,2,3,1,0.0,0,0,2,0,2,0,4,2,0,
603-11-2,O=C(O)C1=CC=CC(=C1C(=O)O)N(=O)=O,12.49,32.69,38.21,1.1,1.59,2.12,,0.76,,O=C(O)c1cccc([N+](=O)[O-])c1C(=O)O,211.129,0.9912,117.74,4,2,3,1,0.0,0,0,2,0,2,0,4,2,0,
te,O=C(C(C=C1)=C(C(O)=O)C=C1OC2=CC(OC3=CC=C(C(O)=O)C(C(O)=O)=C3)=CC(OC4=CC(C(O)=O)=C(C(O)=O)C=C4)=C2)O,4.18,17.72,23.59,1.7,1.32,1.81,0.52,0.64,8.28,O=C(O)c1ccc(Oc2cc(Oc3ccc(C(=O)O)c(C(=O)O)c3)cc(Oc3ccc(C(=O)O)c(C(=O)O)c3)c2)cc1C(=O)O,618.459,5.2527,251.49,9,6,12,4,0.0,0,0,6,0,6,0,12,6,0,
he2,O=C(C(C=C1)=C(C(O)=O)C=C1OC2=CC=CC(OC3=CC(C(O)=O)=C(C(O)=O)C=C3)=C2)O,11.8,27.0,43.7,1.0,1.8,2.1,1.0,0.6,9.0,O=C(O)c1ccc(Oc2cccc(Oc3ccc(C(=O)O)c(C(=O)O)c3)c2)cc1C(=O)O,438.344,4.064,167.66,6,4,8,3,0.0,0,0,4,0,4,0,8,4,0,
ee,O=C(C1=CC(OC(C=C2)=CC=C2OC3=CC(OC4=CC=C(OC5=CC=C(C(O)=O)C(C(O)=O)=C5)C=C4)=CC=C3)=CC=C1C(O)=O)O,8.7356475,21.0,41.43,1.3,1.7,1.4,1.6,0.6,6.1,O=C(O)c1ccc(Oc2ccc(Oc3cccc(Oc4ccc(Oc5ccc(C(=O)O)c(C(=O)O)c5)cc4)c3)cc2)cc1C(=O)O,622.538,7.6486,186.12,8,4,12,5,0.0,0,0,4,0,4,0,8,4,0,
27485-15-0,O=C1C2=C(C=C(C(O)=O)C(C(O)=O)=C2)C(C3=CC=CC=C31)=O,17.69,22.38,79.04,0.52,1.66,2.31,1.33,0.92,10.569999999999997,O=C(O)c1cc2c(cc1C(=O)O)C(=O)c1ccccc1C2=O,296.234,1.8584,108.74,4,2,2,2,0.0,0,0,2,0,2,0,4,2,0,
1885-13-8,COC1=CC=C(C(O)=O)C(C(O)=O)=C1,13.29,36.0,43.61,0.8,1.7,2.7,1.4,1.2,13.0,COc1ccc(C(=O)O)c(C(=O)O)c1,196.158,1.0916,83.83,3,2,3,1,0.111111,0,0,2,0,2,0,4,2,0,
14963-97-4,COC1=C(C(O)=O)C(C(O)=O)=CC=C1,8.95,21.36,41.9,0.8,1.72,1.5,0.89,0.45,7.1,COc1cccc(C(=O)O)c1C(=O)O,196.158,1.0916,83.83,3,2,3,1,0.111111,0,0,2,0,2,0,4,2,0,
4-no,O=C(C1=CC(OC2=CC3=CC=CC=C3C=C2)=CC=C1C(O)=O)O,12.97,29.0,44.83,1.1,1.8,1.8,1.1,0.7,9.9,O=C(O)c1ccc(Oc2ccc3ccccc3c2)cc1C(=O)O,308.289,4.0285,83.83,3,2,4,3,0.0,0,0,2,0,2,0,4,2,0,
4-po,O=C(C1=CC(OC2=CC3=C4C(C=CC5=CC=CC(C=C3)=C54)=C2)=CC=C1C(O)=O)O,13.9,29.0,47.93,1.1,2.1,2.1,1.3,0.8,7.7,O=C(O)c1ccc(Oc2cc3ccc4cccc5ccc(c2)c3c45)cc1C(=O)O,382.371,5.7727,83.83,3,2,4,5,0.0,0,0,2,0,2,0,4,2,0,
4-ne,O=C(C(C=C1)=C(C(O)=O)C=C1OCCOC2=CC3=CC=CC=C3C=C2)O,12.8,30.0,42.67,1.0,1.7,1.6,1.0,0.8,11.0,O=C(O)c1ccc(OCCOc2ccc3ccccc3c2)cc1C(=O)O,352.342,3.694,93.06,4,2,7,3,0.1,0,0,2,0,2,0,4,2,0,
3-ne,O=C(C1=CC=CC(OCCOC2=CC3=CC=CC=C3C=C2)=C1C(O)=O)O,5.7,21.0,27.14,2.9,1.7,0.9,0.6,0.4,9.2,O=C(O)c1cccc(OCCOc2ccc3ccccc3c2)c1C(=O)O,352.342,3.694,93.06,4,2,7,3,0.1,0,0,2,0,2,0,4,2,0,
4-pe,O=C(C(C=C1)=C(C(O)=O)C=C1OCCOC2=CC3=C4C(C=CC5=CC=CC(C=C3)=C54)=C2)O,13.55,32.0,42.5,1.0,2.0,1.8,1.2,0.9,13.0,O=C(O)c1ccc(OCCOc2cc3ccc4cccc5ccc(c2)c3c45)cc1C(=O)O,426.424,5.4382,93.06,4,2,7,5,0.076923,0,0,2,0,2,0,4,2,0,
4-nb,O=C(C(C=C1)=C(C(O)=O)C=C1OCCCCOC2=CC3=CC=CC=C3C=C2)O,13.46,31.0,43.55,1.2,2.0,1.5,1.1,0.6,11.0,O=C(O)c1ccc(OCCCCOc2ccc3ccccc3c2)cc1C(=O)O,380.396,4.4742,93.06,4,2,9,3,0.181818,0,0,2,0,2,0,4,2,0,
4-bpo,O=C(C1=CC=C(OC2=CC=C(C(O)=O)C(C(O)=O)=C2)C=C1)C3=CC=CC=C3,13.7,30.0,45.67,1.0,1.9,1.6,1.0,0.7,9.5,O=C(c1ccccc1)c1ccc(Oc2ccc(C(=O)O)c(C(=O)O)c2)cc1,362.337,4.1063,100.9,4,2,6,3,0.0,0,0,2,0,2,0,4,2,0,
56962-08-4,ClC1=C(Cl)C=C(C(O)=O)C(C(O)=O)=C1,18.18,35.46,51.27,0.78,1.83,2.37,1.27,0.53,10.5,O=C(O)c1cc(Cl)c(Cl)cc1C(=O)O,235.022,2.3898,74.6,2,2,2,1,0.0,0,0,2,0,2,0,4,2,0,
2479-49-4,O=C(C1=CC(C(O)=O)=C(C(O)=O)C=C1)C2=CC=C(C(O)=O)C(C(O)=O)=C2,14.76,27.9,52.9,0.84,2.25,1.97,1.34,0.74,6.0,O=C(c1ccc(C(=O)O)c(C(=O)O)c1)c1ccc(C(=O)O)c(C(=O)O)c1,358.258,1.7104,166.27,5,4,6,2,0.0,0,0,4,0,4,0,8,4,0,
10351-75-4,O=C(C1=CC2=C(C=C1C(O)=O)N=CN2)O,7.2,21.36,34.18,1.8,1.9,1.1,0.8,0.5,9.9,O=C(O)c1cc2nc[nH]c2cc1C(=O)O,206.157,0.9593,103.28,3,3,2,2,0.0,0,0,2,0,2,0,4,2,0,
18959-31-4,FC1=C(F)C=C(C(O)=O)C(C(O)=O)=C1,14.92,35.71,41.78,1.01,2.38,3.52,1.92,0.96,11.01,O=C(O)c1cc(F)c(F)cc1C(=O)O,202.112,1.3612,74.6,2,2,2,1,0.0,0,0,2,0,2,0,4,2,0,
27563-65-1,ClC1=C(C(O)=O)C(C(O)=O)=CC=C1,10.0,22.0,45.45,1.4,1.8,1.4,0.8,0.6,6.0,O=C(O)c1cccc(Cl)c1C(=O)O,200.577,1.7364,74.6,2,2,2,1,0.0,0,0,2,0,2,0,4,2,0,
652-03-9,FC1=C(F)C(F)=C(C(O)=O)C(C(O)=O)=C1F,10.92,27.62,39.54,1.27,1.95,2.33,1.98,0.78,8.39,O=C(O)c1c(F)c(F)c(F)c(F)c1C(=O)O,238.092,1.6394,74.6,2,2,2,1,0.0,0,0,2,0,2,0,4,2,0,
528-44-9,O=C(O)C1=CC=C(C(=O)O)C(=C1)C(=O)O,11.82,26.51,44.59,1.22,1.95,2.02,1.1,0.66,7.740000000000002,O=C(O)c1ccc(C(=O)O)c(C(=O)O)c1,210.141,0.7812,111.9,3,3,3,1,0.0,0,0,3,0,3,0,6,3,0,
10595-33-2,O=C(O)C1=CC=C(C=C1C(=O)O)CC2=CC=C(C(=O)O)C(=C2)C(=O)O,9.43,26.23,35.95,1.24,2.16,2.52,1.39,0.75,8.739999999999998,O=C(O)c1ccc(Cc2ccc(C(=O)O)c(C(=O)O)c2)cc1C(=O)O,344.275,2.0702,149.2,4,4,6,2,0.058824,0,0,4,0,4,0,8,4,0,
651-97-8,O=C(O)C=1C(F)=CC=C(F)C1C(=O)O,11.85,25.09,47.31,0.86,10.94,2.0,0.96,0.78,-2.3200000000000003,O=C(O)c1c(F)ccc(F)c1C(=O)O,202.112,1.3612,74.6,2,2,2,1,0.0,0,0,2,0,2,0,4,2,0,
3786-46-7,O=C(O)C=1C(O)=CC=C(O)C1C(=O)O,0.86,6.64,3.16,0.0,2.14,0.77,0.57,6.47,-3.5200000000000005,O=C(O)c1c(O)ccc(O)c1C(=O)O,198.13,0.4942,115.06,4,4,2,1,0.0,0,0,2,0,2,0,4,2,0,
10595-31-0,O=C(O)C1=CC=C(C=C1C(=O)O)S(=O)(=O)C2=CC=C(C(=O)O)C(=C2)C(=O)O,13.04,27.16,48.09,0.7,2.01,2.12,1.7,0.91,6.66,O=C(O)c1ccc(S(=O)(=O)c2ccc(C(=O)O)c(C(=O)O)c2)cc1C(=O)O,394.313,1.3122,183.34,6,4,6,2,0.0,0,0,4,0,4,0,8,4,0,
6968-28-1,O=C(O)C1=CC=C(Br)C=C1C(=O)O,14.22,34.1,41.7,0.83,1.97,2.03,1.09,0.0,13.96,O=C(O)c1ccc(Br)cc1C(=O)O,245.028,1.8455,74.6,2,2,2,1,0.0,0,0,2,0,2,0,4,2,0,
632-58-6,O=C(O)C=1C(Cl)=C(Cl)C(Cl)=C(Cl)C1C(=O)O,13.81,19.94,69.26,0.96,2.2,1.76,1.4,0.56,-0.7499999999999964,O=C(O)c1c(Cl)c(Cl)c(Cl)c(Cl)c1C(=O)O,303.912,3.6966,74.6,2,2,2,1,0.0,0,0,2,0,2,0,4,2,0,
