cas,smiles,input_canonical_smiles,pKa,polar,h_nbo_charge,o_nbo_charge,total_nbo_charge,dipole_moment_debye,homo_ev,lumo_ev,gap_ev,canonical_smiles,MW,logP,TPSA,HBA,HBD,rotatable_bonds,aromatic_rings,FractionCSP3,formal_charge,acid_type,acid_group_count,acid_center_aromatic_flag,local_heteroatom_count,local_halogen_count,nearest_heteroatom_distance,local_conjugation,local_formal_charge,error
65-85-0,O=C(O)C=1C=CC=CC1,O=C(O)c1ccccc1,4.093071428571428,122.8749855,0.52937,-0.70441,-0.025839999999999974,3.1747536093372664,-8.778937044831,-0.507764445033,8.271172599798,O=C(O)c1ccccc1,122.123,1.3848,37.3,1,1,1,1,0.0,0,0,1,0,1,0,2,1,0,
99-96-7,O=C(O)C1=CC=C(O)C=C1,O=C(O)c1ccc(O)cc1,4.566666666666666,132.7737728,0.52797,-0.70874,-0.04441000000000006,2.589143597794452,-8.126408031332,-0.3066723095135,7.8197357218185,O=C(O)c1ccc(O)cc1,138.122,1.0904,57.53,2,2,1,1,0.0,0,0,1,0,1,0,2,1,0,
99-50-3,O=C(O)C1=CC=C(O)C(O)=C1,O=C(O)c1ccc(O)c(O)c1,4.3755,139.90771886666667,0.52818,-0.70685,-0.03952,3.558718041654888,-7.802048321536,-0.3431355654805,7.4589127560555,O=C(O)c1ccc(O)c(O)c1,154.121,0.796,77.76,3,3,1,1,0.0,0,0,1,0,1,0,2,1,0,
50-78-2,O=C(O)C=1C=CC=CC1OC(=O)C,CC(=O)Oc1ccccc1C(=O)O,3.38,162.5380683333333,0.53042,-0.70164,-0.0014399999999999968,3.8183182698669844,-8.8085974545355,-0.5771534769105,8.231443977625,CC(=O)Oc1ccccc1C(=O)O,180.159,1.3101,63.6,3,1,2,1,0.111111,0,0,1,0,1,0,2,1,0,
490-79-9,O=C(O)C1=CC(O)=CC=C1O,O=C(O)c1cc(O)ccc1O,2.9655,138.72973046666667,0.54269,-0.72334,-0.01910999999999996,1.6906803512195911,-7.546261302066,-0.5619151012825001,6.9843462007835,O=C(O)c1cc(O)ccc1O,154.121,0.796,77.76,3,3,1,1,0.0,0,0,1,0,1,0,2,1,0,
149-91-7,O=C(O)C1=CC(O)=C(O)C(O)=C1,O=C(O)c1cc(O)c(O)c(O)c1,4.27,145.925735,0.5289,-0.70576,-0.03332999999999997,3.0252920520174573,-7.8319808450910005,-0.35646914415500003,7.475511700936001,O=C(O)c1cc(O)c(O)c(O)c1,170.12,0.5016,97.99,4,4,1,1,0.0,0,0,1,0,1,0,2,1,0,
121-34-6,O=C(O)C1=CC=C(O)C(OC)=C1,COc1cc(C(=O)O)ccc1O,4.49,156.8445025,0.52788,-0.70774,-0.04233000000000009,1.6292289372583584,-7.7315708342565,-0.336332719218,7.3952381150385,COc1cc(C(=O)O)ccc1O,168.148,1.099,66.76,3,2,2,1,0.125,0,0,1,0,1,0,2,1,0,
100-09-4,O=C(O)C1=CC=C(OC)C=C1,COc1ccc(C(=O)O)cc1,4.2783750000000005,150.52139206666666,0.52774,-0.7086,-0.04536000000000007,3.30176698299562,-8.0107596448695,-0.306400195663,7.704359449206501,COc1ccc(C(=O)O)cc1,152.149,1.3934,46.53,2,1,2,1,0.125,0,0,1,0,1,0,2,1,0,
99-10-5,O=C(O)C=1C=C(O)C=C(O)C1,O=C(O)c1cc(O)cc(O)c1,4.039,137.31474103333332,0.53046,-0.70139,-0.015039999999999831,2.8388656061885,-7.8986487384635,-0.5515747749635,7.3470739635,O=C(O)c1cc(O)cc(O)c1,154.121,0.796,77.76,3,3,1,1,0.0,0,0,1,0,1,0,2,1,0,
530-57-4,O=C(O)C1=CC(OC)=C(O)C(OC)=C1,COc1cc(C(=O)O)cc(OC)c1O,4.34,180.85008733333333,0.52874,-0.70736,-0.037800000000000056,0.7898850169486695,-7.628983912618,-0.359734510361,7.269249402257,COc1cc(C(=O)O)cc(OC)c1O,198.174,1.1076,75.99,4,2,3,1,0.222222,0,0,1,0,1,0,2,1,0,
619-66-9,O=CC1=CC=C(C=C1)C(=O)O,O=Cc1ccc(C(=O)O)cc1,3.76,148.47409596666665,0.53174,-0.69855,-0.006669999999999954,2.10993301789417,-9.0028867437925,-1.447101456959,7.555785286833499,O=Cc1ccc(C(=O)O)cc1,150.133,1.1973,54.37,2,1,2,1,0.0,0,0,1,0,1,0,2,1,0,
93-07-2,O=C(O)C1=CC=C(OC)C(OC)=C1,COc1ccc(C(=O)O)cc1OC,4.395,174.993258,0.52771,-0.70792,-0.04266000000000003,3.490459572892945,-7.621092610953499,-0.3251760513475,7.295916559605999,COc1ccc(C(=O)O)cc1OC,182.175,1.402,55.76,3,1,3,1,0.222222,0,0,1,0,1,0,2,1,0,
99-94-5,O=C(O)C1=CC=C(C=C1)C,Cc1ccc(C(=O)O)cc1,4.383333333333334,142.85516456666667,0.52845,-0.70673,-0.035479999999999956,3.856975237151517,-8.479883923131501,-0.4231370375275,8.056746885604001,Cc1ccc(C(=O)O)cc1,136.15,1.69322,37.3,1,1,1,1,0.125,0,0,1,0,1,0,2,1,0,
74-11-3,O=C(O)C1=CC=C(Cl)C=C1,O=C(O)c1ccc(Cl)cc1,3.988,138.57066833333334,0.53057,-0.7023,-0.017890000000000073,2.269491178656573,-8.670091504631001,-0.650352102695,8.019739401936,O=C(O)c1ccc(Cl)cc1,156.568,2.0382,37.3,1,1,1,1,0.0,0,0,1,0,1,0,2,1,0,
586-76-5,O=C(O)C1=CC=C(Br)C=C1,O=C(O)c1ccc(Br)cc1,3.963,148.8233551,0.53072,-0.70188,-0.01638000000000006,2.26992756932903,-8.565055558337999,-0.6827336509045,7.882321907433499,O=C(O)c1ccc(Br)cc1,201.019,2.1473,37.3,1,1,1,1,0.0,0,0,1,0,1,0,2,1,0,
50-84-0,O=C(O)C1=CC=C(Cl)C=C1Cl,O=C(O)c1ccc(Cl)cc1Cl,2.73,153.7651928,0.53133,-0.69827,0.01634000000000002,4.006774509502625,-8.7084595575515,-0.631848360861,8.0766111966905,O=C(O)c1ccc(Cl)cc1Cl,191.013,2.6916,37.3,1,1,1,1,0.0,0,0,1,0,1,0,2,1,0,
118-91-2,O=C(O)C=1C=CC=CC1Cl,O=C(O)c1ccccc1Cl,3.063333333333333,137.50951813333333,0.53055,-0.68891,0.015490000000000004,3.12037943365867,-8.595532309594,-0.39238817242100005,8.203144137173,O=C(O)c1ccccc1Cl,156.568,2.0382,37.3,1,1,1,1,0.0,0,0,1,0,1,0,2,1,0,
89-86-1,O=C(O)C1=CC=C(O)C=C1O,O=C(O)c1ccc(O)cc1O,3.20875,141.51117933333333,0.53105,-0.69648,-0.04239999999999999,1.8131871718054924,-8.008310620215001,-0.331434669909,7.676875950306001,O=C(O)c1ccc(O)cc1O,154.121,0.796,77.76,3,3,1,1,0.0,0,0,1,0,1,0,2,1,0,
10349-57-2,O=C(O)C1=CC=C2N=CC=CC2=C1,O=C(O)c1ccc2ncccc2c1,4.82,194.9498118,0.53014,-0.70361,-0.02066000000000001,5.716004164624095,-8.190082672349002,-0.9847800249595,7.205302647389502,O=C(O)c1ccc2ncccc2c1,173.171,1.933,50.19,2,1,1,2,0.0,0,0,1,0,1,0,2,1,0,
93-09-4,O=C(O)C=1C=CC=2C=CC=CC2C1,O=C(O)c1ccc2ccccc2c1,4.343666666666667,206.53162833333332,0.52927,-0.70536,-0.027919999999999945,3.8352152716633783,-7.6662635101365,-0.7913070772540001,6.8749564328825,O=C(O)c1ccc2ccccc2c1,172.183,2.538,37.3,1,1,1,2,0.0,0,0,1,0,1,0,2,1,0,
552-16-9,O=C(O)C=1C=CC=CC1N(=O)=O,O=C(O)c1ccccc1[N+](=O)[O-],2.1083333333333334,147.94078246666666,0.53365,-0.68859,0.031729999999999925,8.422178892661922,-9.2200335964915,-1.7777197853165,7.4423138111750005,O=C(O)c1ccccc1[N+](=O)[O-],167.12,1.293,80.44,3,1,2,1,0.0,0,0,1,0,1,0,2,1,0,
446-08-2,O=C(O)C1=CC(F)=CC=C1N,Nc1ccc(F)cc1C(=O)O,4.82,140.70312143333334,0.5281,-0.70995,-0.05703999999999987,2.6019194107427697,-7.304079975121,-0.502322168023,6.801757807097999,Nc1ccc(F)cc1C(=O)O,155.128,1.1061,63.32,2,2,1,1,0.0,0,0,1,0,1,0,2,1,0,
456-22-4,O=C(O)C1=CC=C(F)C=C1,O=C(O)c1ccc(F)cc1,3.907428571428572,120.91900079999999,0.52998,-0.70403,-0.02375000000000005,2.247547607949607,-8.7813860694855,-0.4759271245245,8.305458944961,O=C(O)c1ccc(F)cc1,140.113,1.5239,37.3,1,1,1,1,0.0,0,0,1,0,1,0,2,1,0,
2612-02-4,O=C(O)C1=CC(OC)=CC=C1O,COc1ccc(O)c(C(=O)O)c1,2.94,155.89088790000002,0.53314,-0.69108,-0.015080000000000093,3.756602876269995,-7.4447628358295,-0.5885822586315,6.856180577198,COc1ccc(O)c(C(=O)O)c1,168.148,1.099,66.76,3,2,2,1,0.125,0,0,1,0,1,0,2,1,0,
99-06-9,O=C(O)C=1C=CC=C(O)C1,O=C(O)c1cccc(O)c1,4.19,130.20335939999998,0.52998,-0.70354,-0.02104000000000006,3.0676065588663746,-8.0581074548565,-0.5396017655415,7.518505689315001,O=C(O)c1cccc(O)c1,138.122,1.0904,57.53,2,2,1,1,0.0,0,0,1,0,1,0,2,1,0,
577-56-0,O=C(O)C=1C=CC=CC1C(=O)C,CC(=O)c1ccccc1C(=O)O,4.123,160.02495466666667,0.53469,-0.69622,0.0033600000000000296,3.3024456240792217,-8.833359814931,-0.6759308046420001,8.157429010289,CC(=O)c1ccccc1C(=O)O,164.16,1.5874,54.37,2,1,2,1,0.111111,0,0,1,0,1,0,2,1,0,
619-04-5,O=C(O)C1=CC=C(C(=C1)C)C,Cc1ccc(C(=O)O)cc1C,4.5,161.24257826666664,0.52805,-0.70736,-0.037659999999999916,4.5040626383299776,-8.252396744113499,-0.3834084153545,7.868988328758999,Cc1ccc(C(=O)O)cc1C,150.177,2.00164,37.3,1,1,1,1,0.222222,0,0,1,0,1,0,2,1,0,
536-66-3,O=C(O)C1=CC=C(C=C1)C(C)C,CC(C)c1ccc(C(=O)O)cc1,4.36,177.60035133333335,0.52842,-0.70639,-0.03491999999999995,3.9109114155142914,-8.480700264683,-0.4193274436205,8.0613728210625,CC(C)c1ccc(C(=O)O)cc1,164.204,2.5082,37.3,1,1,2,1,0.3,0,0,1,0,1,0,2,1,0,
83-40-9,O=C(O)C1=CC=CC(=C1O)C,Cc1cccc(C(=O)O)c1O,2.971,149.61818223333333,0.52549,-0.6953,-0.03425999999999996,6.005851744756942,-7.9372889052345,-0.40735443419850004,7.529934471036,Cc1cccc(C(=O)O)c1O,152.149,1.39882,57.53,2,2,1,1,0.125,0,0,1,0,1,0,2,1,0,
1466-76-8,O=C(O)C=1C(OC)=CC=CC1OC,COc1cccc(OC)c1C(=O)O,3.44,168.84492833333334,0.52713,-0.69683,0.01774000000000009,5.279775128734178,-7.805857915443,0.1357848113995,7.9416427268425,COc1cccc(OC)c1C(=O)O,182.175,1.402,55.76,3,1,3,1,0.222222,0,0,1,0,1,0,2,1,0,
635-21-2,O=C(O)C1=CC(Cl)=CC=C1N,Nc1ccc(Cl)cc1C(=O)O,4.35,157.65772046666666,0.52847,-0.70985,-0.055829999999999935,2.890361425496818,-7.295916559606001,-0.49279818325550007,6.8031183763505005,Nc1ccc(Cl)cc1C(=O)O,171.583,1.6204,63.32,2,2,1,1,0.0,0,0,1,0,1,0,2,1,0,
20776-50-5,O=C(O)C1=CC=C(Br)C=C1N,Nc1cc(Br)ccc1C(=O)O,4.37,170.56378196666665,0.53368,-0.71744,-0.05286999999999986,5.182099398892306,-7.472518448580501,-0.487628020096,6.9848904284845,Nc1cc(Br)ccc1C(=O)O,216.034,1.7295,63.32,2,2,1,1,0.0,0,0,1,0,1,0,2,1,0,
96-97-9,O=C(O)C1=CC(=CC=C1O)N(=O)=O,O=C(O)c1cc([N+](=O)[O-])ccc1O,2.18,164.53166066666665,0.54707,-0.71942,0.007340000000000013,8.558511410286254,-8.596348651145501,-1.7243854706185,6.8719631805270005,O=C(O)c1cc([N+](=O)[O-])ccc1O,183.119,0.9986,100.67,4,2,2,1,0.0,0,0,1,0,1,0,2,1,0,
50-30-6,O=C(O)C=1C(Cl)=CC=CC1Cl,O=C(O)c1c(Cl)cccc1Cl,1.707,150.48271266666666,0.53466,-0.68417,0.057700000000000085,4.160506279288615,-8.649955079694,0.082178382851,8.732133462544999,O=C(O)c1c(Cl)cccc1Cl,191.013,2.6916,37.3,1,1,1,1,0.0,0,0,1,0,1,0,2,1,0,
535-80-8,O=C(O)C=1C=CC=C(Cl)C1,O=C(O)c1cccc(Cl)c1,3.8295,137.17541343333332,0.53137,-0.70093,-0.010519999999999974,0.7952307841123859,-8.6028793835575,-0.671576983034,7.9313024005235,O=C(O)c1cccc(Cl)c1,156.568,2.0382,37.3,1,1,1,1,0.0,0,0,1,0,1,0,2,1,0,
89-77-0,O=C(O)C1=CC=C(Cl)C=C1N,Nc1cc(Cl)ccc1C(=O)O,4.44,159.71965696666666,0.52778,-0.71067,-0.06090999999999991,1.1393226979218838,-7.467892513122001,-0.4606887488965,7.007203764225501,Nc1cc(Cl)ccc1C(=O)O,171.583,1.6204,63.32,2,2,1,1,0.0,0,0,1,0,1,0,2,1,0,
394-31-0,O=C(O)C1=CC(O)=CC=C1N,Nc1ccc(O)cc1C(=O)O,5.37,150.55937546666667,0.53251,-0.71674,-0.05701999999999996,4.0146968366241556,-6.988972136242,-0.414157280461,6.574814855781001,Nc1ccc(O)cc1C(=O)O,153.137,0.6726,83.55,3,3,1,1,0.0,0,0,1,0,1,0,2,1,0,
91-40-7,O=C(O)C=1C=CC=CC1NC=2C=CC=CC2,O=C(O)c1ccccc1Nc1ccccc1,3.925,247.14694866666665,0.52759,-0.70659,-0.015519999999999978,3.3480873121828827,-7.0205373429,-0.365176787371,6.655360555529,O=C(O)c1ccccc1Nc1ccccc1,213.236,3.1284,49.33,2,2,3,2,0.0,0,0,1,0,1,0,2,1,0,
2941-78-8,O=C(O)C1=CC(=CC=C1N)C,Cc1ccc(N)c(C(=O)O)c1,5.13,162.40279056666668,0.53158,-0.7199,-0.06612999999999991,4.8002390502973915,-7.135369387811,-0.314019383477,6.8213500043340005,Cc1ccc(N)c(C(=O)O)c1,151.165,1.27542,63.32,2,2,1,1,0.125,0,0,1,0,1,0,2,1,0,
585-76-2,O=C(O)C=1C=CC=C(Br)C1,O=C(O)c1cccc(Br)c1,3.813,146.99218556666668,0.5313,-0.70013,-0.010360000000000036,4.526704160865828,-8.511177015939,-0.6811009678015,7.830076048137499,O=C(O)c1cccc(Br)c1,201.019,2.1473,37.3,1,1,1,1,0.0,0,0,1,0,1,0,2,1,0,
92-70-6,O=C(O)C1=CC=2C=CC=CC2C=C1O,O=C(O)c1cc2ccccc2cc1O,2.75,217.11219800000003,0.53312,-0.69079,-0.011079999999999979,4.4405254441338355,-7.371019982344,-0.9363437595705001,6.434676222773501,O=C(O)c1cc2ccccc2cc1O,188.182,2.2436,57.53,2,2,1,2,0.0,0,0,1,0,1,0,2,1,0,
4294-95-5,O=C(O)C1=CC=C(OC)C=C1N,COc1ccc(C(=O)O)c(N)c1,4.88,169.80638216666668,0.52562,-0.71674,-0.08411999999999997,3.4367120187760856,-7.373196893147999,-0.1564654640375,7.216731429110499,COc1ccc(C(=O)O)c(N)c1,167.164,0.9756,72.55,3,2,2,1,0.125,0,0,1,0,1,0,2,1,0,
321-14-2,O=C(O)C1=CC(Cl)=CC=C1O,O=C(O)c1cc(Cl)ccc1O,2.695,145.5367148,0.52974,-0.70995,-0.020710000000000006,3.3660935845576248,-8.0183788326835,-0.627494539253,7.390884293430499,O=C(O)c1cc(Cl)ccc1O,172.567,1.7438,57.53,2,2,1,1,0.0,0,0,1,0,1,0,2,1,0,
446-32-2,O=C(O)C1=CC=C(F)C=C1N,Nc1cc(F)ccc1C(=O)O,4.6,141.65192866666666,0.53306,-0.71935,-0.060820000000000096,5.094082224503252,-7.470885765477501,-0.2800051521645,7.190880613313001,Nc1cc(F)ccc1C(=O)O,155.128,1.1061,63.32,2,2,1,1,0.0,0,0,1,0,1,0,2,1,0,
121-92-6,O=C(O)C1=CC=CC(=C1)N(=O)=O,O=C(O)c1cccc([N+](=O)[O-])c1,3.293333333333333,149.55030553333333,0.53281,-0.69756,0.0005199999999999649,8.09320844782834,-9.286429376013501,-1.8389454016790001,7.447483974334501,O=C(O)c1cccc([N+](=O)[O-])c1,167.12,1.293,80.44,3,1,2,1,0.0,0,0,1,0,1,0,2,1,0,
2305-36-4,O=C(O)C1=CC=C(C=C1N)C,Cc1ccc(C(=O)O)c(N)c1,5.07,163.182411,0.52554,-0.71554,-0.08102999999999994,2.852648581581685,-7.2706099715095,-0.21633051114750002,7.054279460362,Cc1ccc(C(=O)O)c(N)c1,151.165,1.27542,63.32,2,2,1,1,0.125,0,0,1,0,1,0,2,1,0,
645-08-9,O=C(O)C1=CC=C(OC)C(O)=C1,COc1ccc(C(=O)O)cc1O,4.47,157.61752199999998,0.52831,-0.70822,-0.040690000000000004,1.716707922157989,-7.6907537566815,-0.33170678375949997,7.359046972922,COc1ccc(C(=O)O)cc1O,168.148,1.099,66.76,3,2,2,1,0.125,0,0,1,0,1,0,2,1,0,
138-41-0,O=C(O)C1=CC=C(C=C1)S(=O)(=O)N,NS(=O)(=O)c1ccc(C(=O)O)cc1,3.47,169.743888,0.53249,-0.6974,-0.00031999999999998696,7.8506337897013125,-9.1781280635145,-1.07212857097,8.1059994925445,NS(=O)(=O)c1ccc(C(=O)O)cc1,201.203,0.0322,97.46,3,2,2,1,0.0,0,0,1,0,1,0,2,1,0,
609-99-4,O=C(O)C=1C=C(C=C(C1O)N(=O)=O)N(=O)=O,O=C(O)c1cc([N+](=O)[O-])cc([N+](=O)[O-])c1O,0.7,191.72427666666667,0.53289,-0.68322,0.02686999999999995,5.1454519587690255,-9.058125855444,-2.17146852699,6.8866573284540005,O=C(O)c1cc([N+](=O)[O-])cc([N+](=O)[O-])c1O,228.116,0.9068,143.81,6,2,3,1,0.0,0,0,1,0,1,0,2,1,0,
121-91-5,O=C(O)C1=CC=CC(=C1)C(=O)O,O=C(O)c1cccc(C(=O)O)c1,3.7,149.42000456666668,0.53144,-0.70109,-0.011829999999999896,1.8476000027062134,-9.0714594341185,-0.832124154829,8.2393352792895,O=C(O)c1cccc(C(=O)O)c1,166.132,1.083,74.6,2,2,2,1,0.0,0,0,2,0,2,0,4,2,0,
455-38-9,O=C(O)C=1C=CC=C(F)C1,O=C(O)c1cccc(F)c1,3.626714285714286,120.82449113333332,0.53112,-0.70053,-0.012559999999999905,4.42784301663914,-8.722881591628001,-0.6489915334425,8.073890058185501,O=C(O)c1cccc(F)c1,140.113,1.5239,37.3,1,1,1,1,0.0,0,0,1,0,1,0,2,1,0,
118-90-1,O=C(O)C=1C=CC=CC1C,Cc1ccccc1C(=O)O,3.914,141.69548656666666,0.52795,-0.69672,-0.019449999999999967,3.3290533519305456,-8.4379783901545,-0.3289856452545,8.1089927449,Cc1ccccc1C(=O)O,136.15,1.69322,37.3,1,1,1,1,0.125,0,0,1,0,1,0,2,1,0,
98-73-7,O=C(O)C1=CC=C(C=C1)C(C)(C)C,CC(C)(C)c1ccc(C(=O)O)cc1,4.382,195.37081533333333,0.52834,-0.7066,-0.034539999999999904,3.9128560323630617,-8.4749858738225,-0.422864923677,8.0521209501455,CC(C)(C)c1ccc(C(=O)O)cc1,178.231,2.6823,37.3,1,1,1,1,0.363636,0,0,1,0,1,0,2,1,0,
5794-88-7,O=C(O)C1=CC(Br)=CC=C1N,Nc1ccc(Br)cc1C(=O)O,4.41,168.07494816666667,0.52843,-0.70996,-0.0557200000000001,2.9499203379074492,-7.277684931622501,-0.4917097278535,6.785975203769,Nc1ccc(Br)cc1C(=O)O,216.034,1.7295,63.32,2,2,1,1,0.0,0,0,1,0,1,0,2,1,0,
586-38-9,O=C(O)C=1C=CC=C(OC)C1,COc1cccc(C(=O)O)c1,3.8745,147.3419151,0.52956,-0.70287,-0.022109999999999963,1.0836493251970398,-7.9625954933309995,-0.5352479439335001,7.427347549397499,COc1cccc(C(=O)O)c1,152.149,1.3934,46.53,2,1,2,1,0.125,0,0,1,0,1,0,2,1,0,
6705-03-9,O=C(O)C1=CC(OC)=CC=C1N,COc1ccc(N)c(C(=O)O)c1,5.57,167.81430419999998,0.53199,-0.71758,-0.0615,3.6148167837388385,-6.956862701883,-0.39021126161700004,6.566651440266,COc1ccc(N)c(C(=O)O)c1,167.164,0.9756,72.55,3,2,2,1,0.125,0,0,1,0,1,0,2,1,0,
4442-54-0,O=C(O)C1=CC=C2OCCOC2=C1,O=C(O)c1ccc2c(c1)OCCO2,4.35,168.43365453333334,0.5286,-0.70736,-0.03702000000000005,5.722613924597744,-7.779734985795,-0.374428658288,7.405306327507,O=C(O)c1ccc2c(c1)OCCO2,180.159,1.156,55.76,3,1,1,1,0.222222,0,0,1,0,1,0,2,1,0,
2345-34-8,O=C(O)C1=CC=C(OC(=O)C)C=C1,CC(=O)Oc1ccc(C(=O)O)cc1,3.92,162.20348466666667,0.53006,-0.70259,-0.02027000000000012,4.449977219042812,-8.880707624918,-0.5616429874319999,8.319064637486,CC(=O)Oc1ccc(C(=O)O)cc1,180.159,1.3101,63.6,3,1,2,1,0.111111,0,0,1,0,1,0,2,1,0,
303-07-1,O=C(O)C=1C(O)=CC=CC1O,O=C(O)c1c(O)cccc1O,1.0605,140.04696220000002,0.54084,-0.73104,-0.017800000000000038,2.537073010380269,-7.7878984013100006,-0.3779661383445,7.4099322629655004,O=C(O)c1c(O)cccc1O,154.121,0.796,77.76,3,3,1,1,0.0,0,0,1,0,1,0,2,1,0,
86-55-5,O=C(O)C1=CC=CC=2C=CC=CC21,O=C(O)c1cccc2ccccc12,3.80925,203.05278466666667,0.52773,-0.70551,-0.01873999999999998,3.0849596221020463,-7.6912979843825005,-0.7817830924865,6.909514891896,O=C(O)c1cccc2ccccc12,172.183,2.538,37.3,1,1,1,2,0.0,0,0,1,0,1,0,2,1,0,
85-38-1,O=C(O)C1=CC=CC(=C1O)N(=O)=O,O=C(O)c1cccc([N+](=O)[O-])c1O,2.085,160.1679513,0.54806,-0.72042,0.007950000000000013,5.739949210576692,-8.535123034783,-1.6699627005185,6.8651603342645,O=C(O)c1cccc([N+](=O)[O-])c1O,183.119,0.9986,100.67,4,2,2,1,0.0,0,0,1,0,1,0,2,1,0,
619-84-1,O=C(O)C1=CC=C(C=C1)N(C)C,CN(C)c1ccc(C(=O)O)cc1,5.03,189.01324799999998,0.52517,-0.71566,-0.07599,6.973380198296949,-7.008020105777,-0.1727922950675,6.8352278107095,CN(C)c1ccc(C(=O)O)cc1,165.192,1.4508,40.54,2,1,2,1,0.222222,0,0,1,0,1,0,2,1,0,
480-63-7,O=C(O)C=1C(=CC(=CC1C)C)C,Cc1cc(C)c(C(=O)O)c(C)c1,3.498,177.01684166666666,0.52623,-0.70092,0.00046000000000001595,2.9505635597288866,-8.170490475113,0.0819062690005,8.2523967441135,Cc1cc(C)c(C(=O)O)c(C)c1,164.204,2.31006,37.3,1,1,1,1,0.3,0,0,1,0,1,0,2,1,0,
619-21-6,O=CC1=CC=CC(=C1)C(=O)O,O=Cc1cccc(C(=O)O)c1,3.84,147.07602543333334,0.53115,-0.70059,-0.011819999999999942,5.024855011838651,-9.063568132454,-1.109680282339,7.953887850115,O=Cc1cccc(C(=O)O)c1,150.133,1.1973,54.37,2,1,2,1,0.0,0,0,1,0,1,0,2,1,0,
499-06-9,O=C(O)C=1C=C(C=C(C1)C)C,Cc1cc(C)cc(C(=O)O)c1,4.343999999999999,160.02184483333335,0.52839,-0.70579,-0.030460000000000043,3.7700524532160027,-8.2415121900935,-0.465858912056,7.7756532780375,Cc1cc(C)cc(C(=O)O)c1,150.177,2.00164,37.3,1,1,1,1,0.222222,0,0,1,0,1,0,2,1,0,
632-46-2,O=C(O)C=1C(=CC=CC1C)C,Cc1cccc(C)c1C(=O)O,3.307,157.46549333333334,0.52731,-0.69862,0.009549999999999947,2.4459327443738106,-8.2181103989505,0.07836878894400001,8.2964791878945,Cc1cccc(C)c1C(=O)O,150.177,2.00164,37.3,1,1,1,1,0.222222,0,0,1,0,1,0,2,1,0,
610-72-0,O=C(O)C1=CC(=CC=C1C)C,Cc1ccc(C)c(C(=O)O)c1,4.0205,160.4619213,0.52671,-0.71101,-0.02839999999999998,3.1940738422898116,-8.1163398188635,-0.365176787371,7.751163031492499,Cc1ccc(C)c(C(=O)O)c1,150.177,2.00164,37.3,1,1,1,1,0.222222,0,0,1,0,1,0,2,1,0,
50-85-1,O=C(O)C1=CC=C(C=C1O)C,Cc1ccc(C(=O)O)c(O)c1,3.1630000000000003,151.28812926666666,0.52512,-0.69794,-0.041119999999999934,6.0171804576562264,-8.010487531018999,-0.346128817836,7.664358713182999,Cc1ccc(C(=O)O)c(O)c1,152.149,1.39882,57.53,2,2,1,1,0.125,0,0,1,0,1,0,2,1,0,
603-79-2,O=C(O)C1=CC=CC(=C1C)C,Cc1cccc(C(=O)O)c1C,3.758,159.56322866666667,0.5267,-0.70748,-0.0188600000000001,2.5583527239221726,-8.1957970632095,-0.198098883164,7.997698180045501,Cc1cccc(C(=O)O)c1C,150.177,2.00164,37.3,1,1,1,1,0.222222,0,0,1,0,1,0,2,1,0,
567-61-3,O=C(O)C=1C(O)=CC=CC1C,Cc1cccc(O)c1C(=O)O,3.24,150.77470286666667,0.53977,-0.7296,-0.014020000000000032,0.9643292798624338,-7.917424594148,-0.382592073803,7.534832520345,Cc1cccc(O)c1C(=O)O,152.149,1.39882,57.53,2,2,1,1,0.125,0,0,1,0,1,0,2,1,0,
2237-36-7,O=C(O)C1=CC=C(OC)C=C1O,COc1ccc(C(=O)O)c(O)c1,3.31,159.39747296666667,0.53119,-0.69639,-0.04070999999999991,6.11293442873388,-8.009399075616999,-0.36000662421150004,7.649392451405499,COc1ccc(C(=O)O)c(O)c1,168.148,1.099,66.76,3,2,2,1,0.125,0,0,1,0,1,0,2,1,0,
16650-55-8,O=C(O)C1=CC=C(Br)C=2C=CC=CC12,O=C(O)c1ccc(Br)c2ccccc12,3.37,229.24117499999997,0.52911,-0.7023,-0.007050000000000001,1.6978281273438722,-7.772660025682001,-0.9880453911655,6.784614634516501,O=C(O)c1ccc(Br)c2ccccc12,251.079,3.3005,37.3,1,1,1,2,0.0,0,0,1,0,1,0,2,1,0,
99-04-7,O=C(O)C1=CC=CC(=C1)C,Cc1cccc(C(=O)O)c1,4.272666666666667,141.46003569999996,0.52873,-0.70511,-0.02864,3.839377034103319,-8.407229525048,-0.487628020096,7.919601504952,Cc1cccc(C(=O)O)c1,136.15,1.69322,37.3,1,1,1,1,0.125,0,0,1,0,1,0,2,1,0,
50-79-3,O=C(O)C1=CC(Cl)=CC=C1Cl,O=C(O)c1cc(Cl)ccc1Cl,2.466,152.56111096666666,0.53214,-0.69701,0.022869999999999946,2.584878509717623,-8.4717205076165,-0.6413723456285,7.830348161988,O=C(O)c1cc(Cl)ccc1Cl,191.013,2.6916,37.3,1,1,1,1,0.0,0,0,1,0,1,0,2,1,0,
85-52-9,O=C(O)C=1C=CC=CC1C(=O)C=2C=CC=CC2,O=C(O)c1ccccc1C(=O)c1ccccc1,3.536,246.45680733333333,0.53196,-0.6954,0.006089999999999929,7.512983613052806,-8.754446798286,-1.022059622478,7.732387175808,O=C(O)c1ccccc1C(=O)c1ccccc1,226.231,2.6158,54.37,2,1,3,2,0.0,0,0,1,0,1,0,2,1,0,
586-42-5,O=C(O)C1=CC=CC(=C1)C(=O)C,CC(=O)c1cccc(C(=O)O)c1,3.827,162.09260106666667,0.53119,-0.70222,-0.014589999999999992,3.2836843773420124,-8.9871041404635,-0.9143025376799999,8.072801602783501,CC(=O)c1cccc(C(=O)O)c1,164.16,1.5874,54.37,2,1,2,1,0.111111,0,0,1,0,1,0,2,1,0,
3147-55-5,O=C(O)C=1C=C(Br)C=C(Br)C1O,O=C(O)c1cc(Br)cc(Br)c1O,2.162,181.4974318,0.54725,-0.71889,0.00814999999999999,3.1536553727381182,-8.026270134348,-0.839743342643,7.186526791705,O=C(O)c1cc(Br)cc(Br)c1O,295.914,2.6154,57.53,2,2,1,1,0.0,0,0,1,0,1,0,2,1,0,
13041-62-8,O=C(O)C1=CC=C(OC)C=2C=CC=CC12,COc1ccc(C(=O)O)c2ccccc12,4.31,230.03700200000003,0.52782,-0.70402,-0.037390000000000034,3.500548929810866,-7.3887073826265,-0.62586185615,6.7628455264765,COc1ccc(C(=O)O)c2ccccc12,202.209,2.5466,46.53,2,1,2,2,0.083333,0,0,1,0,1,0,2,1,0,
6925-00-4,O=C(O)C1=CC=C2N=CC=NC2=C1,O=C(O)c1ccc2nccnc2c1,3.64,185.81380996666667,0.53163,-0.69947,-0.009649999999999936,2.86102254622364,-8.5636949890855,-1.392134459158,7.1715605299275,O=C(O)c1ccc2nccnc2c1,174.159,1.328,63.08,3,1,1,2,0.0,0,0,1,0,1,0,2,1,0,
51-44-5,O=C(O)C1=CC=C(Cl)C(Cl)=C1,O=C(O)c1ccc(Cl)c(Cl)c1,3.64,153.2081474,0.53215,-0.69801,-0.004649999999999932,4.381138721839335,-8.703833622092999,-0.7978378096659999,7.905995812426999,O=C(O)c1ccc(Cl)c(Cl)c1,191.013,2.6916,37.3,1,1,1,1,0.0,0,0,1,0,1,0,2,1,0,
89-55-4,O=C(O)C1=CC(Br)=CC=C1O,O=C(O)c1cc(Br)ccc1O,2.6514,156.1215516,0.53442,-0.68884,-0.006340000000000012,1.6421463698464884,-7.948173459254501,-0.7115777190575,7.236595740197001,O=C(O)c1cc(Br)ccc1O,217.018,1.8529,57.53,2,2,1,1,0.0,0,0,1,0,1,0,2,1,0,
119-68-6,O=C(O)C=1C=CC=CC1NC,CNc1ccccc1C(=O)O,5.34,163.69569713333334,0.52601,-0.71456,-0.07782999999999995,1.9057081256058075,-7.0531910049599995,-0.349938411743,6.703252593217,CNc1ccccc1C(=O)O,151.165,1.4265,49.33,2,2,2,1,0.125,0,0,1,0,1,0,2,1,0,
610-16-2,O=C(O)C=1C=CC=CC1N(C)C,CN(C)c1ccccc1C(=O)O,8.5,180.27349433333333,0.52508,-0.71286,-0.04215000000000002,2.8178070924035947,-7.015639293591,-0.194833516958,6.820805776633,CN(C)c1ccccc1C(=O)O,165.192,1.4508,40.54,2,1,2,1,0.222222,0,0,1,0,1,0,2,1,0,
1666-28-0,O=C(O)C1=CC=C(Br)C=C1O,O=C(O)c1ccc(Br)cc1O,2.669,158.50907833333332,0.53383,-0.68933,-0.011500000000000066,4.089721885409814,-8.2382468238875,-0.7142988575625,7.523947966325,O=C(O)c1ccc(Br)cc1O,217.018,1.8529,57.53,2,2,1,1,0.0,0,0,1,0,1,0,2,1,0,
573-03-5,O=C(O)C1=CC=C(F)C=2C=CC=CC12,O=C(O)c1ccc(F)c2ccccc12,3.7,200.23187366666664,0.52996,-0.69884,-0.013000000000000012,2.7904873929118548,-7.743815957529,-0.7959330127125,6.9478829448165,O=C(O)c1ccc(F)c2ccccc12,190.173,2.6771,37.3,1,1,1,2,0.0,0,0,1,0,1,0,2,1,0,
89-56-5,O=C(O)C1=CC(=CC=C1O)C,Cc1ccc(O)c(C(=O)O)c1,3.026666666666667,150.24747436666667,0.53191,-0.69314,-0.02573000000000003,4.181681262363261,-7.789803198263501,-0.5249076176145,7.264895580649001,Cc1ccc(O)c(C(=O)O)c1,152.149,1.39882,57.53,2,2,1,1,0.125,0,0,1,0,1,0,2,1,0,
528-90-5,O=C(O)C=1C=C(C(=CC1C)C)C,Cc1cc(C)c(C(=O)O)cc1C,4.38,180.24751266666667,0.52568,-0.7146,-0.040529999999999955,3.972983318615874,-8.020283629637,-0.2827262906695,7.737557338967499,Cc1cc(C)c(C(=O)O)cc1C,164.204,2.31006,37.3,1,1,1,1,0.3,0,0,1,0,1,0,2,1,0,
303-38-8,O=C(O)C=1C=CC=C(O)C1O,O=C(O)c1cccc(O)c1O,2.914,138.5686812666667,0.54323,-0.72511,-0.015959999999999974,2.715078726298742,-7.735108314313001,-0.5088529004350001,7.226255413878,O=C(O)c1cccc(O)c1O,154.121,0.796,77.76,3,3,1,1,0.0,0,0,1,0,1,0,2,1,0,
65-49-6,O=C(O)C1=CC=C(N)C=C1O,Nc1ccc(C(=O)O)c(O)c1,3.356666666666667,156.20896226666665,0.53956,-0.73544,-0.06985999999999992,4.025577208301935,-7.426259093995499,-0.150206845476,7.276052248519499,Nc1ccc(C(=O)O)c(O)c1,153.137,0.6726,83.55,3,3,1,1,0.0,0,0,1,0,1,0,2,1,0,
1132-21-4,O=C(O)C=1C=C(OC)C=C(OC)C1,COc1cc(OC)cc(C(=O)O)c1,3.97,171.46910666666668,0.53004,-0.70175,-0.014889999999999959,6.58184350847086,-7.6368752142825,-0.4639541151025,7.17292109918,COc1cc(OC)cc(C(=O)O)c1,182.175,1.402,55.76,3,1,3,1,0.222222,0,0,1,0,1,0,2,1,0,
91-52-1,O=C(O)C1=CC=C(OC)C=C1OC,COc1ccc(C(=O)O)c(OC)c1,4.36,176.375706,0.52521,-0.72085,-0.06006,5.837255260822504,-7.7859936043565,-0.22993620367249998,7.556057400684001,COc1ccc(C(=O)O)c(OC)c1,182.175,1.402,55.76,3,1,3,1,0.222222,0,0,1,0,1,0,2,1,0,
1798-82-9,O=C(O)C1=CC=C(C=C1)C2CC2,O=C(O)c1ccc(C2CC2)cc1,4.44,177.32342566666668,0.52801,-0.70726,-0.03883000000000003,4.104312664746681,-8.0994687601325,-0.449532081026,7.649936679106501,O=C(O)c1ccc(C2CC2)cc1,162.188,2.2622,37.3,1,1,2,1,0.3,0,0,1,0,1,0,2,1,0,
1013-04-3,O=C(O)C1=CC=C(Cl)C=2C=CC=CC12,O=C(O)c1ccc(Cl)c2ccccc12,3.36,218.09257000000002,0.5305,-0.6977,-0.005309999999999926,2.854893488380959,-7.756877422353,-0.9167515623345,6.8401258600184995,O=C(O)c1ccc(Cl)c2ccccc12,206.628,3.1914,37.3,1,1,1,2,0.0,0,0,1,0,1,0,2,1,0,
652-32-4,O=C(O)C1=C(F)C(F)=C(C(F)=C1F)C,Cc1c(F)c(F)c(C(=O)O)c(F)c1F,2.0,135.55621846666668,0.53431,-0.68505,0.04247999999999996,3.3498493652700265,-8.704377849794,-0.6865432448115,8.0178346049825,Cc1c(F)c(F)c(C(=O)O)c(F)c1F,208.11,2.24962,37.3,1,1,1,1,0.125,0,0,1,0,1,0,2,1,0,
56961-31-0,O=C(O)C=1C(Cl)=CC=CC1O,O=C(O)c1c(O)cccc1Cl,2.63,146.83639843333333,0.54162,-0.7211,0.017420000000000102,3.2362759369373926,-8.132666649893501,-0.563819898236,7.568846751657501,O=C(O)c1c(O)cccc1Cl,172.567,1.7438,57.53,2,2,1,1,0.0,0,0,1,0,1,0,2,1,0,
7498-54-6,O=C(O)C1=CC=CC(=C1)C(C)(C)C,CC(C)(C)c1cccc(C(=O)O)c1,4.204,193.831363,0.5286,-0.70556,-0.029320000000000013,3.2077293604666837,-8.4249169253305,-0.4563349272885,7.968581998042,CC(C)(C)c1cccc(C(=O)O)c1,178.231,2.6823,37.3,1,1,1,1,0.363636,0,0,1,0,1,0,2,1,0,
15785-54-3,O=C(O)C1=CC(OC)=C(O)C(=C1)N(=O)=O,COc1cc(C(=O)O)cc([N+](=O)[O-])c1O,4.12,186.50714946666668,0.53162,-0.70096,-0.012830000000000119,7.9006410094371455,-8.087495750710499,-1.695813516316,6.391682234394499,COc1cc(C(=O)O)cc([N+](=O)[O-])c1O,213.145,1.0072,109.9,5,2,3,1,0.125,0,0,1,0,1,0,2,1,0,
1,C=C(C)c1ccc(C(=O)O)cc1,C=C(C)c1ccc(C(=O)O)cc1,4.04,185.520431,0.52892,-0.70488,-0.03073999999999999,3.23259076438698,-7.989806878381,-0.7404217872105,7.2493850911705,C=C(C)c1ccc(C(=O)O)cc1,162.188,2.4179,37.3,1,1,2,1,0.1,0,0,1,0,1,0,2,1,0,
2,C=CCc1ccc(C(=O)O)cc1,C=CCc1ccc(C(=O)O)cc1,4.34,177.97852066666667,0.52883,-0.70614,-0.03212999999999999,3.6253008826854636,-8.4793396954305,-0.48626745084350004,7.993072244587,C=CCc1ccc(C(=O)O)cc1,162.188,2.1133,37.3,1,1,3,1,0.1,0,0,1,0,1,0,2,1,0,
4,CC(=O)Nc1cccc(C(=O)O)c1,CC(=O)Nc1cccc(C(=O)O)c1,4.03,175.88527946666667,0.52985,-0.70274,-0.020320000000000005,7.682597144846266,-7.9764732997065,-0.5630035566845,7.4134697430220005,CC(=O)Nc1cccc(C(=O)O)c1,179.175,1.3432,66.4,2,2,2,1,0.111111,0,0,1,0,1,0,2,1,0,
5,CC(C)c1cccc(C(=O)O)c1O,CC(C)c1cccc(C(=O)O)c1O,2.76,184.75550166666667,0.54295,-0.72624,-0.02472999999999992,2.006120941020257,-7.8725258088155,-0.4389196408565,7.433606167959001,CC(C)c1cccc(C(=O)O)c1O,180.203,2.2138,57.53,2,2,2,1,0.3,0,0,1,0,1,0,2,1,0,
6,CC=Cc1ccc(C(=O)O)cc1,CC=Cc1ccc(C(=O)O)cc1,4.49,192.8530453333333,0.52834,-0.70639,-0.03678999999999999,4.045913376482497,-7.700277741449001,-0.771170652317,6.929107089132001,CC=Cc1ccc(C(=O)O)cc1,162.188,2.4179,37.3,1,1,2,1,0.1,0,0,1,0,1,0,2,1,0,
7,CC=Cc1cccc(C(=O)O)c1,CC=Cc1cccc(C(=O)O)c1,4.25,182.57240666666667,0.52926,-0.70421,-0.024990000000000068,3.493070102359814,-7.827627023483001,-0.5216422514085,7.305984772074501,CC=Cc1cccc(C(=O)O)c1,162.188,2.4179,37.3,1,1,2,1,0.1,0,0,1,0,1,0,2,1,0,
8,CCCC(=O)c1ccccc1C(=O)O,CCCC(=O)c1ccccc1C(=O)O,4.45,193.10685366666667,0.53006,-0.69751,0.004530000000000034,6.088820041682952,-8.826012740967501,-0.6881759279145,8.137836813053001,CCCC(=O)c1ccccc1C(=O)O,192.214,2.3676,54.37,2,1,4,1,0.272727,0,0,1,0,1,0,2,1,0,
9,CCOC(=O)CNc1ccc(C(=O)O)cc1,CCOC(=O)CNc1ccc(C(=O)O)cc1,4.88,222.22465933333334,0.52565,-0.71458,-0.07116000000000011,7.455313694942689,-7.253466798928001,-0.19428928925699998,7.0591775096710005,CCOC(=O)CNc1ccc(C(=O)O)cc1,223.228,1.3598,75.63,4,2,5,1,0.272727,0,0,1,0,1,0,2,1,0,
10,CCOC(=O)CNc1cccc(C(=O)O)c1,CCOC(=O)CNc1cccc(C(=O)O)c1,4.3,213.12184566666667,0.52912,-0.70488,-0.024869999999999837,4.947061772405919,-7.280133956277,-0.4421850070625,6.8379489492145,CCOC(=O)CNc1cccc(C(=O)O)c1,223.228,1.3598,75.63,4,2,5,1,0.272727,0,0,1,0,1,0,2,1,0,
11,CCOP(=O)(OCC)c1ccc(C(=O)O)cc1,CCOP(=O)(OCC)c1ccc(C(=O)O)cc1,3.63,229.51031166666667,0.53149,-0.69951,-0.007469999999999977,6.37964873719549,-8.994995442128001,-0.9436908335340001,8.051304608594002,CCOP(=O)(OCC)c1ccc(C(=O)O)cc1,258.21,2.2762,72.83,4,1,6,1,0.363636,0,0,1,0,1,0,2,1,0,
12,CCOP(=O)(OCC)c1cccc(C(=O)O)c1,CCOP(=O)(OCC)c1cccc(C(=O)O)c1,3.73,227.8787166666667,0.53128,-0.70101,-0.011890000000000067,3.8140517891082704,-9.074996914175001,-0.731986257845,8.343010656330001,CCOP(=O)(OCC)c1cccc(C(=O)O)c1,258.21,2.2762,72.83,4,1,6,1,0.363636,0,0,1,0,1,0,2,1,0,
13,CCOc1ccc(C(=O)O)c(C(=O)O)c1,CCOc1ccc(C(=O)O)c(C(=O)O)c1,2.74,192.67620333333332,0.53023,-0.70158,0.0032500000000000306,7.429466818688943,-8.1533473025315,-0.471301189066,7.682046113465501,CCOc1ccc(C(=O)O)c(C(=O)O)c1,210.185,1.4817,83.83,3,2,4,1,0.2,0,0,2,0,2,0,4,2,0,
14,CCOc1ccc(C(=O)O)c(O)c1,CCOc1ccc(C(=O)O)c(O)c1,3.2,175.97345099999998,0.54148,-0.73021,-0.04539000000000015,3.8841454928980195,-7.877423858124501,-0.257963930274,7.6194599278505,CCOc1ccc(C(=O)O)c(O)c1,182.175,1.4891,66.76,3,2,3,1,0.222222,0,0,1,0,1,0,2,1,0,
17,COP(=O)(OC)c1ccc(C(=O)O)cc1,COP(=O)(OC)c1ccc(C(=O)O)cc1,3.61,196.17617366666664,0.53169,-0.69903,-0.006800000000000028,2.0109421672440013,-9.0088732485035,-0.9627388030690001,8.0461344454345,COP(=O)(OC)c1ccc(C(=O)O)cc1,230.156,1.496,72.83,4,1,4,1,0.222222,0,0,1,0,1,0,2,1,0,
18,COP(=O)(OC)c1cccc(C(=O)O)c1,COP(=O)(OC)c1cccc(C(=O)O)c1,3.74,195.0836436666667,0.53116,-0.70098,-0.011110000000000064,7.4716870745501645,-9.0681940679125,-0.7300814608915001,8.338112607021001,COP(=O)(OC)c1cccc(C(=O)O)c1,230.156,1.496,72.83,4,1,4,1,0.222222,0,0,1,0,1,0,2,1,0,
20,COc1ccc(C(=O)O)c(C(=O)O)c1,COc1ccc(C(=O)O)c(C(=O)O)c1,2.67,175.33794433333333,0.53291,-0.70152,0.007319999999999938,6.33912311680409,-8.1631434011495,-0.5140230635945,7.649120337554999,COc1ccc(C(=O)O)c(C(=O)O)c1,196.158,1.0916,83.83,3,2,3,1,0.111111,0,0,2,0,2,0,4,2,0,
21,COc1ccc(C=O)c(C(=O)O)c1OC,COc1ccc(C=O)c(C(=O)O)c1OC,3.065,197.360995,0.53206,-0.68639,0.03924000000000005,8.194929733682894,-8.0608285933615,-0.913758309979,7.147070283382499,COc1ccc(C=O)c(C(=O)O)c1OC,210.185,1.2145,72.83,4,1,4,1,0.2,0,0,1,0,1,0,2,1,0,
24,C[Si](C)(C)c1ccc(C(=O)O)cc1,C[Si](C)(C)c1ccc(C(=O)O)cc1,4.234,210.45125599999997,0.52905,-0.70456,-0.027569999999999983,3.6051123214124687,-8.622199466943,-0.579058273864,8.043141193079,C[Si](C)(C)c1ccc(C(=O)O)cc1,194.306,1.93,37.3,1,1,2,1,0.3,0,0,1,0,1,0,2,1,0,
26,Cc1cc(C(=O)O)c2ccccc2c1,Cc1cc(C(=O)O)c2ccccc2c1,3.72,222.44961233333333,0.52759,-0.70603,-0.018940000000000068,3.675904054787067,-7.588711062744,-0.711305605207,6.877405457537,Cc1cc(C(=O)O)c2ccccc2c1,186.21,2.84642,37.3,1,1,1,2,0.083333,0,0,1,0,1,0,2,1,0,
28,Cc1cc(C)c(C)c(C(=O)O)c1,Cc1cc(C)c(C)c(C(=O)O)c1,4.01,177.42099933333336,0.52706,-0.6999,-0.013990000000000058,3.694517390674999,-7.956064760918999,-0.0927908230205,7.8632739378985,Cc1cc(C)c(C)c(C(=O)O)c1,164.204,2.31006,37.3,1,1,1,1,0.3,0,0,1,0,1,0,2,1,0,
29,Cc1cc(C)c(C)c(C(=O)O)c1C,Cc1cc(C)c(C)c(C(=O)O)c1C,3.416,192.00723933333333,0.52657,-0.70073,0.010040000000000049,2.709430355259201,-7.715788230927501,0.8264097639685001,8.542197994896002,Cc1cc(C)c(C)c(C(=O)O)c1C,178.231,2.61848,37.3,1,1,1,1,0.363636,0,0,1,0,1,0,2,1,0,
30,Cc1cc([N+](=O)[O-])c(C)c(C(=O)O)c1O,Cc1cc([N+](=O)[O-])c(C)c(C(=O)O)c1O,2.78,200.700636,0.53485,-0.67669,0.011120000000000019,4.764947796146354,-8.2050489341265,-1.5115924395275,6.693456494599,Cc1cc([N+](=O)[O-])c(C)c(C(=O)O)c1O,211.173,1.61544,100.67,4,2,2,1,0.222222,0,0,1,0,1,0,2,1,0,
31,Cc1cc2ccccc2c(C(=O)O)c1C,Cc1cc2ccccc2c(C(=O)O)c1C,2.831,237.516566,0.52779,-0.69815,0.013610000000000011,2.7864687419743293,-7.4719742208795,-0.23837173303800002,7.2336024878415,Cc1cc2ccccc2c(C(=O)O)c1C,200.237,3.15484,37.3,1,1,1,2,0.153846,0,0,1,0,1,0,2,1,0,
32,Cc1ccc(C(=O)O)c(C)c1C,Cc1ccc(C(=O)O)c(C)c1C,4.06,178.96431499999997,0.52595,-0.70937,-0.026229999999999865,3.311048820238083,-8.124775348229,-0.11047822330300001,8.014297124926001,Cc1ccc(C(=O)O)c(C)c1C,164.204,2.31006,37.3,1,1,1,1,0.3,0,0,1,0,1,0,2,1,0,
33,Cc1ccc(C(=O)c2ccccc2C(=O)O)cc1,Cc1ccc(C(=O)c2ccccc2C(=O)O)cc1,3.644,266.53588233333335,0.53142,-0.6977,0.00768000000000002,7.059834838011439,-8.401243020337,-0.7768850431775,7.624357977159501,Cc1ccc(C(=O)c2ccccc2C(=O)O)cc1,240.258,2.92422,54.37,2,1,3,2,0.066667,0,0,1,0,1,0,2,1,0,
34,Cc1ccc(C)c(C(=O)O)c1C,Cc1ccc(C)c(C(=O)O)c1C,3.34,175.07269033333333,0.52691,-0.7009,0.008009999999999962,2.876159734785257,-7.930758172822499,0.2865358845765,8.217294057399,Cc1ccc(C)c(C(=O)O)c1C,164.204,2.31006,37.3,1,1,1,1,0.3,0,0,1,0,1,0,2,1,0,
35,Cc1ccc(C)c(C(=O)O)c1O,Cc1ccc(C)c(C(=O)O)c1O,3.23,164.534575,0.52723,-0.69778,0.010200000000000098,4.120540577400009,-7.770483114878,0.108301312499,7.878784427377,Cc1ccc(C)c(C(=O)O)c1O,166.176,1.70724,57.53,2,2,1,1,0.222222,0,0,1,0,1,0,2,1,0,
36,Cc1ccc2ccccc2c1C(=O)O,Cc1ccc2ccccc2c1C(=O)O,3.034,219.19517166666665,0.52817,-0.69879,0.010769999999999946,2.440794020395822,-7.5647650439000005,-0.43647061620199995,7.128294427698001,Cc1ccc2ccccc2c1C(=O)O,186.21,2.84642,37.3,1,1,1,2,0.083333,0,0,1,0,1,0,2,1,0,
38,N#Cc1ccc(O)c(C(=O)O)c1,N#Cc1ccc(O)c(C(=O)O)c1,2.38,155.9141476,0.53566,-0.68648,0.0023800000000000487,3.8590000064783623,-8.314166588176999,-0.75103422738,7.563132360796999,N#Cc1ccc(O)c(C(=O)O)c1,163.132,0.96208,81.32,3,2,1,1,0.0,0,0,1,0,1,0,2,1,0,
39,NS(=O)(=O)c1cccc(C(=O)O)c1,NS(=O)(=O)c1cccc(C(=O)O)c1,3.54,167.25064433333333,0.53233,-0.69835,-0.0026200000000000667,8.109879324009698,-9.2347277444185,-0.8530769213175001,8.381650823101,NS(=O)(=O)c1cccc(C(=O)O)c1,201.203,0.0322,97.46,3,2,2,1,0.0,0,0,1,0,1,0,2,1,0,
41,Nc1cc(C(=O)O)cc2ccccc12,Nc1cc(C(=O)O)cc2ccccc12,4.46,224.85442066666667,0.52882,-0.70427,-0.029019999999999935,4.918650959358674,-6.973189532913,-0.699876823486,6.273312709427,Nc1cc(C(=O)O)cc2ccccc12,187.198,2.1202,63.32,2,2,1,2,0.0,0,0,1,0,1,0,2,1,0,
42,Nc1ccc(Oc2ccccc2)cc1C(=O)O,Nc1ccc(Oc2ccccc2)cc1C(=O)O,4.88,248.12843999999998,0.53312,-0.71687,-0.054359999999999964,6.650446884232668,-7.2798618424265,-0.45606281343800004,6.8237990289885,Nc1ccc(Oc2ccccc2)cc1C(=O)O,229.235,2.7593,72.55,3,2,3,2,0.0,0,0,1,0,1,0,2,1,0,
43,Nc1ccccc1C(=O)O,Nc1ccccc1C(=O)O,4.911714285714285,143.5889119,0.52655,-0.71296,-0.06906000000000012,2.0141826977709845,-7.310066479832,-0.3289856452545,6.9810808345775,Nc1ccccc1C(=O)O,137.138,0.967,63.32,2,2,1,1,0.0,0,0,1,0,1,0,2,1,0,
45,O=C(O)COc1ccccc1C(=O)O,O=C(O)COc1ccccc1C(=O)O,2.51,170.87773066666668,0.53272,-0.71014,-0.012095000000000022,4.129696106252856,-8.105183150993,-0.44762728407249996,7.6575558669205,O=C(O)COc1ccccc1C(=O)O,196.158,0.8482,83.83,3,2,4,1,0.111111,0,0,2,0,2,0,4,2,0,
46,O=C(O)CSc1ccccc1C(=O)O,O=C(O)CSc1ccccc1C(=O)O,2.93,190.52449533333333,0.53066,-0.705,-0.002929999999999988,2.9319828597725466,-8.398521881832,-0.283542632221,8.114979249611,O=C(O)CSc1ccccc1C(=O)O,212.226,1.5615,74.6,3,2,4,1,0.111111,0,0,2,0,2,0,4,2,0,
47,O=C(O)c1c(F)c(F)c(-c2c(F)c(F)c(F)c(F)c2F)c(F)c1F,O=C(O)c1c(F)c(F)c(-c2c(F)c(F)c(F)c(F)c2F)c(F)c1F,1.42,213.8328523333333,0.53638,-0.6805,0.05889999999999995,2.4177866469149008,-8.902476732958,-1.1714501264025,7.7310266065555,O=C(O)c1c(F)c(F)c(-c2c(F)c(F)c(F)c(F)c2F)c(F)c1F,360.131,4.3037,37.3,1,1,2,2,0.0,0,0,1,0,1,0,2,1,0,
49,O=C(O)c1c(F)c(F)c(C(F)(F)F)c(F)c1F,O=C(O)c1c(F)c(F)c(C(F)(F)F)c(F)c1F,1.44,132.89122196666668,0.53813,-0.67791,0.07064000000000004,3.516856730092939,-9.029826014992,-1.1747154926085,7.855110522383501,O=C(O)c1c(F)c(F)c(C(F)(F)F)c(F)c1F,262.08,2.96,37.3,1,1,1,1,0.125,0,0,1,0,1,0,2,1,0,
51,O=C(O)c1c(F)c(F)c(S)c(F)c1F,O=C(O)c1c(F)c(F)c(S)c(F)c1F,1.67,148.86377193333334,0.53487,-0.68453,0.043969999999999954,1.7808240592489761,-8.400154564934999,-0.8514442382145,7.548710326720499,O=C(O)c1c(F)c(F)c(S)c(F)c1F,226.15,2.2299,37.3,2,2,1,1,0.0,0,0,1,0,1,0,2,1,0,
52,O=C(O)c1c(O)cccc1[N+](=O)[O-],O=C(O)c1c(O)cccc1[N+](=O)[O-],2.24,156.726665,0.54032,-0.686,0.01908999999999994,3.3002215592290165,-8.451311968829001,-1.5877843176675,6.863527651161501,O=C(O)c1c(O)cccc1[N+](=O)[O-],183.119,0.9986,100.67,4,2,2,1,0.0,0,0,1,0,1,0,2,1,0,
53,O=C(O)c1cc(C(=O)O)c(C(=O)O)cc1C(=O)O,O=C(O)c1cc(C(=O)O)c(C(=O)O)cc1C(=O)O,1.87,200.23039133333336,0.53557,-0.69068,0.03369749999999999,4.368271660508307,-9.3103753948575,-1.3836989297925,7.926676465065,O=C(O)c1cc(C(=O)O)c(C(=O)O)cc1C(=O)O,254.15,0.4794,149.2,4,4,4,1,0.0,0,0,4,0,4,0,8,4,0,
54,O=C(O)c1cc(C(=O)O)c(C(=O)O)cc1O,O=C(O)c1cc(C(=O)O)c(C(=O)O)cc1O,1.86,185.74358100000003,0.53492,-0.70514,0.010426666666666695,4.189590631553398,-8.5158029513975,-0.9309014825605,7.584901468837,O=C(O)c1cc(C(=O)O)c(C(=O)O)cc1O,226.14,0.4868,132.13,4,4,3,1,0.0,0,0,3,0,3,0,6,3,0,
55,O=C(O)c1cc(C(=O)O)c(O)c(C(=O)O)c1,O=C(O)c1cc(C(=O)O)c(O)c(C(=O)O)c1,2.77,188.25285563333333,0.53663,-0.70596,-0.0022933333333333694,3.533105820662608,-8.5451912472515,-1.027501899488,7.5176893477635005,O=C(O)c1cc(C(=O)O)c(O)c(C(=O)O)c1,226.14,0.4868,132.13,4,4,3,1,0.0,0,0,3,0,3,0,6,3,0,
59,O=C(O)c1cc(O)cc2ccccc12,O=C(O)c1cc(O)cc2ccccc12,3.69,211.564899,0.52877,-0.70369,-0.009740000000000082,2.865277684623255,-7.448844543587,-0.7953887850115,6.653455758575499,O=C(O)c1cc(O)cc2ccccc12,188.182,2.2436,57.53,2,2,1,2,0.0,0,0,1,0,1,0,2,1,0,
60,O=C(O)c1cc([N+](=O)[O-])cc2ccccc12,O=C(O)c1cc([N+](=O)[O-])cc2ccccc12,2.83,236.62544999999997,0.53221,-0.69302,0.010050000000000003,9.192358895299945,-8.0249095650955,-1.916769962922,6.1081396021735,O=C(O)c1cc([N+](=O)[O-])cc2ccccc12,217.18,2.4462,80.44,3,1,2,2,0.0,0,0,1,0,1,0,2,1,0,
61,O=C(O)c1ccc(Br)cc1C(=O)O,O=C(O)c1ccc(Br)cc1C(=O)O,2.5,174.08100233333334,0.53363,-0.69407,0.02119500000000002,1.373545867454014,-8.694581751176,-0.850083668962,7.844498082214001,O=C(O)c1ccc(Br)cc1C(=O)O,245.028,1.8455,74.6,2,2,2,1,0.0,0,0,2,0,2,0,4,2,0,
62,O=C(O)c1ccc(C(=O)O)c(C(=O)O)c1,O=C(O)c1ccc(C(=O)O)c(C(=O)O)c1,2.53,174.98687166666664,0.53529,-0.69761,0.016083333333333377,1.9379683253345499,-9.2075163593685,-1.1518579291665,8.055658430202,O=C(O)c1ccc(C(=O)O)c(C(=O)O)c1,210.141,0.7812,111.9,3,3,3,1,0.0,0,0,3,0,3,0,6,3,0,
63,O=C(O)c1ccc(C=C[N+](=O)[O-])cc1,O=C(O)c1ccc(C=C[N+](=O)[O-])cc1,3.94,210.5075977,0.53099,-0.70008,-0.012530000000000041,6.196889965942594,-8.5462797026535,-2.1271139693585,6.419165733294999,O=C(O)c1ccc(C=C[N+](=O)[O-])cc1,193.158,1.6322,80.44,3,1,3,1,0.0,0,0,1,0,1,0,2,1,0,
66,O=C(O)c1ccc([N+](=O)[O-])c2ccccc12,O=C(O)c1ccc([N+](=O)[O-])c2ccccc12,2.8,229.062561,0.53282,-0.69182,0.01906999999999992,5.724973258452828,-8.0545699748,-1.8462924756424999,6.2082774991575,O=C(O)c1ccc([N+](=O)[O-])c2ccccc12,217.18,2.4462,80.44,3,1,2,2,0.0,0,0,1,0,1,0,2,1,0,
67,O=C(O)c1cccc(Br)c1C(=O)O,O=C(O)c1cccc(Br)c1C(=O)O,2.27,172.63142133333335,0.534,-0.69299,0.029895000000000005,5.950509417688539,-8.700840369737499,-0.85443749057,7.846402879167499,O=C(O)c1cccc(Br)c1C(=O)O,245.028,1.8455,74.6,2,2,2,1,0.0,0,0,2,0,2,0,4,2,0,
68,O=C(O)c1cccc(C(=O)O)c1C(=O)O,O=C(O)c1cccc(C(=O)O)c1C(=O)O,2.84,173.87733933333334,0.53638,-0.69374,0.02434333333333331,2.486534369358284,-9.1846587959265,-0.7719869938685,8.412671802058,O=C(O)c1cccc(C(=O)O)c1C(=O)O,210.141,0.7812,111.9,3,3,3,1,0.0,0,0,3,0,3,0,6,3,0,
69,O=C(O)c1cccc(C=C[N+](=O)[O-])c1,O=C(O)c1cccc(C=C[N+](=O)[O-])c1,3.87,206.80062226666666,0.53122,-0.70157,-0.011830000000000007,5.0940394766825285,-8.4787954677295,-1.9771792377330002,6.5016162299964995,O=C(O)c1cccc(C=C[N+](=O)[O-])c1,193.158,1.6322,80.44,3,1,3,1,0.0,0,0,1,0,1,0,2,1,0,
71,O=C(O)c1ccccc1C(=O)O,O=C(O)c1ccccc1C(=O)O,2.813333333333333,148.26948556666667,0.53082,-0.69558,0.010419999999999985,4.678400001068741,-8.980845521902,-0.7213738176755,8.259471704226499,O=C(O)c1ccccc1C(=O)O,166.132,1.083,74.6,2,2,2,1,0.0,0,0,2,0,2,0,4,2,0,
72,O=C(O)c1ccccc1P(O)O,O=C(O)c1ccccc1P(O)O,1.32,167.74156833333333,0.52865,-0.70012,0.01094000000000006,3.652449628673885,-8.442604325612999,-0.2898012507825,8.1528030748305,O=C(O)c1ccccc1P(O)O,186.103,0.3066,77.76,3,3,2,1,0.0,0,0,1,0,1,0,2,1,0,
